team,year,win,loss,off_yards_play,points_per_game,yards_play_allowed,avg_points_per_game_allowed,x3rd_percent,opponent_3rd_percent,x4th_percent,opponent_4th_percent,avg_turnover_margin_per_game,avg_yard_per_kickoff_return,avg_yards_per_punt_return,avg_yards_allowed_per_punt_return,winning_percentage,avg_winning_percentage_last_3_years,change_in_winning_percentage_last_3_years,avg_ppg_last_2,avg_def_ppg_last_2,avg_turnover_margin_last_2,avg_ppg_last_3,avg_def_ppg_last_3,avg_turnover_margin_last_3,avg_ppg_last_5,avg_def_ppg_last_5,avg_turnover_margin_last_5,winning_percentage_lag1,winning_percentage_lag2,points_per_game_lag1,points_per_game_lag2,avg_points_per_game_allowed_lag1,avg_points_per_game_allowed_lag2,off_yards_play_lag1,off_yards_play_lag2,yards_play_allowed_lag1,yards_play_allowed_lag2,avg_turnover_margin_per_game_lag1,avg_turnover_margin_per_game_lag2,career_avg_win_pct,win_pct_above_history,team_id
Air Force,2017,5,7,5.52,31.4,6.81,32.4,0.488,0.423,0.64,0.556,-0.83,0.0,13.56,13.56,0.4166666666666667,0.4166666666666667,0.08333333333333331,31.4,32.4,-0.83,31.4,32.4,-0.83,31.4,32.4,-0.83,0.0,0.0,0.0,0.0,0.0,0.0,0.0,0.0,0.0,0.0,0.0,0.0,0.4166666666666667,0.0,0
Air Force,2018,5,7,5.64,30.3,5.92,25.8,0.414,0.418,0.6,0.444,-0.08,0.0,15.27,15.27,0.4166666666666667,0.4166666666666667,0.08333333333333331,30.85,29.1,-0.45499999999999996,30.85,29.1,-0.45499999999999996,30.85,29.1,-0.45499999999999996,0.4166666666666667,0.0,31.4,0.0,32.4,0.0,5.52,0.0,6.81,0.0,-0.83,0.0,0.4166666666666667,0.0,0
Air Force,2019,11,2,6.22,34.1,5.53,19.8,0.535,0.405,0.762,0.464,-0.15,0.0,5.43,5.43,0.8461538461538461,0.5598290598290598,0.08333333333333331,32.2,22.8,-0.11499999999999999,31.933333333333334,26.0,-0.35333333333333333,31.933333333333334,26.0,-0.35333333333333333,0.4166666666666667,0.4166666666666667,30.3,31.4,25.8,32.4,5.64,5.52,5.92,6.81,-0.08,-0.83,0.5598290598290598,0.2863247863247863,0
Air Force,2020,3,3,6.26,24.3,5.06,15.0,0.485,0.466,0.727,0.3,0.0,1.0,3.75,3.75,0.5,0.5876068376068376,0.08333333333333331,29.200000000000003,17.4,-0.07499999999999998,29.566666666666666,20.2,-0.07666666666666666,30.025,23.25,-0.265,0.8461538461538461,0.4166666666666667,34.1,30.3,19.8,25.8,6.22,5.64,5.53,5.92,-0.15,-0.08,0.5448717948717949,-0.044871794871794934,0
Air Force,2021,10,3,5.81,31.0,5.23,19.8,0.449,0.401,0.78,0.4,0.46,1.0,2.62,2.62,0.7692307692307693,0.7051282051282052,0.3525641025641026,27.65,17.4,0.23,29.799999999999997,18.2,0.10333333333333335,30.22,22.56,-0.11999999999999997,0.5,0.8461538461538461,24.3,34.1,15.0,19.8,6.26,6.22,5.06,5.53,0.0,-0.15,0.5897435897435898,0.17948717948717952,0
Air Force,2022,10,3,5.81,27.8,5.03,13.4,0.449,0.279,0.724,0.409,0.23,10.8,2.75,3.11,0.7692307692307693,0.6794871794871794,-0.07692307692307687,29.4,16.6,0.34500000000000003,27.7,16.066666666666666,0.23,29.5,18.76,0.09200000000000001,0.7692307692307693,0.5,31.0,24.3,19.8,15.0,5.81,6.26,5.23,5.06,0.46,0.0,0.6196581196581197,0.1495726495726496,0
Air Force,2023,9,4,5.77,27.8,4.89,18.2,0.462,0.354,0.654,0.545,-0.23,16.79,2.38,2.38,0.6923076923076923,0.7435897435897436,0.1923076923076923,27.8,15.799999999999999,0.0,28.86666666666667,17.133333333333333,0.15333333333333335,29.0,17.24,0.062,0.7692307692307693,0.7692307692307693,27.8,31.0,13.4,19.8,5.81,5.81,5.03,5.23,0.23,0.46,0.6300366300366301,0.06227106227106216,0
Akron,2013,5,7,4.9,20.2,5.51,28.6,0.393,0.429,0.389,0.412,-0.17,18.36,7.27,7.27,0.4166666666666667,0.4166666666666667,0.0,20.2,28.6,-0.17,20.2,28.6,-0.17,20.2,28.6,-0.17,0.0,0.0,0.0,0.0,0.0,0.0,0.0,0.0,0.0,0.0,0.0,0.0,0.4166666666666667,0.0,1
Akron,2014,5,7,5.03,22.6,5.18,23.1,0.343,0.368,0.333,0.412,-0.17,19.26,7.24,7.24,0.4166666666666667,0.4166666666666667,0.0,21.4,25.85,-0.17,21.4,25.85,-0.17,21.4,25.85,-0.17,0.4166666666666667,0.0,20.2,0.0,28.6,0.0,4.9,0.0,5.51,0.0,-0.17,0.0,0.4166666666666667,0.0,1
Akron,2015,8,5,5.13,23.9,4.85,21.5,0.367,0.369,0.467,0.391,0.77,18.05,5.35,5.35,0.6153846153846154,0.48290598290598297,0.0,23.25,22.3,0.3,22.233333333333334,24.400000000000002,0.14333333333333334,22.233333333333334,24.400000000000002,0.14333333333333334,0.4166666666666667,0.4166666666666667,22.6,20.2,23.1,28.6,5.03,4.9,5.18,5.51,-0.17,-0.17,0.48290598290598297,0.13247863247863245,1
Akron,2016,5,7,5.99,27.4,6.05,33.6,0.373,0.444,0.476,0.591,-0.67,0.0,7.48,7.48,0.4166666666666667,0.4829059829059829,0.0,25.65,27.55,0.04999999999999999,24.63333333333333,26.066666666666666,-0.023333333333333355,23.525,26.700000000000003,-0.06000000000000001,0.6153846153846154,0.4166666666666667,23.9,22.6,21.5,23.1,5.13,5.03,4.85,5.18,0.77,-0.17,0.46634615384615385,-0.04967948717948717,1
Akron,2017,7,7,4.88,22.1,6.02,28.0,0.394,0.342,0.467,0.607,0.71,0.0,14.35,14.35,0.5,0.5106837606837606,0.08333333333333331,24.75,30.8,0.019999999999999962,24.46666666666667,27.7,0.26999999999999996,23.240000000000002,26.96,0.09399999999999999,0.4166666666666667,0.6153846153846154,27.4,23.9,33.6,21.5,5.99,5.13,6.05,4.85,-0.67,0.77,0.47307692307692306,0.02692307692307694,1
Akron,2018,4,8,4.62,18.9,5.19,27.2,0.29,0.37,0.294,0.5,-0.42,0.0,6.09,6.09,0.3333333333333333,0.4166666666666667,-0.2820512820512821,20.5,27.6,0.145,22.799999999999997,29.599999999999998,-0.12666666666666668,22.979999999999997,26.68,0.043999999999999984,0.5,0.4166666666666667,22.1,27.4,28.0,33.6,4.88,5.99,6.02,6.05,0.71,-0.67,0.4497863247863248,-0.11645299145299148,1
Akron,2019,0,12,4.02,10.5,5.7,36.3,0.264,0.53,0.318,0.533,-1.25,0.0,5.61,5.61,0.0,0.27777777777777773,-0.4166666666666667,14.7,31.75,-0.835,17.166666666666668,30.5,-0.32,20.56,29.32,-0.17200000000000001,0.3333333333333333,0.5,18.9,22.1,27.2,28.0,4.62,4.88,5.19,6.02,-0.42,0.71,0.38553113553113555,-0.38553113553113555,1
Akron,2020,1,5,4.69,17.2,7.56,41.3,0.333,0.534,0.444,0.571,-0.5,0.0,7.2,7.2,0.16666666666666666,0.16666666666666663,-0.33333333333333337,13.85,38.8,-0.875,15.533333333333331,34.93333333333333,-0.7233333333333333,19.22,33.279999999999994,-0.426,0.0,0.3333333333333333,10.5,18.9,36.3,27.2,4.02,4.62,5.7,5.19,-1.25,-0.42,0.3581730769230769,-0.19150641025641027,1
Akron,2021,2,10,5.22,19.8,7.19,39.5,0.38,0.542,0.452,0.7,-0.42,1.0,8.87,8.87,0.16666666666666666,0.11111111111111109,-0.16666666666666666,18.5,40.4,-0.45999999999999996,15.833333333333334,39.03333333333333,-0.7233333333333333,17.7,34.46,-0.376,0.16666666666666666,0.0,17.2,10.5,41.3,36.3,4.69,4.02,7.56,5.7,-0.5,-1.25,0.3368945868945869,-0.17022792022792024,1
Akron,2022,2,10,5.11,21.8,6.0,33.5,0.345,0.352,0.478,0.68,-1.08,21.56,6.42,7.42,0.16666666666666666,0.16666666666666666,0.16666666666666666,20.8,36.5,-0.75,19.599999999999998,38.099999999999994,-0.6666666666666666,17.639999999999997,35.56,-0.734,0.16666666666666666,0.16666666666666666,19.8,17.2,39.5,41.3,5.22,4.69,7.19,7.56,-0.42,-0.5,0.3198717948717949,-0.15320512820512824,1
Akron,2023,2,10,4.34,16.2,5.18,28.0,0.335,0.367,0.348,0.522,-0.75,17.23,1.79,1.79,0.16666666666666666,0.16666666666666666,0.0,19.0,30.75,-0.915,19.266666666666666,33.666666666666664,-0.75,17.1,35.71999999999999,-0.8,0.16666666666666666,0.16666666666666666,21.8,19.8,33.5,39.5,5.11,5.22,6.0,7.19,-1.08,-0.42,0.30594405594405594,-0.13927738927738928,1
Alabama,2013,11,2,7.15,38.2,4.83,13.9,0.476,0.347,0.583,0.263,0.15,20.59,4.46,4.46,0.8461538461538461,0.8461538461538461,0.0871794871794872,38.2,13.9,0.15,38.2,13.9,0.15,38.2,13.9,0.15,0.0,0.0,0.0,0.0,0.0,0.0,0.0,0.0,0.0,0.0,0.0,0.0,0.8461538461538461,0.0,2
Alabama,2014,12,2,6.66,36.9,4.87,18.4,0.515,0.378,0.769,0.389,-0.14,21.52,6.92,6.92,0.8571428571428571,0.8516483516483516,0.0871794871794872,37.55,16.15,0.0049999999999999906,37.55,16.15,0.0049999999999999906,37.55,16.15,0.0049999999999999906,0.8461538461538461,0.0,38.2,0.0,13.9,0.0,7.15,0.0,4.83,0.0,0.15,0.0,0.8516483516483516,0.005494505494505475,2
Alabama,2015,14,1,5.89,35.1,4.3,15.1,0.374,0.286,0.5,0.35,0.67,19.0,10.33,10.33,0.9333333333333333,0.8788766788766789,0.0871794871794872,36.0,16.75,0.265,36.733333333333334,15.799999999999999,0.22666666666666668,36.733333333333334,15.799999999999999,0.22666666666666668,0.8571428571428571,0.8461538461538461,36.9,38.2,18.4,13.9,6.66,7.15,4.87,4.83,-0.14,0.15,0.8788766788766789,0.054456654456654485,2
Alabama,2016,14,1,6.47,38.8,3.99,13.0,0.438,0.307,0.588,0.174,0.67,0.0,10.65,10.65,0.9333333333333333,0.9079365079365079,0.0871794871794872,36.95,14.05,0.67,36.93333333333333,15.5,0.4000000000000001,37.25,15.1,0.3375,0.9333333333333333,0.8571428571428571,35.1,36.9,15.1,18.4,5.89,6.66,4.3,4.87,0.67,-0.14,0.8924908424908424,0.04084249084249092,2
Alabama,2017,13,1,6.59,37.1,3.99,11.9,0.404,0.346,0.833,0.368,1.0,0.0,6.5,6.5,0.9285714285714286,0.9317460317460317,0.07142857142857151,37.95,12.45,0.835,37.0,13.333333333333334,0.7800000000000001,37.22,14.459999999999999,0.47000000000000003,0.9333333333333333,0.9333333333333333,38.8,35.1,13.0,15.1,6.47,5.89,3.99,4.3,0.67,0.67,0.8997069597069597,0.028864468864468917,2
Alabama,2018,14,1,7.76,45.6,4.89,18.1,0.521,0.342,0.467,0.458,0.4,0.0,2.67,2.67,0.9333333333333333,0.9317460317460317,0.0,41.35,15.0,0.7,40.5,14.333333333333334,0.6900000000000001,38.7,15.3,0.52,0.9285714285714286,0.9333333333333333,37.1,38.8,11.9,13.0,6.59,6.47,3.99,3.99,1.0,0.67,0.9053113553113553,0.028021978021978033,2
Alabama,2019,11,2,7.89,47.2,4.81,18.6,0.523,0.357,0.684,0.368,1.38,0.0,9.18,9.18,0.8461538461538461,0.9026862026862027,-0.0871794871794872,46.400000000000006,18.35,0.8899999999999999,43.300000000000004,16.2,0.9266666666666667,40.760000000000005,15.34,0.8240000000000001,0.9333333333333333,0.9285714285714286,45.6,37.1,18.1,11.9,7.76,6.59,4.89,3.99,0.4,1.0,0.8968602825745683,-0.050706436420722145,2
Alabama,2020,11,0,7.83,49.7,5.04,19.5,0.592,0.406,0.429,0.579,0.91,0.0,4.75,4.75,1.0,0.9264957264957264,0.0714285714285714,48.45,19.05,1.145,47.5,18.733333333333334,0.8966666666666666,43.67999999999999,16.22,0.8719999999999999,0.8461538461538461,0.9333333333333333,47.2,45.6,18.6,18.1,7.89,7.76,4.81,4.89,1.38,0.4,0.9097527472527472,0.09024725274725276,2
Alabama,2021,13,2,6.54,39.9,4.77,20.1,0.52,0.311,0.5,0.548,0.6,1.0,6.08,6.08,0.8666666666666667,0.9042735042735043,-0.06666666666666665,44.8,19.8,0.755,45.6,19.400000000000002,0.9633333333333334,43.9,17.64,0.858,1.0,0.8461538461538461,49.7,47.2,19.5,18.6,7.83,7.89,5.04,4.81,0.91,1.38,0.9049654049654049,-0.0382987382987382,2
Alabama,2022,11,2,6.92,41.1,4.59,18.2,0.457,0.305,0.562,0.385,-0.15,17.71,16.73,6.09,0.8461538461538461,0.9042735042735043,0.0,40.5,19.15,0.22499999999999998,43.56666666666666,19.266666666666666,0.4533333333333334,44.7,18.900000000000002,0.6279999999999999,0.8666666666666667,1.0,39.9,49.7,20.1,19.5,6.54,7.83,4.77,5.04,0.6,0.91,0.8990842490842491,-0.052930402930402964,2
Alabama,2023,12,2,6.21,34.0,5.01,19.0,0.451,0.33,0.714,0.407,0.57,16.28,9.23,9.23,0.8571428571428571,0.8566544566544566,-0.1428571428571429,37.55,18.6,0.20999999999999996,38.333333333333336,19.099999999999998,0.34,42.379999999999995,19.080000000000002,0.6619999999999999,0.8461538461538461,0.8666666666666667,41.1,39.9,18.2,20.1,6.92,6.54,4.59,4.77,-0.15,0.6,0.8952713952713953,-0.038128538128538225,2
App State,2020,9,3,6.42,33.8,4.94,20.0,0.512,0.378,0.55,0.481,0.08,1.0,2.17,2.17,0.75,0.75,-0.1071428571428571,33.8,20.0,0.08,33.8,20.0,0.08,33.8,20.0,0.08,0.0,0.0,0.0,0.0,0.0,0.0,0.0,0.0,0.0,0.0,0.0,0.0,0.75,0.0,3
App State,2021,10,4,6.3,34.5,5.27,22.1,0.36,0.342,0.649,0.375,-0.29,1.0,4.08,4.08,0.7142857142857143,0.7321428571428572,-0.1071428571428571,34.15,21.05,-0.10499999999999998,34.15,21.05,-0.10499999999999998,34.15,21.05,-0.10499999999999998,0.75,0.0,33.8,0.0,20.0,0.0,6.42,0.0,4.94,0.0,0.08,0.0,0.7321428571428572,-0.017857142857142905,3
App State,2022,6,6,6.56,34.9,5.31,26.8,0.381,0.423,0.486,0.5,0.75,25.96,4.94,5.0,0.5,0.6547619047619048,-0.1071428571428571,34.7,24.450000000000003,0.23,34.4,22.96666666666667,0.18000000000000002,34.4,22.96666666666667,0.18000000000000002,0.7142857142857143,0.75,34.5,33.8,22.1,20.0,6.3,6.42,5.27,4.94,-0.29,0.08,0.6547619047619048,-0.15476190476190477,3
App State,2023,9,5,6.2,33.2,5.74,26.6,0.42,0.402,0.621,0.4,0.21,19.31,4.85,4.85,0.6428571428571429,0.6190476190476191,-0.1071428571428571,34.05,26.700000000000003,0.48,34.199999999999996,25.166666666666668,0.22333333333333336,34.1,23.875,0.1875,0.5,0.7142857142857143,34.9,34.5,26.8,22.1,6.56,6.3,5.31,5.27,0.75,-0.29,0.6517857142857143,-0.008928571428571397,3
Appalachian St.,2015,11,2,6.74,36.7,4.69,19.1,0.426,0.34,0.625,0.5,0.15,22.98,6.16,6.16,0.8461538461538461,0.8461538461538461,0.0,36.7,19.1,0.15,36.7,19.1,0.15,36.7,19.1,0.15,0.0,0.0,0.0,0.0,0.0,0.0,0.0,0.0,0.0,0.0,0.0,0.0,0.8461538461538461,0.0,4
Appalachian St.,2016,10,3,6.13,29.2,4.99,17.8,0.337,0.333,0.552,0.217,0.62,0.0,12.5,12.5,0.7692307692307693,0.8076923076923077,0.0,32.95,18.450000000000003,0.385,32.95,18.450000000000003,0.385,32.95,18.450000000000003,0.385,0.8461538461538461,0.0,36.7,0.0,19.1,0.0,6.74,0.0,4.69,0.0,0.15,0.0,0.8076923076923077,-0.038461538461538436,4
Appalachian St.,2017,9,4,6.45,33.5,5.31,20.2,0.403,0.331,0.542,0.5,0.92,1.0,8.19,8.19,0.6923076923076923,0.7692307692307692,0.0,31.35,19.0,0.77,33.13333333333333,19.033333333333335,0.5633333333333334,33.13333333333333,19.033333333333335,0.5633333333333334,0.7692307692307693,0.8461538461538461,29.2,36.7,17.8,19.1,6.13,6.74,4.99,4.69,0.62,0.15,0.7692307692307692,-0.07692307692307687,4
Appalachian St.,2018,11,2,6.52,37.3,4.43,15.5,0.42,0.317,0.591,0.273,0.46,0.0,3.88,3.88,0.8461538461538461,0.7692307692307692,0.0,35.4,17.85,0.6900000000000001,33.333333333333336,17.833333333333332,0.6666666666666666,34.175,18.15,0.5375,0.6923076923076923,0.7692307692307693,33.5,29.2,20.2,17.8,6.45,6.13,5.31,4.99,0.92,0.62,0.7884615384615384,0.05769230769230771,4
Appalachian St.,2019,13,1,6.26,38.8,5.01,20.0,0.445,0.307,0.813,0.577,1.07,0.0,3.65,3.65,0.9285714285714286,0.8223443223443224,0.15934065934065933,38.05,17.75,0.7650000000000001,36.53333333333333,18.566666666666666,0.8166666666666668,35.1,18.52,0.644,0.8461538461538461,0.6923076923076923,37.3,33.5,15.5,20.2,6.52,6.45,4.43,5.31,0.46,0.92,0.8164835164835165,0.11208791208791213,4
Arizona,2013,8,5,5.79,33.5,5.26,24.2,0.472,0.393,0.4,0.462,0.31,19.54,3.33,3.33,0.6153846153846154,0.6153846153846154,-0.3653846153846154,33.5,24.2,0.31,33.5,24.2,0.31,33.5,24.2,0.31,0.0,0.0,0.0,0.0,0.0,0.0,0.0,0.0,0.0,0.0,0.0,0.0,0.6153846153846154,0.0,5
Arizona,2014,10,4,5.7,34.5,5.66,28.2,0.38,0.405,0.615,0.389,0.57,18.95,8.38,8.38,0.7142857142857143,0.6648351648351649,-0.3653846153846154,34.0,26.2,0.43999999999999995,34.0,26.2,0.43999999999999995,34.0,26.2,0.43999999999999995,0.6153846153846154,0.0,33.5,0.0,24.2,0.0,5.79,0.0,5.26,0.0,0.31,0.0,0.6648351648351649,0.049450549450549386,5
Arizona,2015,7,6,6.48,37.4,5.93,35.8,0.411,0.459,0.37,0.556,-0.31,21.69,3.43,3.43,0.5384615384615384,0.6227106227106227,-0.3653846153846154,35.95,32.0,0.12999999999999998,35.13333333333333,29.399999999999995,0.19000000000000003,35.13333333333333,29.399999999999995,0.19000000000000003,0.7142857142857143,0.6153846153846154,34.5,33.5,28.2,24.2,5.7,5.79,5.66,5.26,0.57,0.31,0.6227106227106227,-0.08424908424908428,5
Arizona,2016,3,9,6.08,24.8,6.1,38.3,0.363,0.526,0.278,0.313,-0.58,0.0,11.48,11.48,0.25,0.5009157509157509,-0.3653846153846154,31.1,37.05,-0.44499999999999995,32.233333333333334,34.099999999999994,-0.10666666666666667,32.55,31.625,-0.0025000000000000022,0.5384615384615384,0.7142857142857143,37.4,34.5,35.8,28.2,6.48,5.7,5.93,5.66,-0.31,0.57,0.529532967032967,-0.27953296703296704,5
Arizona,2017,7,6,7.01,41.3,6.03,34.4,0.423,0.467,0.706,0.56,0.23,0.0,12.06,12.06,0.5384615384615384,0.4423076923076923,-0.17582417582417587,33.05,36.349999999999994,-0.17499999999999988,34.5,36.166666666666664,-0.21999999999999997,34.3,32.17999999999999,0.044,0.25,0.5384615384615384,24.8,37.4,38.3,35.8,6.08,6.48,6.1,5.93,-0.58,-0.31,0.5313186813186813,0.0071428571428571175,5
Arizona,2018,5,7,6.23,31.3,5.73,32.6,0.436,0.411,0.5,0.607,-0.33,0.0,7.38,7.38,0.4166666666666667,0.40170940170940167,-0.12179487179487175,36.300000000000004,33.5,-0.04999999999999993,32.46666666666666,35.099999999999994,-0.22666666666666666,33.86,33.86,-0.084,0.5384615384615384,0.25,41.3,24.8,34.4,38.3,7.01,6.08,6.03,6.1,0.23,-0.58,0.5122100122100123,-0.09554334554334559,5
Arizona,2019,4,8,6.05,26.9,6.36,35.8,0.441,0.47,0.65,0.333,-0.25,0.0,8.0,8.0,0.3333333333333333,0.42948717948717946,0.08333333333333331,29.1,34.2,-0.2899999999999999,33.166666666666664,34.26666666666667,-0.11666666666666668,32.339999999999996,35.379999999999995,-0.248,0.4166666666666667,0.5384615384615384,31.3,41.3,32.6,34.4,6.23,7.01,5.73,6.03,-0.33,0.23,0.4866562009419152,-0.15332286760858188,5
Arizona,2020,0,5,4.95,17.4,6.74,39.8,0.329,0.429,0.25,0.625,-1.8,1.0,10.17,10.17,0.0,0.25,-0.5384615384615384,22.150000000000002,37.8,-1.025,25.2,36.06666666666666,-0.7933333333333333,28.339999999999996,36.18,-0.546,0.3333333333333333,0.4166666666666667,26.9,31.3,35.8,32.6,6.05,6.23,6.36,5.73,-0.25,-0.33,0.4258241758241758,-0.4258241758241758,5
Arizona,2021,1,11,4.91,17.2,5.89,31.4,0.321,0.374,0.643,0.5,-1.42,0.0,8.35,8.35,0.08333333333333333,0.13888888888888887,-0.33333333333333337,17.300000000000004,35.599999999999994,-1.6099999999999999,20.5,35.666666666666664,-1.1566666666666665,26.82,34.8,-0.7140000000000001,0.0,0.3333333333333333,17.4,26.9,39.8,35.8,4.95,6.05,6.74,6.36,-1.8,-0.25,0.3877696377696378,-0.3044363044363045,5
Arizona,2022,5,7,6.83,30.8,6.6,36.5,0.422,0.478,0.435,0.571,-0.5,17.7,7.15,8.24,0.4166666666666667,0.16666666666666666,0.08333333333333337,24.000000000000004,33.95,-0.96,21.799999999999997,35.9,-1.24,24.72,35.220000000000006,-0.8600000000000001,0.08333333333333333,0.0,17.2,17.4,31.4,39.8,4.91,4.95,5.89,6.74,-1.42,-1.8,0.39065934065934066,0.026007326007326026,5
Arizona,2023,10,3,6.76,34.6,5.44,21.1,0.488,0.415,0.667,0.3,0.38,14.44,13.18,13.18,0.7692307692307693,0.4230769230769231,0.7692307692307693,32.7,28.8,-0.06,27.533333333333335,29.666666666666668,-0.5133333333333333,25.380000000000003,32.92,-0.7180000000000001,0.4166666666666667,0.08333333333333333,30.8,17.2,36.5,31.4,6.83,4.91,6.6,5.89,-0.5,-1.42,0.4250749250749251,0.34415584415584416,5
Arizona St.,2013,10,4,5.81,39.7,5.53,26.6,0.391,0.371,0.6,0.591,1.07,21.33,10.05,10.05,0.7142857142857143,0.7142857142857143,-0.2976190476190476,39.7,26.6,1.07,39.7,26.6,1.07,39.7,26.6,1.07,0.0,0.0,0.0,0.0,0.0,0.0,0.0,0.0,0.0,0.0,0.0,0.0,0.7142857142857143,0.0,6
Arizona St.,2014,10,3,5.9,36.9,5.62,27.9,0.382,0.378,0.435,0.5,1.08,23.27,13.07,13.07,0.7692307692307693,0.7417582417582418,-0.2976190476190476,38.3,27.25,1.0750000000000002,38.3,27.25,1.0750000000000002,38.3,27.25,1.0750000000000002,0.7142857142857143,0.0,39.7,0.0,26.6,0.0,5.81,0.0,5.53,0.0,1.07,0.0,0.7417582417582418,0.027472527472527486,6
Arizona St.,2015,6,7,5.8,34.6,6.23,33.5,0.41,0.387,0.556,0.579,0.15,26.83,12.14,12.14,0.46153846153846156,0.6483516483516484,-0.2976190476190476,35.75,30.7,0.615,37.06666666666667,29.333333333333332,0.7666666666666667,37.06666666666667,29.333333333333332,0.7666666666666667,0.7692307692307693,0.7142857142857143,36.9,39.7,27.9,26.6,5.9,5.81,5.62,5.53,1.08,1.07,0.6483516483516484,-0.18681318681318682,6
Arizona St.,2016,5,7,5.21,33.3,7.07,39.8,0.381,0.358,0.471,0.563,-0.33,2.0,3.42,3.42,0.4166666666666667,0.5491452991452991,-0.2976190476190476,33.95,36.65,-0.09000000000000002,34.93333333333333,33.73333333333333,0.3,36.125,31.95,0.49250000000000005,0.46153846153846156,0.7692307692307693,34.6,36.9,33.5,27.9,5.8,5.9,6.23,5.62,0.15,1.08,0.5904304029304029,-0.17376373626373626,6
Arizona St.,2017,7,6,5.71,31.8,6.33,32.8,0.447,0.422,0.556,0.389,0.15,1.0,5.57,5.57,0.5384615384615384,0.47222222222222227,-0.23076923076923084,32.55,36.3,-0.09000000000000004,33.233333333333334,35.36666666666667,-0.010000000000000018,35.260000000000005,32.12,0.42400000000000004,0.4166666666666667,0.46153846153846156,33.3,34.6,39.8,33.5,5.21,5.8,7.07,6.23,-0.33,0.15,0.5800366300366301,-0.04157509157509165,6
Arizona St.,2018,7,6,6.03,29.9,5.71,25.5,0.417,0.416,0.765,0.643,0.77,0.0,13.55,13.55,0.5384615384615384,0.49786324786324787,0.07692307692307687,30.85,29.15,0.46,31.666666666666668,32.699999999999996,0.19666666666666666,33.3,31.9,0.364,0.5384615384615384,0.4166666666666667,31.8,33.3,32.8,39.8,5.71,5.21,6.33,7.07,0.15,-0.33,0.5731074481074482,-0.034645909645909745,6
Arizona St.,2019,8,5,5.74,24.8,5.51,22.4,0.385,0.411,0.563,0.542,1.08,0.0,7.7,7.7,0.6153846153846154,0.5641025641025641,0.19871794871794873,27.35,23.95,0.925,28.833333333333332,26.899999999999995,0.6666666666666666,30.880000000000003,30.8,0.364,0.5384615384615384,0.5384615384615384,29.9,31.8,25.5,32.8,6.03,5.71,5.71,6.33,0.77,0.15,0.5791470434327577,0.03623757195185773,6
Arizona St.,2020,2,2,7.28,40.2,5.41,23.2,0.467,0.449,0.333,0.5,2.0,0.0,7.0,7.0,0.5,0.5512820512820513,-0.038461538461538436,32.5,22.799999999999997,1.54,31.633333333333336,23.7,1.2833333333333334,32.0,28.74,0.734,0.6153846153846154,0.5384615384615384,24.8,29.9,22.4,25.5,5.74,6.03,5.51,5.71,1.08,0.77,0.569253663003663,-0.06925366300366298,6
Arizona St.,2021,8,5,6.22,28.4,4.97,20.8,0.447,0.372,0.643,0.5,0.0,0.0,5.6,5.6,0.6153846153846154,0.576923076923077,0.07692307692307698,34.300000000000004,22.0,1.0,31.133333333333336,22.133333333333336,1.0266666666666666,31.02,24.939999999999998,0.8,0.5,0.6153846153846154,40.2,24.8,23.2,22.4,7.28,5.74,5.41,5.51,2.0,1.08,0.5743793243793244,0.041005291005291045,6
Arizona St.,2022,3,9,5.9,26.1,6.01,31.4,0.397,0.494,0.6,0.412,-0.5,24.15,3.32,12.62,0.25,0.4551282051282051,-0.3653846153846154,27.250000000000004,26.1,-0.25,31.566666666666666,25.133333333333336,0.5,29.880000000000003,24.66,0.6700000000000002,0.6153846153846154,0.5,28.4,40.2,20.8,23.2,6.22,7.28,4.97,5.41,0.0,2.0,0.541941391941392,-0.291941391941392,6
Arizona St.,2023,3,9,4.75,17.8,5.95,31.8,0.318,0.41,0.474,0.571,-0.92,16.4,11.38,11.38,0.25,0.3717948717948718,-0.25,21.950000000000003,31.6,-0.71,24.099999999999998,28.0,-0.47333333333333333,27.46,25.919999999999998,0.33199999999999996,0.25,0.6153846153846154,26.1,28.4,31.4,20.8,5.9,6.22,6.01,4.97,-0.5,0.0,0.5154012654012654,-0.2654012654012654,6
Arkansas,2013,3,9,5.53,20.7,6.09,30.8,0.417,0.434,0.467,0.643,-0.75,24.25,13.16,13.16,0.25,0.25,0.28846153846153844,20.7,30.8,-0.75,20.7,30.8,-0.75,20.7,30.8,-0.75,0.0,0.0,0.0,0.0,0.0,0.0,0.0,0.0,0.0,0.0,0.0,0.0,0.25,0.0,7
Arkansas,2014,7,6,5.76,31.9,5.12,19.2,0.471,0.396,0.632,0.222,0.54,23.84,3.06,3.06,0.5384615384615384,0.3942307692307692,0.28846153846153844,26.299999999999997,25.0,-0.10499999999999998,26.299999999999997,25.0,-0.10499999999999998,26.299999999999997,25.0,-0.10499999999999998,0.25,0.0,20.7,0.0,30.8,0.0,5.53,0.0,6.09,0.0,-0.75,0.0,0.3942307692307692,0.14423076923076922,7
Arkansas,2015,8,5,6.83,35.9,6.07,27.4,0.469,0.441,0.571,0.45,0.54,19.52,6.94,6.94,0.6153846153846154,0.4679487179487179,0.28846153846153844,33.9,23.299999999999997,0.54,29.5,25.8,0.11000000000000003,29.5,25.8,0.11000000000000003,0.5384615384615384,0.25,31.9,20.7,19.2,30.8,5.76,5.53,5.12,6.09,0.54,-0.75,0.4679487179487179,0.14743589743589752,7
Arkansas,2016,7,6,6.03,30.3,6.75,31.1,0.398,0.448,0.556,0.615,-0.31,0.0,5.61,5.61,0.5384615384615384,0.5641025641025641,0.28846153846153844,33.1,29.25,0.11500000000000002,32.699999999999996,25.900000000000002,0.25666666666666665,29.7,27.125,0.005000000000000018,0.6153846153846154,0.5384615384615384,35.9,31.9,27.4,19.2,6.83,5.76,6.07,5.12,0.54,0.54,0.4855769230769231,0.05288461538461536,7
Arkansas,2017,4,8,5.59,28.8,6.45,36.2,0.418,0.475,0.5,0.667,-0.08,1.0,3.64,3.64,0.3333333333333333,0.4957264957264957,-0.20512820512820512,29.55,33.650000000000006,-0.195,31.666666666666668,31.566666666666666,0.05000000000000001,29.52,28.939999999999998,-0.011999999999999986,0.5384615384615384,0.6153846153846154,30.3,35.9,31.1,27.4,6.03,6.83,6.75,6.07,-0.31,0.54,0.4551282051282051,-0.1217948717948718,7
Arkansas,2018,2,10,4.97,21.7,6.0,34.8,0.31,0.383,0.357,0.467,-0.83,2.0,11.61,11.61,0.16666666666666666,0.3461538461538461,-0.4487179487179488,25.25,35.5,-0.45499999999999996,26.933333333333334,34.03333333333334,-0.4066666666666667,29.72,29.74,-0.02799999999999998,0.3333333333333333,0.5384615384615384,28.8,30.3,36.2,31.1,5.59,6.03,6.45,6.75,-0.08,-0.31,0.407051282051282,-0.24038461538461534,7
Arkansas,2019,2,10,5.21,21.4,6.54,36.8,0.333,0.455,0.4,0.563,-0.42,0.0,4.5,4.5,0.16666666666666666,0.2222222222222222,-0.3717948717948718,21.549999999999997,35.8,-0.625,23.96666666666667,35.93333333333333,-0.4433333333333333,27.619999999999997,33.260000000000005,-0.21999999999999997,0.16666666666666666,0.3333333333333333,21.7,28.8,34.8,36.2,4.97,5.59,6.0,6.45,-0.83,-0.08,0.3727106227106227,-0.20604395604395606,7
Arkansas,2020,3,7,5.77,25.7,5.65,34.9,0.338,0.468,0.636,0.583,0.5,0.0,11.43,11.43,0.3,0.2111111111111111,-0.033333333333333326,23.549999999999997,35.849999999999994,0.03999999999999995,22.933333333333334,35.5,-0.25,25.580000000000002,34.760000000000005,-0.22799999999999998,0.16666666666666666,0.16666666666666666,21.4,21.7,36.8,34.8,5.21,4.97,6.54,6.0,-0.42,-0.83,0.36362179487179486,-0.06362179487179487,7
Arkansas,2021,9,4,6.37,30.9,5.41,22.9,0.368,0.335,0.632,0.6,0.46,0.0,7.67,7.67,0.6923076923076923,0.3863247863247863,0.5256410256410257,28.299999999999997,28.9,0.48,26.0,31.53333333333333,0.18000000000000002,25.7,33.11999999999999,-0.07399999999999998,0.3,0.16666666666666666,25.7,21.4,34.9,36.8,5.77,5.21,5.65,6.54,0.5,-0.42,0.4001424501424501,0.2921652421652422,7
Arkansas,2022,7,6,6.37,32.5,6.46,30.6,0.459,0.45,0.45,0.545,0.0,17.89,9.5,14.4,0.5384615384615384,0.5102564102564102,0.3717948717948718,31.699999999999996,26.75,0.22999999999999995,29.7,29.46666666666667,0.32,26.439999999999998,32.0,-0.05799999999999998,0.6923076923076923,0.3,30.9,25.7,22.9,34.9,6.37,5.77,5.41,5.65,0.46,0.5,0.4139743589743589,0.12448717948717952,7
Arkansas,2023,4,8,4.93,26.6,5.68,27.9,0.383,0.373,0.625,0.5,-0.08,23.22,19.17,19.17,0.3333333333333333,0.5213675213675214,0.033333333333333326,29.549999999999997,29.25,-0.040000000000000056,30.0,27.133333333333336,0.12666666666666668,27.419999999999998,30.619999999999997,0.092,0.5384615384615384,0.6923076923076923,32.5,30.9,30.6,22.9,6.37,6.37,6.46,5.41,0.0,0.46,0.40664335664335666,-0.07331002331002334,7
Arkansas St.,2013,8,5,5.6,29.2,5.78,26.2,0.446,0.382,0.286,0.429,0.54,19.02,7.18,7.18,0.6153846153846154,0.6153846153846154,0.0,29.2,26.2,0.54,29.2,26.2,0.54,29.2,26.2,0.54,0.0,0.0,0.0,0.0,0.0,0.0,0.0,0.0,0.0,0.0,0.0,0.0,0.6153846153846154,0.0,8
Arkansas St.,2014,7,6,6.05,36.7,5.62,30.5,0.377,0.359,0.5,0.435,0.46,16.31,3.1,3.1,0.5384615384615384,0.5769230769230769,0.0,32.95,28.35,0.5,32.95,28.35,0.5,32.95,28.35,0.5,0.6153846153846154,0.0,29.2,0.0,26.2,0.0,5.6,0.0,5.78,0.0,0.54,0.0,0.5769230769230769,-0.038461538461538436,8
Arkansas St.,2015,9,4,5.86,40.0,5.76,30.2,0.385,0.335,0.5,0.333,0.62,18.69,4.7,4.7,0.6923076923076923,0.6153846153846154,0.0,38.35,30.35,0.54,35.300000000000004,28.96666666666667,0.54,35.300000000000004,28.96666666666667,0.54,0.5384615384615384,0.6153846153846154,36.7,29.2,30.5,26.2,6.05,5.6,5.62,5.78,0.46,0.54,0.6153846153846154,0.07692307692307687,8
Arkansas St.,2016,8,5,5.37,27.3,4.99,21.5,0.294,0.356,0.577,0.25,0.38,1.0,6.67,6.67,0.6153846153846154,0.6153846153846154,0.0,33.65,25.85,0.5,34.666666666666664,27.399999999999995,0.48666666666666664,33.300000000000004,27.1,0.5,0.6923076923076923,0.5384615384615384,40.0,36.7,30.2,30.5,5.86,6.05,5.76,5.62,0.62,0.46,0.6153846153846154,0.0,8
Arkansas St.,2017,7,5,6.09,37.8,5.29,25.8,0.444,0.33,0.333,0.364,-0.08,3.0,2.0,2.0,0.5833333333333334,0.6303418803418804,0.044871794871794934,32.55,23.65,0.15,35.03333333333333,25.833333333333332,0.3066666666666667,34.2,26.839999999999996,0.384,0.6153846153846154,0.6923076923076923,27.3,40.0,21.5,30.2,5.37,5.86,4.99,5.76,0.38,0.62,0.6089743589743589,-0.02564102564102555,8
Arkansas St.,2018,8,5,6.18,30.3,5.57,25.6,0.4,0.358,0.533,0.5,0.31,0.0,-1.88,-1.88,0.6153846153846154,0.6047008547008548,-0.07692307692307687,34.05,25.700000000000003,0.11499999999999999,31.799999999999997,24.3,0.20333333333333334,34.42,26.72,0.33799999999999997,0.5833333333333334,0.6153846153846154,37.8,27.3,25.8,21.5,6.09,5.37,5.29,4.99,-0.08,0.38,0.6100427350427351,0.005341880341880323,8
Arkansas St.,2019,8,5,6.17,33.7,6.11,34.2,0.404,0.379,0.565,0.556,-0.23,1.0,8.62,8.62,0.6153846153846154,0.6047008547008548,0.0,32.0,29.900000000000006,0.039999999999999994,33.93333333333333,28.533333333333335,-9.25185853854297e-18,33.82,27.46,0.2,0.6153846153846154,0.5833333333333334,30.3,37.8,25.6,25.8,6.18,6.09,5.57,5.29,0.31,-0.08,0.6108058608058607,0.0045787545787546735,8
Arkansas St.,2020,4,7,6.35,32.9,6.3,37.2,0.399,0.417,0.5,0.48,-0.36,0.0,6.3,6.3,0.36363636363636365,0.5314685314685316,-0.21969696969696972,33.3,35.7,-0.295,32.300000000000004,32.333333333333336,-0.09333333333333334,32.4,28.860000000000003,0.0040000000000000036,0.6153846153846154,0.6153846153846154,33.7,30.3,34.2,25.6,6.17,6.18,6.11,5.57,-0.23,0.31,0.5799096736596737,-0.21627331002331007,8
Arkansas St.,2021,2,10,5.44,25.2,7.22,38.6,0.328,0.414,0.294,0.846,-0.33,0.0,3.5,3.5,0.16666666666666666,0.3818958818958819,-0.4487179487179488,29.049999999999997,37.900000000000006,-0.345,30.599999999999998,36.666666666666664,-0.3066666666666667,31.979999999999997,32.28,-0.13799999999999998,0.36363636363636365,0.6153846153846154,32.9,33.7,37.2,34.2,6.35,6.17,6.3,6.11,-0.36,-0.23,0.5339937839937839,-0.3673271173271173,8
Arkansas St.,2022,3,9,4.86,25.0,5.82,31.4,0.293,0.364,0.583,0.64,0.25,21.69,6.0,6.69,0.25,0.2601010101010101,-0.3653846153846154,25.1,35.0,-0.04000000000000001,27.7,35.733333333333334,-0.14666666666666667,29.419999999999998,33.4,-0.07200000000000001,0.16666666666666666,0.36363636363636365,25.2,32.9,38.6,37.2,5.44,6.35,7.22,6.3,-0.33,-0.36,0.5055944055944056,-0.2555944055944056,8
Arkansas St.,2023,6,7,5.86,27.1,6.16,30.4,0.355,0.409,0.35,0.76,0.23,18.97,10.47,10.47,0.46153846153846156,0.29273504273504275,0.09790209790209792,26.05,30.900000000000002,0.24,25.766666666666666,33.46666666666667,0.049999999999999996,28.78,34.36,-0.088,0.25,0.16666666666666666,25.0,25.2,31.4,38.6,4.86,5.44,5.82,7.22,0.25,-0.33,0.501589319771138,-0.0400508582326764,8
Army West Point,2013,3,9,5.49,24.4,6.55,31.6,0.429,0.441,0.5,0.556,-0.08,20.29,6.75,6.75,0.25,0.25,0.3653846153846154,24.4,31.6,-0.08,24.4,31.6,-0.08,24.4,31.6,-0.08,0.0,0.0,0.0,0.0,0.0,0.0,0.0,0.0,0.0,0.0,0.0,0.0,0.25,0.0,9
Army West Point,2014,4,8,5.59,24.9,6.48,32.9,0.409,0.456,0.516,0.696,0.17,21.76,3.0,3.0,0.3333333333333333,0.29166666666666663,0.3653846153846154,24.65,32.25,0.045000000000000005,24.65,32.25,0.045000000000000005,24.65,32.25,0.045000000000000005,0.25,0.0,24.4,0.0,31.6,0.0,5.49,0.0,6.55,0.0,-0.08,0.0,0.29166666666666663,0.041666666666666685,9
Army West Point,2015,2,10,5.61,22.1,6.07,27.8,0.446,0.417,0.409,0.875,-0.92,18.66,5.43,5.43,0.16666666666666666,0.25,0.3653846153846154,23.5,30.35,-0.375,23.8,30.766666666666666,-0.27666666666666667,23.8,30.766666666666666,-0.27666666666666667,0.3333333333333333,0.25,24.9,24.4,32.9,31.6,5.59,5.49,6.48,6.55,0.17,-0.08,0.25,-0.08333333333333334,9
Army West Point,2016,8,5,5.89,29.9,5.09,19.8,0.483,0.38,0.541,0.421,-0.23,1.0,8.0,8.0,0.6153846153846154,0.3717948717948718,0.3653846153846154,26.0,23.8,-0.5750000000000001,25.633333333333336,26.833333333333332,-0.3266666666666667,25.325,28.025,-0.265,0.16666666666666666,0.3333333333333333,22.1,24.9,27.8,32.9,5.61,5.59,6.07,6.48,-0.92,0.17,0.34134615384615385,0.27403846153846156,9
Army West Point,2017,10,3,5.97,30.7,6.25,22.0,0.552,0.401,0.633,0.737,0.38,1.0,8.71,8.71,0.7692307692307693,0.5170940170940171,0.43589743589743596,30.299999999999997,20.9,0.07500000000000001,27.566666666666666,23.2,-0.2566666666666667,26.4,26.82,-0.136,0.6153846153846154,0.16666666666666666,29.9,22.1,19.8,27.8,5.89,5.61,5.09,6.07,-0.23,-0.92,0.4269230769230769,0.34230769230769237,9
Army West Point,2018,11,2,5.53,32.8,5.58,17.7,0.571,0.266,0.861,0.5,0.77,0.0,7.29,7.29,0.8461538461538461,0.7435897435897436,0.6794871794871795,31.749999999999996,19.85,0.575,31.133333333333336,19.833333333333332,0.3066666666666667,28.079999999999995,24.04,0.03399999999999999,0.7692307692307693,0.6153846153846154,30.7,29.9,22.0,19.8,5.97,5.89,6.25,5.09,0.38,-0.23,0.4967948717948718,0.34935897435897434,9
Army West Point,2019,5,8,5.67,28.5,5.64,23.0,0.452,0.448,0.667,0.5,-0.08,0.0,4.11,4.11,0.38461538461538464,0.6666666666666666,-0.23076923076923078,30.65,20.35,0.34500000000000003,30.666666666666668,20.900000000000002,0.3566666666666667,28.8,22.06,-0.01600000000000001,0.8461538461538461,0.7692307692307693,32.8,30.7,17.7,22.0,5.53,5.97,5.58,6.25,0.77,0.38,0.4807692307692308,-0.09615384615384615,9
Army West Point,2020,9,2,4.92,27.3,5.04,14.0,0.458,0.354,0.71,0.438,0.45,0.0,5.43,5.43,0.8181818181818182,0.6829836829836831,0.04895104895104896,27.9,18.5,0.185,29.53333333333333,18.233333333333334,0.38000000000000006,29.840000000000003,19.3,0.258,0.38461538461538464,0.8461538461538461,28.5,32.8,23.0,17.7,5.67,5.53,5.64,5.58,-0.08,0.77,0.5229458041958042,0.29523601398601407,9
Army West Point,2021,9,4,5.62,32.8,5.78,22.3,0.466,0.404,0.732,0.355,0.62,2.0,5.0,5.0,0.6923076923076923,0.6317016317016317,-0.15384615384615385,30.049999999999997,18.15,0.535,29.53333333333333,19.766666666666666,0.33,30.419999999999998,19.8,0.42799999999999994,0.8181818181818182,0.38461538461538464,27.3,28.5,14.0,23.0,4.92,5.67,5.04,5.64,0.45,-0.08,0.5417637917637917,0.15054390054390054,9
Army West Point,2022,6,6,5.84,28.6,5.76,22.5,0.434,0.387,0.533,0.476,0.33,17.58,9.75,6.25,0.5,0.6701631701631703,0.11538461538461536,30.7,22.4,0.475,29.566666666666663,19.599999999999998,0.46666666666666673,30.0,19.9,0.418,0.6923076923076923,0.8181818181818182,32.8,27.3,22.3,14.0,5.62,4.92,5.78,5.04,0.62,0.45,0.5375874125874126,-0.037587412587412605,9
Army West Point,2023,6,6,5.05,20.5,5.88,21.1,0.378,0.401,0.588,0.44,-0.25,17.6,6.18,6.18,0.5,0.5641025641025641,-0.31818181818181823,24.55,21.8,0.03999999999999995,27.3,21.96666666666667,0.2333333333333333,27.54,20.580000000000002,0.21400000000000002,0.5,0.6923076923076923,28.6,32.8,22.5,22.3,5.84,5.62,5.76,5.78,0.33,0.62,0.534170375079466,-0.034170375079465964,9
Auburn,2013,12,2,6.92,39.5,5.96,24.7,0.465,0.33,0.533,0.464,0.0,25.79,7.0,7.0,0.8571428571428571,0.8571428571428571,-0.24175824175824168,39.5,24.7,0.0,39.5,24.7,0.0,39.5,24.7,0.0,0.0,0.0,0.0,0.0,0.0,0.0,0.0,0.0,0.0,0.0,0.0,0.0,0.8571428571428571,0.0,10
Auburn,2014,8,5,6.71,35.5,5.67,26.7,0.525,0.36,0.429,0.6,0.54,21.73,7.79,7.79,0.6153846153846154,0.7362637362637363,-0.24175824175824168,37.5,25.7,0.27,37.5,25.7,0.27,37.5,25.7,0.27,0.8571428571428571,0.0,39.5,0.0,24.7,0.0,6.92,0.0,5.96,0.0,0.0,0.0,0.7362637362637363,-0.1208791208791209,10
Auburn,2015,7,6,5.39,27.5,5.37,26.0,0.413,0.449,0.6,0.464,0.15,21.17,12.43,12.43,0.5384615384615384,0.6703296703296703,-0.24175824175824168,31.5,26.35,0.34500000000000003,34.166666666666664,25.8,0.23,34.166666666666664,25.8,0.23,0.6153846153846154,0.8571428571428571,35.5,39.5,26.7,24.7,6.71,6.92,5.67,5.96,0.54,0.0,0.6703296703296703,-0.13186813186813184,10
Auburn,2016,8,5,6.13,31.2,5.07,17.1,0.418,0.348,0.476,0.522,0.23,0.0,3.17,3.17,0.6153846153846154,0.5897435897435898,-0.24175824175824168,29.35,21.55,0.19,31.400000000000002,23.266666666666666,0.3066666666666667,33.425,23.625,0.23,0.5384615384615384,0.6153846153846154,27.5,35.5,26.0,26.7,5.39,6.71,5.37,5.67,0.15,0.54,0.6565934065934066,-0.04120879120879117,10
Auburn,2017,10,4,6.17,33.9,4.67,18.5,0.455,0.329,0.467,0.467,-0.07,1.0,11.43,11.43,0.7142857142857143,0.6227106227106227,0.09890109890109888,32.55,17.8,0.08,30.866666666666664,20.533333333333335,0.10333333333333333,33.519999999999996,22.6,0.17,0.6153846153846154,0.5384615384615384,31.2,27.5,17.1,26.0,6.13,5.39,5.07,5.37,0.23,0.15,0.6681318681318682,0.0461538461538461,10
Auburn,2018,8,5,5.67,30.9,5.15,19.2,0.369,0.347,0.5,0.381,0.69,0.0,3.36,3.36,0.6153846153846154,0.6483516483516484,0.07692307692307698,32.39999999999999,18.85,0.30999999999999994,32.0,18.266666666666666,0.2833333333333333,31.8,21.5,0.308,0.7142857142857143,0.6153846153846154,33.9,31.2,18.5,17.1,6.17,6.13,4.67,5.07,-0.07,0.23,0.6593406593406593,-0.04395604395604391,10
Auburn,2019,9,4,5.58,33.2,4.84,19.5,0.405,0.299,0.467,0.4,0.46,1.0,17.29,17.29,0.6923076923076923,0.6739926739926739,0.07692307692307687,32.05,19.35,0.575,32.666666666666664,19.066666666666666,0.36000000000000004,31.339999999999996,20.060000000000002,0.292,0.6153846153846154,0.7142857142857143,30.9,33.9,19.2,18.5,5.67,6.17,5.15,4.67,0.69,-0.07,0.6640502354788069,0.028257456828885363,10
Auburn,2020,6,4,5.62,25.7,5.66,23.7,0.476,0.514,0.25,0.4,0.5,0.0,3.43,3.43,0.6,0.6358974358974359,-0.11428571428571432,29.450000000000003,21.6,0.48,29.933333333333334,20.8,0.55,30.98,19.6,0.362,0.6923076923076923,0.6153846153846154,33.2,30.9,19.5,19.2,5.58,5.67,4.84,5.15,0.46,0.69,0.656043956043956,-0.05604395604395607,10
Auburn,2021,6,7,5.81,27.8,5.29,21.8,0.402,0.358,0.565,0.37,0.08,0.0,4.12,4.12,0.46153846153846156,0.5846153846153846,-0.15384615384615385,26.75,22.75,0.29,28.900000000000002,21.666666666666668,0.3466666666666667,30.3,20.54,0.332,0.6,0.6923076923076923,25.7,33.2,23.7,19.5,5.62,5.58,5.66,4.84,0.5,0.46,0.6344322344322344,-0.17289377289377283,10
Auburn,2022,5,7,5.71,24.8,5.52,29.5,0.362,0.425,0.591,0.5,-0.83,17.22,8.5,4.1,0.4166666666666667,0.49273504273504276,-0.2756410256410256,26.3,25.65,-0.375,26.099999999999998,25.0,-0.0833333333333333,28.48,22.740000000000002,0.18,0.46153846153846156,0.6,27.8,25.7,21.8,23.7,5.81,5.62,5.29,5.66,0.08,0.5,0.6126556776556777,-0.19598901098901106,10
Auburn,2023,6,7,5.5,26.2,5.65,22.6,0.329,0.317,0.5,0.556,-0.15,22.41,5.29,5.29,0.46153846153846156,0.4465811965811966,-0.1384615384615384,25.5,26.05,-0.49,26.266666666666666,24.633333333333336,-0.3,27.54,23.419999999999998,0.011999999999999993,0.4166666666666667,0.46153846153846156,24.8,27.8,29.5,21.8,5.71,5.81,5.52,5.29,-0.83,0.08,0.5989177489177488,-0.13737928737928728,10
BYU,2013,8,5,5.78,30.2,4.79,22.1,0.377,0.361,0.524,0.348,0.15,25.07,7.79,7.79,0.6153846153846154,0.6153846153846154,0.07692307692307687,30.2,22.1,0.15,30.2,22.1,0.15,30.2,22.1,0.15,0.0,0.0,0.0,0.0,0.0,0.0,0.0,0.0,0.0,0.0,0.0,0.0,0.6153846153846154,0.0,11
BYU,2014,8,5,5.7,37.1,4.93,27.5,0.434,0.381,0.652,0.607,-0.08,18.43,9.33,9.33,0.6153846153846154,0.6153846153846154,0.07692307692307687,33.65,24.8,0.034999999999999996,33.65,24.8,0.034999999999999996,33.65,24.8,0.034999999999999996,0.6153846153846154,0.0,30.2,0.0,22.1,0.0,5.78,0.0,4.79,0.0,0.15,0.0,0.6153846153846154,0.0,11
BYU,2015,9,4,6.02,33.7,4.9,22.8,0.401,0.38,0.524,0.5,0.15,20.93,12.38,12.38,0.6923076923076923,0.6410256410256411,0.07692307692307687,35.400000000000006,25.15,0.034999999999999996,33.666666666666664,24.133333333333336,0.07333333333333332,33.666666666666664,24.133333333333336,0.07333333333333332,0.6153846153846154,0.6153846153846154,37.1,30.2,27.5,22.1,5.7,5.78,4.93,4.79,-0.08,0.15,0.6410256410256411,0.05128205128205121,11
BYU,2016,9,4,5.43,29.5,5.52,19.5,0.477,0.373,0.632,0.409,0.92,0.0,2.53,2.53,0.6923076923076923,0.6666666666666666,0.07692307692307687,31.600000000000005,21.15,0.535,33.43333333333334,23.266666666666666,0.33,32.625,22.975,0.28500000000000003,0.6923076923076923,0.6153846153846154,33.7,37.1,22.8,27.5,6.02,5.7,4.9,4.93,0.15,-0.08,0.6538461538461539,0.038461538461538436,11
BYU,2017,4,9,5.14,17.1,5.35,24.7,0.358,0.406,0.308,0.56,-0.77,0.0,3.56,3.56,0.3076923076923077,0.5641025641025641,-0.3076923076923077,23.300000000000004,22.1,0.07500000000000001,26.76666666666667,22.333333333333332,0.10000000000000002,29.520000000000003,23.32,0.074,0.6923076923076923,0.6923076923076923,29.5,33.7,19.5,22.8,5.43,6.02,5.52,4.9,0.92,0.15,0.5846153846153846,-0.27692307692307694,11
BYU,2018,7,6,5.54,27.2,4.73,21.4,0.369,0.374,0.45,0.583,0.08,0.0,4.0,4.0,0.5384615384615384,0.5128205128205128,-0.15384615384615385,22.150000000000006,23.049999999999997,-0.34500000000000003,24.600000000000005,21.866666666666664,0.07666666666666666,28.919999999999998,23.18,0.06,0.3076923076923077,0.6923076923076923,17.1,29.5,24.7,19.5,5.14,5.43,5.35,5.52,-0.77,0.92,0.576923076923077,-0.03846153846153855,11
BYU,2019,7,6,6.18,28.5,5.6,25.5,0.425,0.404,0.368,0.476,0.08,0.0,11.5,11.5,0.5384615384615384,0.4615384615384615,-0.15384615384615385,27.85,23.45,0.08,24.26666666666667,23.866666666666664,-0.20333333333333337,27.2,22.78,0.092,0.5384615384615384,0.3076923076923077,27.2,17.1,21.4,24.7,5.54,5.14,4.73,5.35,0.08,-0.77,0.5714285714285714,-0.03296703296703296,11
BYU,2020,11,1,7.84,43.5,4.8,15.3,0.492,0.392,0.545,0.4,0.75,0.0,8.89,8.89,0.9166666666666666,0.6645299145299145,0.6089743589743589,36.0,20.4,0.415,33.06666666666667,20.733333333333334,0.3033333333333333,29.160000000000004,21.279999999999998,0.21200000000000002,0.5384615384615384,0.5384615384615384,28.5,27.2,25.5,21.4,6.18,5.54,5.6,4.73,0.08,0.08,0.6145833333333334,0.30208333333333326,11
BYU,2021,10,3,6.78,33.1,5.74,24.7,0.459,0.43,0.615,0.654,0.85,0.0,7.47,7.47,0.7692307692307693,0.7414529914529915,0.23076923076923084,38.3,20.0,0.8,35.03333333333334,21.833333333333332,0.5599999999999999,29.880000000000003,22.32,0.198,0.9166666666666666,0.5384615384615384,43.5,28.5,15.3,25.5,7.84,6.18,4.8,5.6,0.75,0.08,0.6317663817663818,0.1374643874643875,11
BYU,2022,8,5,6.68,31.3,5.87,29.5,0.449,0.461,0.308,0.556,0.15,20.45,9.77,7.5,0.6153846153846154,0.767094017094017,0.07692307692307698,32.2,27.1,0.5,35.96666666666667,23.166666666666668,0.5833333333333333,32.720000000000006,23.28,0.382,0.7692307692307693,0.9166666666666666,33.1,43.5,24.7,15.3,6.78,7.84,5.74,4.8,0.85,0.75,0.6301282051282051,-0.014743589743589691,11
BYU,2023,5,7,4.92,23.1,5.92,29.8,0.285,0.451,0.5,0.364,0.08,19.24,13.72,13.72,0.4166666666666667,0.6004273504273505,-0.49999999999999994,27.200000000000003,29.65,0.11499999999999999,29.16666666666667,28.0,0.35999999999999993,31.9,24.96,0.382,0.6153846153846154,0.7692307692307693,31.3,33.1,29.5,24.7,6.68,6.78,5.87,5.74,0.15,0.85,0.6107226107226107,-0.194055944055944,11
Ball St.,2013,10,3,6.46,38.5,5.58,24.7,0.447,0.393,0.357,0.613,0.92,18.57,9.15,9.15,0.7692307692307693,0.7692307692307693,-0.43589743589743596,38.5,24.7,0.92,38.5,24.7,0.92,38.5,24.7,0.92,0.0,0.0,0.0,0.0,0.0,0.0,0.0,0.0,0.0,0.0,0.0,0.0,0.7692307692307693,0.0,12
Ball St.,2014,5,7,5.17,27.7,5.87,27.2,0.384,0.437,0.846,0.5,0.75,23.07,8.14,8.14,0.4166666666666667,0.592948717948718,-0.43589743589743596,33.1,25.95,0.835,33.1,25.95,0.835,33.1,25.95,0.835,0.7692307692307693,0.0,38.5,0.0,24.7,0.0,6.46,0.0,5.58,0.0,0.92,0.0,0.592948717948718,-0.17628205128205127,12
Ball St.,2015,3,9,4.98,23.1,6.76,35.8,0.382,0.514,0.522,0.529,0.08,18.03,10.46,10.46,0.25,0.47863247863247865,-0.43589743589743596,25.4,31.5,0.415,29.766666666666666,29.23333333333333,0.5833333333333334,29.766666666666666,29.23333333333333,0.5833333333333334,0.4166666666666667,0.7692307692307693,27.7,38.5,27.2,24.7,5.17,6.46,5.87,5.58,0.75,0.92,0.47863247863247865,-0.22863247863247865,12
Ball St.,2016,4,8,5.64,27.0,6.38,30.1,0.451,0.451,0.522,0.235,-0.83,0.0,8.06,8.06,0.3333333333333333,0.3333333333333333,-0.43589743589743596,25.05,32.95,-0.375,25.933333333333334,31.03333333333333,0.0,29.075,29.45,0.23,0.25,0.4166666666666667,23.1,27.7,35.8,27.2,4.98,5.17,6.76,5.87,0.08,0.75,0.4423076923076923,-0.10897435897435898,12
Ball St.,2017,2,10,4.46,17.9,6.62,40.7,0.389,0.466,0.333,0.333,-0.75,0.0,12.35,12.35,0.16666666666666666,0.24999999999999997,-0.25,22.45,35.400000000000006,-0.79,22.666666666666668,35.53333333333334,-0.5,26.839999999999996,31.7,0.03400000000000001,0.3333333333333333,0.25,27.0,23.1,30.1,35.8,5.64,4.98,6.38,6.76,-0.83,0.08,0.3871794871794872,-0.22051282051282053,12
Ball St.,2018,4,8,5.31,24.2,5.92,32.4,0.426,0.428,0.6,0.5,-0.33,0.0,10.06,10.06,0.3333333333333333,0.27777777777777773,0.08333333333333331,21.049999999999997,36.55,-0.54,23.03333333333333,34.400000000000006,-0.6366666666666667,23.98,33.24,-0.21600000000000003,0.16666666666666666,0.3333333333333333,17.9,27.0,40.7,30.1,4.46,5.64,6.62,6.38,-0.75,-0.83,0.3782051282051282,-0.04487179487179488,12
Ball St.,2019,5,7,6.11,34.8,5.82,31.4,0.413,0.411,0.522,0.476,0.67,0.0,15.15,15.15,0.4166666666666667,0.3055555555555556,0.08333333333333337,29.499999999999996,31.9,0.17000000000000004,25.633333333333336,34.833333333333336,-0.13666666666666663,25.4,34.08,-0.23199999999999998,0.3333333333333333,0.16666666666666666,24.2,17.9,32.4,40.7,5.31,4.46,5.92,6.62,-0.33,-0.75,0.3836996336996337,0.03296703296703296,12
Ball St.,2020,6,1,5.81,34.3,6.05,27.6,0.476,0.391,0.545,0.353,1.0,0.0,2.56,2.56,0.8571428571428571,0.5357142857142857,0.6904761904761905,34.55,29.5,0.8350000000000001,31.099999999999994,30.46666666666667,0.4466666666666667,27.639999999999997,32.440000000000005,-0.048,0.4166666666666667,0.3333333333333333,34.8,24.2,31.4,32.4,6.11,5.31,5.82,5.92,0.67,-0.33,0.4428800366300366,0.4142628205128205,12
Ball St.,2021,6,7,4.98,24.1,5.89,28.4,0.399,0.401,0.524,0.524,0.54,0.0,4.0,4.0,0.46153846153846156,0.5784493284493284,0.12820512820512825,29.2,28.0,0.77,31.066666666666666,29.133333333333336,0.7366666666666667,27.060000000000002,32.1,0.22600000000000003,0.8571428571428571,0.4166666666666667,34.3,34.8,27.6,31.4,5.81,6.11,6.05,5.82,1.0,0.67,0.44495319495319496,0.0165852665852666,12
Ball St.,2022,5,7,5.13,23.2,5.05,26.9,0.368,0.396,0.273,0.516,-0.5,21.5,4.38,6.59,0.4166666666666667,0.5784493284493285,0.0,23.65,27.65,0.020000000000000018,27.2,27.633333333333336,0.3466666666666667,28.119999999999997,29.339999999999996,0.276,0.46153846153846156,0.8571428571428571,24.1,34.3,28.4,27.6,4.98,5.81,5.89,6.05,0.54,1.0,0.44212454212454216,-0.02545787545787548,12
Ball St.,2023,4,8,4.76,18.2,5.18,24.4,0.377,0.347,0.556,0.6,-0.42,24.69,13.15,13.15,0.3333333333333333,0.4038461538461538,-0.5238095238095237,20.7,25.65,-0.45999999999999996,21.833333333333332,26.566666666666663,-0.12666666666666665,26.919999999999998,27.74,0.25800000000000006,0.4166666666666667,0.46153846153846156,23.2,24.1,26.9,28.4,5.13,4.98,5.05,5.89,-0.5,0.54,0.43223443223443225,-0.09890109890109894,12
Baylor,2013,11,2,7.49,52.4,4.75,23.5,0.47,0.339,0.52,0.25,1.0,20.01,16.83,16.83,0.8461538461538461,0.8461538461538461,-0.3076923076923077,52.4,23.5,1.0,52.4,23.5,1.0,52.4,23.5,1.0,0.0,0.0,0.0,0.0,0.0,0.0,0.0,0.0,0.0,0.0,0.0,0.0,0.8461538461538461,0.0,13
Baylor,2014,11,2,6.64,48.2,5.28,25.5,0.469,0.386,0.735,0.25,1.0,18.57,5.09,5.09,0.8461538461538461,0.8461538461538461,-0.3076923076923077,50.3,24.5,1.0,50.3,24.5,1.0,50.3,24.5,1.0,0.8461538461538461,0.0,52.4,0.0,23.5,0.0,7.49,0.0,4.75,0.0,1.0,0.0,0.8461538461538461,0.0,13
Baylor,2015,10,3,7.26,48.1,5.19,28.3,0.467,0.368,0.7,0.391,0.0,23.05,3.5,3.5,0.7692307692307693,0.8205128205128206,-0.3076923076923077,48.150000000000006,26.9,0.5,49.56666666666666,25.766666666666666,0.6666666666666666,49.56666666666666,25.766666666666666,0.6666666666666666,0.8461538461538461,0.8461538461538461,48.2,52.4,25.5,23.5,6.64,7.49,5.28,4.75,1.0,1.0,0.8205128205128206,-0.05128205128205132,13
Baylor,2016,7,6,6.13,34.6,5.43,29.0,0.423,0.415,0.565,0.636,-0.38,0.0,2.13,2.13,0.5384615384615384,0.717948717948718,-0.3076923076923077,41.35,28.65,-0.19,43.63333333333333,27.599999999999998,0.20666666666666667,45.825,26.575,0.405,0.7692307692307693,0.8461538461538461,48.1,48.2,28.3,25.5,7.26,6.64,5.19,5.28,0.0,1.0,0.75,-0.21153846153846156,13
Baylor,2017,1,11,5.55,24.3,6.46,35.9,0.328,0.391,0.515,0.625,-1.17,1.0,2.95,2.95,0.08333333333333333,0.46367521367521364,-0.7628205128205128,29.450000000000003,32.45,-0.7749999999999999,35.66666666666667,31.066666666666666,-0.5166666666666666,41.519999999999996,28.439999999999998,0.09000000000000004,0.5384615384615384,0.7692307692307693,34.6,48.1,29.0,28.3,6.13,7.26,5.43,5.19,-0.38,0.0,0.6166666666666667,-0.5333333333333333,13
Baylor,2018,7,6,6.04,29.5,6.49,31.7,0.435,0.441,0.591,0.533,-0.69,0.0,8.73,8.73,0.5384615384615384,0.3867521367521367,-0.23076923076923084,26.9,33.800000000000004,-0.9299999999999999,29.46666666666667,32.2,-0.7466666666666666,36.94,30.080000000000002,-0.24799999999999994,0.08333333333333333,0.5384615384615384,24.3,34.6,35.9,29.0,5.55,6.13,6.46,5.43,-1.17,-0.38,0.6036324786324786,-0.06517094017094016,13
Baylor,2019,11,3,6.22,33.6,4.89,19.8,0.417,0.388,0.4,0.577,0.79,1.0,6.0,6.0,0.7857142857142857,0.4691697191697191,0.24725274725274726,31.550000000000004,25.750000000000004,0.050000000000000044,29.133333333333336,29.133333333333336,-0.35666666666666663,34.02,28.939999999999998,-0.2899999999999999,0.5384615384615384,0.08333333333333333,29.5,24.3,31.7,35.9,6.04,5.55,6.49,6.46,-0.69,-1.17,0.6296441653584511,0.15607012035583456,13
Baylor,2020,2,7,4.44,23.3,5.52,29.2,0.331,0.392,0.6,0.692,0.89,0.0,8.38,8.38,0.2222222222222222,0.5154660154660154,0.1388888888888889,28.450000000000003,24.500000000000004,0.8400000000000001,28.8,26.900000000000002,0.33,29.060000000000002,29.119999999999997,-0.11199999999999995,0.7857142857142857,0.5384615384615384,33.6,29.5,19.8,31.7,6.22,6.04,4.89,6.49,0.79,-0.69,0.5787164224664225,-0.3564942002442003,13
Baylor,2021,12,2,6.32,31.6,5.15,18.3,0.421,0.343,0.629,0.607,0.93,0.0,3.67,3.67,0.8571428571428571,0.6216931216931217,0.31868131868131866,27.450000000000003,23.750000000000004,0.91,29.5,22.433333333333334,0.8700000000000001,28.46,26.98,0.15000000000000008,0.2222222222222222,0.7857142857142857,23.3,33.6,29.2,19.8,4.44,6.22,5.52,4.89,0.89,0.79,0.6096526929860263,0.24749016415683078,13
Baylor,2022,6,7,5.8,32.2,5.37,26.8,0.402,0.458,0.638,0.409,0.15,17.03,12.6,4.71,0.46153846153846156,0.5136345136345136,-0.32417582417582413,31.900000000000006,22.550000000000004,0.54,29.03333333333333,24.766666666666666,0.6566666666666667,30.04,25.16,0.41400000000000003,0.8571428571428571,0.2222222222222222,31.6,23.3,18.3,29.2,6.32,4.44,5.15,5.52,0.93,0.89,0.5948412698412698,-0.13330280830280827,13
Baylor,2023,3,9,5.3,23.1,6.58,33.3,0.362,0.441,0.458,0.5,0.08,18.89,13.15,13.15,0.25,0.5228937728937729,0.02777777777777779,27.650000000000006,30.050000000000004,0.11499999999999999,28.96666666666667,26.13333333333333,0.3866666666666667,28.76,25.479999999999997,0.5680000000000001,0.46153846153846156,0.8571428571428571,32.2,31.6,26.8,18.3,5.8,6.32,5.37,5.15,0.15,0.93,0.5634920634920635,-0.3134920634920635,13
Boise St.,2017,11,3,5.8,32.5,4.83,22.9,0.458,0.382,0.176,0.609,0.93,0.0,3.71,3.71,0.7857142857142857,0.7857142857142857,-0.0714285714285714,32.5,22.9,0.93,32.5,22.9,0.93,32.5,22.9,0.93,0.0,0.0,0.0,0.0,0.0,0.0,0.0,0.0,0.0,0.0,0.0,0.0,0.7857142857142857,0.0,14
Boise St.,2018,10,3,6.1,35.4,5.64,22.1,0.525,0.311,0.609,0.609,0.85,0.0,15.0,15.0,0.7692307692307693,0.7774725274725275,-0.0714285714285714,33.95,22.5,0.89,33.95,22.5,0.89,33.95,22.5,0.89,0.7857142857142857,0.0,32.5,0.0,22.9,0.0,5.8,0.0,4.83,0.0,0.93,0.0,0.7774725274725275,-0.008241758241758212,14
Boise St.,2019,12,2,6.05,34.7,5.22,21.9,0.477,0.389,0.588,0.379,0.0,0.0,5.93,5.93,0.8571428571428571,0.804029304029304,-0.0714285714285714,35.05,22.0,0.425,34.199999999999996,22.3,0.5933333333333334,34.199999999999996,22.3,0.5933333333333334,0.7692307692307693,0.7857142857142857,35.4,32.5,22.1,22.9,6.1,5.8,5.64,4.83,0.85,0.93,0.804029304029304,0.05311355311355315,14
Boise St.,2020,5,2,5.42,33.9,5.26,27.1,0.433,0.271,0.571,0.684,-0.57,0.0,7.85,7.85,0.7142857142857143,0.7802197802197802,-0.0714285714285714,34.3,24.5,-0.285,34.666666666666664,23.7,0.09333333333333334,34.125,23.5,0.3025,0.8571428571428571,0.7692307692307693,34.7,35.4,21.9,22.1,6.05,6.1,5.22,5.64,0.0,0.85,0.7815934065934066,-0.06730769230769229,14
Boise St.,2021,7,5,5.26,29.2,5.46,19.0,0.442,0.379,0.375,0.4,0.58,0.0,7.15,7.15,0.5833333333333334,0.7182539682539683,-0.1858974358974359,31.549999999999997,23.05,0.0050000000000000044,32.6,22.666666666666668,0.003333333333333336,33.14,22.6,0.358,0.7142857142857143,0.8571428571428571,33.9,34.7,27.1,21.9,5.42,6.05,5.26,5.22,-0.57,0.0,0.741941391941392,-0.1586080586080586,14
Boise St.,2022,10,4,5.79,29.5,4.75,19.5,0.398,0.315,0.588,0.478,0.21,22.52,6.56,18.7,0.7142857142857143,0.6706349206349206,-0.1428571428571428,29.35,19.25,0.39499999999999996,30.866666666666664,21.866666666666664,0.07333333333333333,32.54,21.919999999999998,0.21400000000000002,0.5833333333333334,0.7142857142857143,29.2,33.9,19.0,27.1,5.26,5.42,5.46,5.26,0.58,-0.57,0.7373321123321124,-0.023046398046398076,14
Boise St.,2023,8,6,6.55,32.1,6.04,25.1,0.459,0.387,0.818,0.417,-0.21,24.91,10.58,10.58,0.5714285714285714,0.623015873015873,-0.1428571428571429,30.799999999999997,22.3,0.0,30.26666666666667,21.2,0.19333333333333333,31.879999999999995,22.52,0.0020000000000000018,0.7142857142857143,0.5833333333333334,29.5,29.2,19.5,19.0,5.79,5.26,4.75,5.46,0.21,0.58,0.7136316064887493,-0.14220303506017795,14
Boston College,2013,7,6,6.04,27.7,5.93,28.9,0.347,0.423,0.556,0.5,0.23,20.24,5.61,5.61,0.5384615384615384,0.5384615384615384,0.0,27.7,28.9,0.23,27.7,28.9,0.23,27.7,28.9,0.23,0.0,0.0,0.0,0.0,0.0,0.0,0.0,0.0,0.0,0.0,0.0,0.0,0.5384615384615384,0.0,15
Boston College,2014,7,6,5.69,26.2,5.13,21.3,0.362,0.389,0.6,0.5,0.08,18.55,6.46,6.46,0.5384615384615384,0.5384615384615384,0.0,26.95,25.1,0.155,26.95,25.1,0.155,26.95,25.1,0.155,0.5384615384615384,0.0,27.7,0.0,28.9,0.0,6.04,0.0,5.93,0.0,0.23,0.0,0.5384615384615384,0.0,15
Boston College,2015,3,9,4.4,17.2,4.07,15.3,0.267,0.241,0.385,0.2,0.25,20.39,1.66,1.66,0.25,0.4423076923076923,0.0,21.7,18.3,0.16499999999999998,23.7,21.833333333333332,0.18666666666666668,23.7,21.833333333333332,0.18666666666666668,0.5384615384615384,0.5384615384615384,26.2,27.7,21.3,28.9,5.69,6.04,5.13,5.93,0.08,0.23,0.4423076923076923,-0.1923076923076923,15
Boston College,2016,7,6,4.42,20.4,5.09,25.0,0.314,0.315,0.5,0.308,0.54,0.0,5.0,5.0,0.5384615384615384,0.4423076923076923,0.0,18.799999999999997,20.15,0.395,21.266666666666666,20.533333333333335,0.29000000000000004,22.875,22.625,0.275,0.25,0.5384615384615384,17.2,26.2,15.3,21.3,4.4,5.69,4.07,5.13,0.25,0.08,0.46634615384615385,0.07211538461538458,15
Boston College,2017,7,6,5.1,25.7,5.37,22.8,0.385,0.37,0.4,0.412,0.38,0.0,4.66,4.66,0.5384615384615384,0.4423076923076923,0.0,23.049999999999997,23.9,0.46,21.099999999999998,21.03333333333333,0.38999999999999996,23.439999999999998,22.66,0.296,0.5384615384615384,0.25,20.4,17.2,25.0,15.3,4.42,4.4,5.09,4.07,0.54,0.25,0.4807692307692307,0.05769230769230771,15
Boston College,2018,7,5,5.42,32.0,5.17,25.7,0.339,0.374,0.5,0.5,0.58,0.0,9.77,9.77,0.5833333333333334,0.5534188034188033,0.33333333333333337,28.849999999999998,24.25,0.48,26.03333333333333,24.5,0.5,24.3,22.020000000000003,0.366,0.5384615384615384,0.5384615384615384,25.7,20.4,22.8,25.0,5.1,4.42,5.37,5.09,0.38,0.54,0.49786324786324787,0.0854700854700855,15
Boston College,2019,6,7,5.79,29.0,6.33,32.2,0.43,0.464,0.542,0.682,0.38,0.0,5.52,5.52,0.46153846153846156,0.5277777777777778,-0.07692307692307687,30.5,28.950000000000003,0.48,28.900000000000002,26.900000000000002,0.4466666666666666,24.860000000000003,24.2,0.426,0.5833333333333334,0.5384615384615384,32.0,25.7,25.7,22.8,5.42,5.1,5.17,5.37,0.58,0.38,0.4926739926739927,-0.031135531135531136,15
Boston College,2020,6,5,5.65,27.8,6.11,28.4,0.442,0.404,0.643,0.812,0.64,0.0,5.77,5.77,0.5454545454545454,0.5301087801087802,0.006993006993006978,28.4,30.3,0.51,29.599999999999998,28.76666666666667,0.5333333333333333,26.98,26.82,0.504,0.46153846153846156,0.5833333333333334,29.0,32.0,32.2,25.7,5.79,5.42,6.33,5.17,0.38,0.58,0.49927156177156173,0.04618298368298368,15
Boston College,2021,6,6,5.37,24.7,5.44,22.2,0.394,0.345,0.522,0.458,-0.08,1.0,12.47,12.47,0.5,0.5023310023310024,-0.08333333333333337,26.25,25.299999999999997,0.28,27.166666666666668,27.599999999999998,0.3133333333333333,27.839999999999996,26.26,0.38,0.5454545454545454,0.46153846153846156,27.8,29.0,28.4,32.2,5.65,5.79,6.11,6.33,0.64,0.38,0.4993524993524993,0.0006475006475006873,15
Boston College,2022,3,9,4.64,17.8,5.63,30.3,0.328,0.37,0.444,0.2,-0.92,21.53,4.79,5.92,0.25,0.4318181818181818,-0.21153846153846156,21.25,26.25,-0.5,23.433333333333334,26.96666666666667,-0.12,26.26,27.76,0.12000000000000002,0.5,0.5454545454545454,24.7,27.8,22.2,28.4,5.37,5.65,5.44,6.11,-0.08,0.64,0.4744172494172494,-0.2244172494172494,15
Boston College,2023,7,6,5.46,24.8,6.29,28.3,0.414,0.416,0.763,0.722,-0.15,18.77,6.44,6.44,0.5384615384615384,0.42948717948717946,-0.006993006993006978,21.299999999999997,29.3,-0.535,22.433333333333337,26.933333333333334,-0.3833333333333333,24.82,28.28,-0.025999999999999995,0.25,0.5,17.8,24.7,30.3,22.2,4.64,5.37,5.63,5.44,-0.92,-0.08,0.4802394575121847,0.058222080949353716,15
Bowling Green,2013,10,4,6.54,34.8,5.06,15.9,0.455,0.353,0.455,0.348,0.71,21.13,7.25,7.25,0.7142857142857143,0.7142857142857143,-0.380952380952381,34.8,15.9,0.71,34.8,15.9,0.71,34.8,15.9,0.71,0.0,0.0,0.0,0.0,0.0,0.0,0.0,0.0,0.0,0.0,0.0,0.0,0.7142857142857143,0.0,16
Bowling Green,2014,8,6,5.5,30.0,5.98,33.5,0.377,0.43,0.304,0.435,0.71,21.74,7.17,7.17,0.5714285714285714,0.6428571428571428,-0.380952380952381,32.4,24.7,0.71,32.4,24.7,0.71,32.4,24.7,0.71,0.7142857142857143,0.0,34.8,0.0,15.9,0.0,6.54,0.0,5.06,0.0,0.71,0.0,0.6428571428571428,-0.0714285714285714,16
Bowling Green,2015,10,4,6.74,42.2,5.4,28.9,0.502,0.408,0.533,0.484,0.86,21.18,18.0,18.0,0.7142857142857143,0.6666666666666666,-0.380952380952381,36.1,31.2,0.7849999999999999,35.666666666666664,26.099999999999998,0.7599999999999999,35.666666666666664,26.099999999999998,0.7599999999999999,0.5714285714285714,0.7142857142857143,30.0,34.8,33.5,15.9,5.5,6.54,5.98,5.06,0.71,0.71,0.6666666666666666,0.04761904761904767,16
Bowling Green,2016,4,8,5.13,24.8,6.32,38.3,0.307,0.448,0.591,0.571,-1.33,0.0,5.2,5.2,0.3333333333333333,0.5396825396825397,-0.380952380952381,33.5,33.599999999999994,-0.2350000000000001,32.333333333333336,33.56666666666666,0.07999999999999992,32.95,29.15,0.23749999999999993,0.7142857142857143,0.5714285714285714,42.2,30.0,28.9,33.5,6.74,5.5,5.4,5.98,0.86,0.71,0.5833333333333334,-0.25000000000000006,16
Bowling Green,2017,2,10,5.48,25.3,6.61,38.0,0.364,0.478,0.333,0.474,-0.08,0.0,4.27,4.27,0.16666666666666666,0.4047619047619047,-0.40476190476190477,25.05,38.15,-0.7050000000000001,30.76666666666667,35.06666666666666,-0.18333333333333338,31.419999999999998,30.919999999999998,0.17399999999999996,0.3333333333333333,0.7142857142857143,24.8,42.2,38.3,28.9,5.13,6.74,6.32,5.4,-1.33,0.86,0.5,-0.33333333333333337,16
Bowling Green,2018,3,9,5.19,24.3,6.45,40.0,0.39,0.449,0.5,0.72,-0.67,0.0,1.3,1.3,0.25,0.25,-0.4642857142857143,24.8,39.0,-0.375,24.8,38.76666666666666,-0.6933333333333334,29.32,35.739999999999995,-0.10200000000000005,0.16666666666666666,0.3333333333333333,25.3,24.8,38.0,38.3,5.48,5.13,6.61,6.32,-0.08,-1.33,0.4583333333333333,-0.20833333333333331,16
Bowling Green,2019,3,9,4.56,16.0,7.03,38.6,0.332,0.442,0.219,0.471,-0.5,0.0,6.82,6.82,0.25,0.2222222222222222,-0.08333333333333331,20.15,39.3,-0.585,21.86666666666667,38.86666666666667,-0.4166666666666667,26.52,36.76,-0.34400000000000003,0.25,0.16666666666666666,24.3,25.3,40.0,38.0,5.19,5.48,6.45,6.61,-0.67,-0.08,0.42857142857142855,-0.17857142857142855,16
Bowling Green,2020,0,5,5.2,11.4,6.68,45.0,0.262,0.514,0.214,0.556,-2.0,1.0,5.33,5.33,0.0,0.16666666666666666,-0.16666666666666666,13.7,41.8,-1.25,17.233333333333334,41.199999999999996,-1.0566666666666666,20.36,39.98,-0.916,0.25,0.25,16.0,24.3,38.6,40.0,4.56,5.19,7.03,6.45,-0.5,-0.67,0.375,-0.375,16
Bowling Green,2021,4,8,4.89,21.4,5.29,30.7,0.341,0.413,0.333,0.4,0.17,1.0,6.81,6.81,0.3333333333333333,0.19444444444444445,0.08333333333333331,16.4,37.85,-0.915,16.266666666666666,38.1,-0.7766666666666667,19.68,38.46,-0.616,0.0,0.25,11.4,16.0,45.0,38.6,5.2,4.56,6.68,7.03,-2.0,-0.5,0.37037037037037035,-0.037037037037037035,16
Bowling Green,2022,6,7,5.1,23.5,5.82,32.5,0.34,0.47,0.44,0.481,0.0,22.71,14.18,3.8,0.46153846153846156,0.26495726495726496,0.21153846153846156,22.45,31.6,0.085,18.766666666666666,36.06666666666667,-0.61,19.32,37.36,-0.6,0.3333333333333333,0.0,21.4,11.4,30.7,45.0,4.89,5.2,5.29,6.68,0.17,-2.0,0.37948717948717947,0.08205128205128209,16
Bowling Green,2023,7,6,5.38,26.2,5.24,24.0,0.333,0.383,0.6,0.484,0.69,19.26,8.14,8.14,0.5384615384615384,0.4444444444444445,0.5384615384615384,24.85,28.25,0.345,23.7,29.066666666666666,0.2866666666666667,19.7,34.160000000000004,-0.328,0.46153846153846156,0.3333333333333333,23.5,21.4,32.5,30.7,5.1,4.89,5.82,5.29,0.0,0.17,0.3939393939393939,0.1445221445221445,16
Buffalo,2013,8,5,5.32,30.3,5.59,24.4,0.401,0.348,0.471,0.222,1.08,18.08,7.91,7.91,0.6153846153846154,0.6153846153846154,-0.4487179487179488,30.3,24.4,1.08,30.3,24.4,1.08,30.3,24.4,1.08,0.0,0.0,0.0,0.0,0.0,0.0,0.0,0.0,0.0,0.0,0.0,0.0,0.6153846153846154,0.0,17
Buffalo,2014,5,6,5.95,32.3,5.86,31.5,0.457,0.379,0.522,0.714,-0.27,19.79,3.56,3.56,0.45454545454545453,0.534965034965035,-0.4487179487179488,31.299999999999997,27.95,0.405,31.299999999999997,27.95,0.405,31.299999999999997,27.95,0.405,0.6153846153846154,0.0,30.3,0.0,24.4,0.0,5.32,0.0,5.59,0.0,1.08,0.0,0.534965034965035,-0.08041958041958047,17
Buffalo,2015,5,7,5.27,26.7,5.66,27.6,0.366,0.393,0.652,0.429,0.0,22.35,8.5,8.5,0.4166666666666667,0.4955322455322455,-0.4487179487179488,29.5,29.55,-0.135,29.766666666666666,27.833333333333332,0.27,29.766666666666666,27.833333333333332,0.27,0.45454545454545453,0.6153846153846154,32.3,30.3,31.5,24.4,5.95,5.32,5.86,5.59,-0.27,1.08,0.4955322455322455,-0.07886557886557882,17
Buffalo,2016,2,10,5.16,16.5,5.92,32.3,0.365,0.462,0.438,0.375,-0.5,1.0,11.24,11.24,0.16666666666666666,0.34595959595959597,-0.4487179487179488,21.6,29.95,-0.25,25.166666666666668,30.46666666666667,-0.25666666666666665,26.45,28.95,0.07750000000000001,0.4166666666666667,0.45454545454545453,26.7,32.3,27.6,31.5,5.27,5.95,5.66,5.86,0.0,-0.27,0.4133158508158508,-0.24664918414918416,17
Buffalo,2017,6,6,6.26,28.5,5.49,24.8,0.414,0.418,0.667,0.55,0.08,0.0,8.36,8.36,0.5,0.3611111111111111,0.04545454545454547,22.5,28.549999999999997,-0.21,23.900000000000002,28.233333333333334,-0.13999999999999999,26.859999999999996,28.119999999999997,0.07800000000000001,0.16666666666666666,0.4166666666666667,16.5,26.7,32.3,27.6,5.16,5.27,5.92,5.66,-0.5,0.0,0.4306526806526806,0.06934731934731941,17
Buffalo,2018,10,4,5.78,34.6,5.24,25.9,0.424,0.374,0.594,0.656,0.29,0.0,6.0,6.0,0.7142857142857143,0.4603174603174603,0.2976190476190476,31.55,25.35,0.185,26.53333333333333,27.666666666666668,-0.043333333333333335,27.72,28.419999999999998,-0.07999999999999999,0.5,0.16666666666666666,28.5,16.5,24.8,32.3,6.26,5.16,5.49,5.92,0.08,-0.5,0.4779248529248529,0.23636086136086137,17
Buffalo,2019,8,5,5.39,31.5,4.87,21.3,0.448,0.337,0.64,0.424,0.62,0.0,11.0,11.0,0.6153846153846154,0.6098901098901098,0.4487179487179488,33.05,23.6,0.45499999999999996,31.53333333333333,24.0,0.33,27.560000000000002,26.379999999999995,0.098,0.7142857142857143,0.5,34.6,28.5,25.9,24.8,5.78,6.26,5.24,5.49,0.29,0.08,0.49756196184767615,0.11782265353693927,17
Buffalo,2020,6,1,7.33,43.4,5.2,21.9,0.481,0.313,0.538,0.562,0.57,0.0,0.0,0.0,0.8571428571428571,0.728937728937729,0.3571428571428571,37.45,21.6,0.595,36.5,23.03333333333333,0.49333333333333335,30.9,25.24,0.21200000000000002,0.6153846153846154,0.7142857142857143,31.5,34.6,21.3,25.9,5.39,5.78,4.87,5.24,0.62,0.29,0.5425095737595738,0.31463328338328334,17
Buffalo,2021,4,8,5.42,28.8,6.34,29.9,0.46,0.388,0.583,0.7,-0.58,0.0,9.92,9.92,0.3333333333333333,0.6019536019536019,-0.380952380952381,36.1,25.9,-0.004999999999999949,34.56666666666667,24.366666666666664,0.20333333333333334,33.36,24.759999999999998,0.196,0.8571428571428571,0.6153846153846154,43.4,31.5,21.9,21.3,7.33,5.39,5.2,4.87,0.57,0.62,0.5192677692677692,-0.18593443593443587,17
Buffalo,2022,7,6,4.89,28.5,6.05,26.7,0.392,0.353,0.595,0.423,0.77,20.62,1.0,14.06,0.5384615384615384,0.5763125763125763,-0.07692307692307698,28.65,28.299999999999997,0.09500000000000008,33.56666666666667,26.166666666666668,0.25333333333333335,33.36,25.14,0.33399999999999996,0.3333333333333333,0.8571428571428571,28.8,43.4,29.9,21.9,5.42,7.33,6.34,5.2,-0.58,0.57,0.5211871461871462,0.017274392274392203,17
Buffalo,2023,3,9,4.61,20.9,5.8,27.4,0.344,0.335,0.366,0.611,0.08,21.41,6.47,6.47,0.25,0.37393162393162394,-0.6071428571428571,24.7,27.049999999999997,0.42500000000000004,26.066666666666666,28.0,0.09000000000000002,30.619999999999997,25.439999999999998,0.292,0.5384615384615384,0.3333333333333333,28.5,28.8,26.7,29.9,4.89,5.42,6.05,6.34,0.77,-0.58,0.49653376926104204,-0.24653376926104204,17
California,2013,1,11,5.21,23.0,7.08,45.9,0.338,0.414,0.421,0.667,-1.25,19.66,19.3,19.3,0.08333333333333333,0.08333333333333333,0.33333333333333337,23.0,45.9,-1.25,23.0,45.9,-1.25,23.0,45.9,-1.25,0.0,0.0,0.0,0.0,0.0,0.0,0.0,0.0,0.0,0.0,0.0,0.0,0.08333333333333333,0.0,18
California,2014,5,7,6.09,38.3,6.27,39.8,0.461,0.419,0.679,0.741,-0.25,20.71,11.43,11.43,0.4166666666666667,0.25,0.33333333333333337,30.65,42.849999999999994,-0.75,30.65,42.849999999999994,-0.75,30.65,42.849999999999994,-0.75,0.08333333333333333,0.0,23.0,0.0,45.9,0.0,5.21,0.0,7.08,0.0,-1.25,0.0,0.25,0.16666666666666669,18
California,2015,8,5,6.96,37.9,6.1,30.7,0.469,0.43,0.5,0.588,0.31,20.94,10.33,10.33,0.6153846153846154,0.3717948717948718,0.33333333333333337,38.099999999999994,35.25,0.03,33.06666666666666,38.8,-0.39666666666666667,33.06666666666666,38.8,-0.39666666666666667,0.4166666666666667,0.08333333333333333,38.3,23.0,39.8,45.9,6.09,5.21,6.27,7.08,-0.25,-1.25,0.3717948717948718,0.2435897435897436,18
California,2016,5,7,5.95,37.1,6.71,42.6,0.391,0.472,0.742,0.818,0.25,2.0,11.85,11.85,0.4166666666666667,0.48290598290598297,0.33333333333333337,37.5,36.65,0.28,37.766666666666666,37.7,0.10333333333333333,34.075,39.75,-0.235,0.6153846153846154,0.4166666666666667,37.9,38.3,30.7,39.8,6.96,6.09,6.1,6.27,0.31,-0.25,0.38301282051282054,0.033653846153846145,18
California,2017,5,7,5.17,27.8,5.81,28.4,0.404,0.442,0.68,0.444,0.33,0.0,10.47,10.47,0.4166666666666667,0.48290598290598297,0.0,32.45,35.5,0.29000000000000004,34.266666666666666,33.900000000000006,0.2966666666666667,32.82,37.480000000000004,-0.122,0.4166666666666667,0.6153846153846154,37.1,37.9,42.6,30.7,5.95,6.96,6.71,6.1,0.25,0.31,0.3897435897435898,0.026923076923076883,18
California,2018,7,6,4.91,21.5,4.59,20.4,0.354,0.347,0.63,0.545,-0.23,0.0,8.96,8.96,0.5384615384615384,0.45726495726495725,-0.07692307692307698,24.65,24.4,0.05,28.8,30.46666666666667,0.11666666666666665,32.519999999999996,32.379999999999995,0.082,0.4166666666666667,0.4166666666666667,27.8,37.1,28.4,42.6,5.17,5.95,5.81,6.71,0.33,0.25,0.41452991452991456,0.12393162393162388,18
California,2019,8,5,5.08,21.2,5.37,21.9,0.376,0.405,0.375,0.571,0.23,0.0,8.05,8.05,0.6153846153846154,0.5235042735042735,0.19871794871794873,21.35,21.15,0.0,23.5,23.566666666666663,0.11,29.1,28.8,0.178,0.5384615384615384,0.4166666666666667,21.5,27.8,20.4,28.4,4.91,5.17,4.59,5.81,-0.23,0.33,0.44322344322344326,0.17216117216117216,18
California,2020,1,3,4.47,20.2,5.69,26.5,0.373,0.407,0.5,0.5,0.0,0.0,14.0,14.0,0.25,0.4679487179487179,-0.16666666666666669,20.7,24.2,0.115,20.96666666666667,22.933333333333334,0.0,25.56,27.96,0.11600000000000002,0.6153846153846154,0.5384615384615384,21.2,21.5,21.9,20.4,5.08,4.91,5.37,4.59,0.23,-0.23,0.41907051282051283,-0.16907051282051283,18
California,2021,5,7,5.91,23.8,5.31,22.2,0.407,0.464,0.31,0.5,0.83,0.0,9.42,9.42,0.4166666666666667,0.4273504273504274,-0.12179487179487175,22.0,24.35,0.415,21.733333333333334,23.53333333333333,0.35333333333333333,22.9,23.88,0.23199999999999998,0.25,0.6153846153846154,20.2,21.2,26.5,21.9,4.47,5.08,5.69,5.37,0.0,0.23,0.4188034188034188,-0.002136752136752129,18
California,2022,4,8,5.57,23.9,5.82,27.8,0.353,0.391,0.522,0.577,0.5,18.0,10.91,9.91,0.3333333333333333,0.3333333333333333,-0.2820512820512821,23.85,25.0,0.665,22.633333333333336,25.5,0.44333333333333336,22.119999999999997,23.76,0.266,0.4166666666666667,0.25,23.8,20.2,22.2,26.5,5.91,4.47,5.31,5.69,0.83,0.0,0.41025641025641024,-0.07692307692307693,18
California,2023,6,7,5.46,30.2,5.71,32.8,0.387,0.415,0.545,0.605,0.0,19.8,13.7,13.7,0.46153846153846156,0.4038461538461539,0.21153846153846156,27.049999999999997,30.299999999999997,0.25,25.966666666666665,27.599999999999998,0.44333333333333336,23.86,26.24,0.312,0.3333333333333333,0.4166666666666667,23.9,23.8,27.8,22.2,5.57,5.91,5.82,5.31,0.5,0.83,0.4149184149184149,0.04662004662004665,18
Central Mich.,2013,6,6,5.41,23.3,5.85,28.6,0.429,0.448,0.3,0.421,-0.42,19.81,10.79,10.79,0.5,0.5,-0.038461538461538436,23.3,28.6,-0.42,23.3,28.6,-0.42,23.3,28.6,-0.42,0.0,0.0,0.0,0.0,0.0,0.0,0.0,0.0,0.0,0.0,0.0,0.0,0.5,0.0,19
Central Mich.,2014,7,6,5.84,26.9,5.44,25.2,0.435,0.403,0.438,0.5,-0.38,21.7,13.17,13.17,0.5384615384615384,0.5192307692307692,-0.038461538461538436,25.1,26.9,-0.4,25.1,26.9,-0.4,25.1,26.9,-0.4,0.5,0.0,23.3,0.0,28.6,0.0,5.41,0.0,5.85,0.0,-0.42,0.0,0.5192307692307692,0.019230769230769273,19
Central Mich.,2015,7,6,5.71,25.8,5.14,22.0,0.438,0.356,0.625,0.478,0.15,23.3,5.2,5.2,0.5384615384615384,0.5256410256410257,-0.038461538461538436,26.35,23.6,-0.115,25.333333333333332,25.266666666666666,-0.21666666666666667,25.333333333333332,25.266666666666666,-0.21666666666666667,0.5384615384615384,0.5,26.9,23.3,25.2,28.6,5.84,5.41,5.44,5.85,-0.38,-0.42,0.5256410256410257,0.012820512820512775,19
Central Mich.,2016,6,7,5.8,26.3,5.74,30.3,0.415,0.418,0.538,0.429,-0.46,0.0,5.53,5.53,0.46153846153846156,0.5128205128205128,-0.038461538461538436,26.05,26.15,-0.15500000000000003,26.333333333333332,25.833333333333332,-0.22999999999999998,25.575,26.525,-0.27749999999999997,0.5384615384615384,0.5384615384615384,25.8,26.9,22.0,25.2,5.71,5.84,5.14,5.44,0.15,-0.38,0.5096153846153846,-0.04807692307692302,19
Central Mich.,2017,8,5,5.49,28.5,5.03,27.5,0.304,0.349,0.556,0.474,0.0,0.0,9.24,9.24,0.6153846153846154,0.5384615384615384,0.07692307692307698,27.4,28.9,-0.23,26.866666666666664,26.599999999999998,-0.10333333333333333,26.160000000000004,26.72,-0.22199999999999998,0.46153846153846156,0.5384615384615384,26.3,25.8,30.3,22.0,5.8,5.71,5.74,5.14,-0.46,0.15,0.5307692307692308,0.08461538461538465,19
Central Mich.,2018,1,11,3.78,15.0,4.96,27.3,0.291,0.393,0.462,0.438,-0.42,0.0,8.52,8.52,0.08333333333333333,0.38675213675213677,-0.4551282051282051,21.75,27.4,-0.20999999999999996,23.266666666666666,28.366666666666664,-0.2933333333333333,24.5,26.46,-0.22200000000000003,0.6153846153846154,0.46153846153846156,28.5,26.3,27.5,30.3,5.49,5.8,5.03,5.74,0.0,-0.46,0.4561965811965812,-0.37286324786324787,19
Central Mich.,2019,8,6,6.08,30.4,5.42,28.3,0.405,0.337,0.567,0.375,-0.79,0.0,9.38,9.38,0.5714285714285714,0.4233821733821734,0.10989010989010983,22.7,27.8,-0.605,24.633333333333336,27.7,-0.4033333333333333,25.2,27.080000000000002,-0.304,0.08333333333333333,0.6153846153846154,15.0,28.5,27.3,27.5,3.78,5.49,4.96,5.03,-0.42,0.0,0.4726582940868655,0.0987702773417059,19
Central Mich.,2020,3,3,5.82,31.3,5.85,30.2,0.282,0.449,0.579,0.375,1.0,1.0,4.6,4.6,0.5,0.3849206349206349,-0.11538461538461542,30.85,29.25,0.10499999999999998,25.566666666666666,28.599999999999998,-0.06999999999999999,26.3,28.72,-0.13400000000000004,0.5714285714285714,0.08333333333333333,30.4,15.0,28.3,27.3,6.08,3.78,5.42,4.96,-0.79,-0.42,0.4760760073260073,0.0239239926739927,19
Central Mich.,2021,9,4,5.95,32.3,5.58,25.8,0.372,0.298,0.586,0.438,0.08,0.0,6.46,6.46,0.6923076923076923,0.5879120879120879,0.6089743589743589,31.8,28.0,0.54,31.333333333333332,28.100000000000005,0.09666666666666668,27.5,27.82,-0.026000000000000013,0.5,0.5714285714285714,31.3,30.4,30.2,28.3,5.82,6.08,5.85,5.42,1.0,-0.79,0.5001017501017501,0.19220594220594223,19
Central Mich.,2022,4,8,5.28,24.8,5.2,28.2,0.355,0.33,0.545,0.462,-1.5,21.24,4.9,7.36,0.3333333333333333,0.5085470085470085,-0.23809523809523808,28.549999999999997,27.0,-0.71,29.466666666666665,28.066666666666666,-0.13999999999999999,26.76,27.959999999999997,-0.326,0.6923076923076923,0.5,32.3,31.3,25.8,30.2,5.95,5.82,5.58,5.85,0.08,1.0,0.4834249084249084,-0.15009157509157506,19
Central Mich.,2023,5,7,5.29,23.2,6.34,31.1,0.343,0.368,0.696,0.5,-0.67,20.22,8.11,8.11,0.4166666666666667,0.48076923076923067,-0.08333333333333331,24.0,29.65,-1.085,26.766666666666666,28.366666666666664,-0.6966666666666667,28.4,28.72,-0.37600000000000006,0.3333333333333333,0.6923076923076923,24.8,32.3,28.2,25.8,5.28,5.95,5.2,5.58,-1.5,0.08,0.47735597735597735,-0.06068931068931066,19
Charlotte,2016,4,8,4.94,25.2,6.03,34.6,0.323,0.419,0.485,0.5,0.58,0.0,5.95,5.95,0.3333333333333333,0.3333333333333333,0.20512820512820512,25.2,34.6,0.58,25.2,34.6,0.58,25.2,34.6,0.58,0.0,0.0,0.0,0.0,0.0,0.0,0.0,0.0,0.0,0.0,0.0,0.0,0.3333333333333333,0.0,20
Charlotte,2017,1,11,4.92,14.2,6.16,32.8,0.26,0.436,0.45,0.4,-0.75,0.0,6.11,6.11,0.08333333333333333,0.20833333333333331,0.20512820512820512,19.7,33.7,-0.08500000000000002,19.7,33.7,-0.08500000000000002,19.7,33.7,-0.08500000000000002,0.3333333333333333,0.0,25.2,0.0,34.6,0.0,4.94,0.0,6.03,0.0,0.58,0.0,0.20833333333333331,-0.12499999999999999,20
Charlotte,2018,5,7,4.96,21.7,5.78,26.6,0.421,0.373,0.316,0.294,0.08,1.0,14.5,14.5,0.4166666666666667,0.27777777777777773,0.20512820512820512,17.95,29.7,-0.335,20.366666666666664,31.333333333333332,-0.030000000000000013,20.366666666666664,31.333333333333332,-0.030000000000000013,0.08333333333333333,0.3333333333333333,14.2,25.2,32.8,34.6,4.92,4.94,6.16,6.03,-0.75,0.58,0.27777777777777773,0.13888888888888895,20
Charlotte,2019,7,6,6.35,29.8,6.01,32.4,0.413,0.417,0.565,0.789,-0.31,2.0,12.53,12.53,0.5384615384615384,0.3461538461538462,0.20512820512820512,25.75,29.5,-0.11499999999999999,21.899999999999995,30.599999999999998,-0.32666666666666666,22.725,31.6,-0.1,0.4166666666666667,0.08333333333333333,21.7,14.2,26.6,32.8,4.96,4.92,5.78,6.16,0.08,-0.75,0.34294871794871795,0.19551282051282048,20
Charlotte,2020,2,4,5.45,27.0,6.55,32.5,0.406,0.464,0.583,0.2,0.33,0.0,8.25,8.25,0.3333333333333333,0.4294871794871795,0.25,28.4,32.45,0.010000000000000009,26.166666666666668,30.5,0.033333333333333326,23.580000000000002,31.78,-0.014000000000000002,0.5384615384615384,0.4166666666666667,29.8,21.7,32.4,26.6,6.35,4.96,6.01,5.78,-0.31,0.08,0.34102564102564104,-0.0076923076923077205,20
Charlotte,2021,5,7,5.87,27.2,7.14,34.0,0.4,0.444,0.629,0.625,-0.42,0.0,2.75,2.75,0.4166666666666667,0.4294871794871795,0.0,27.1,33.25,-0.044999999999999984,28.0,32.96666666666667,-0.13333333333333333,23.979999999999997,31.660000000000004,-0.21399999999999997,0.3333333333333333,0.5384615384615384,27.0,29.8,32.5,32.4,5.45,6.35,6.55,6.01,0.33,-0.31,0.35363247863247865,0.06303418803418803,20
Charlotte,2022,3,9,5.81,24.4,7.08,39.4,0.396,0.444,0.353,0.63,-0.67,19.05,7.64,2.11,0.25,0.3333333333333333,-0.28846153846153844,25.799999999999997,36.7,-0.545,26.2,35.300000000000004,-0.25333333333333335,26.02,32.98,-0.198,0.4166666666666667,0.3333333333333333,27.2,27.0,34.0,32.5,5.87,5.45,7.14,6.55,-0.42,0.33,0.33882783882783885,-0.08882783882783885,20
Charlotte,2023,3,9,4.74,17.5,5.84,28.6,0.237,0.394,0.543,0.562,-0.42,20.94,8.82,8.82,0.25,0.30555555555555564,-0.08333333333333331,20.95,34.0,-0.545,23.03333333333333,34.0,-0.5033333333333334,25.18,33.38,-0.298,0.25,0.4166666666666667,24.4,27.2,39.4,34.0,5.81,5.87,7.08,7.14,-0.67,-0.42,0.327724358974359,-0.07772435897435898,20
Cincinnati,2013,9,4,6.23,32.1,4.77,21.0,0.484,0.331,0.474,0.545,-0.54,19.98,15.47,15.47,0.6923076923076923,0.6923076923076923,-0.358974358974359,32.1,21.0,-0.54,32.1,21.0,-0.54,32.1,21.0,-0.54,0.0,0.0,0.0,0.0,0.0,0.0,0.0,0.0,0.0,0.0,0.0,0.0,0.6923076923076923,0.0,21
Cincinnati,2014,9,4,6.33,34.0,5.98,27.2,0.412,0.441,0.688,0.412,0.15,22.74,4.92,4.92,0.6923076923076923,0.6923076923076923,-0.358974358974359,33.05,24.1,-0.195,33.05,24.1,-0.195,33.05,24.1,-0.195,0.6923076923076923,0.0,32.1,0.0,21.0,0.0,6.23,0.0,4.77,0.0,-0.54,0.0,0.6923076923076923,0.0,21
Cincinnati,2015,7,6,6.6,33.8,5.79,31.2,0.51,0.371,0.636,0.55,-1.46,26.33,9.25,9.25,0.5384615384615384,0.641025641025641,-0.358974358974359,33.9,29.2,-0.655,33.300000000000004,26.46666666666667,-0.6166666666666667,33.300000000000004,26.46666666666667,-0.6166666666666667,0.6923076923076923,0.6923076923076923,34.0,32.1,27.2,21.0,6.33,6.23,5.98,4.77,0.15,-0.54,0.641025641025641,-0.10256410256410253,21
Cincinnati,2016,4,8,5.28,19.3,5.34,26.9,0.379,0.479,0.412,0.611,0.08,0.0,10.62,10.62,0.3333333333333333,0.5213675213675214,-0.358974358974359,26.549999999999997,29.049999999999997,-0.69,29.033333333333335,28.433333333333334,-0.41,29.8,26.575,-0.4425,0.5384615384615384,0.6923076923076923,33.8,34.0,31.2,27.2,6.6,6.33,5.79,5.98,-1.46,0.15,0.5641025641025641,-0.23076923076923078,21
Cincinnati,2017,4,8,5.24,20.9,5.85,31.8,0.39,0.433,0.533,0.778,-0.42,1.0,4.47,4.47,0.3333333333333333,0.40170940170940167,-0.358974358974359,20.1,29.35,-0.16999999999999998,24.666666666666668,29.966666666666665,-0.6,28.02,27.619999999999997,-0.438,0.3333333333333333,0.5384615384615384,19.3,33.8,26.9,31.2,5.28,6.6,5.34,5.79,0.08,-1.46,0.5179487179487179,-0.18461538461538457,21
Cincinnati,2018,11,2,6.12,34.9,4.7,17.2,0.487,0.284,0.478,0.308,0.0,0.0,4.96,4.96,0.8461538461538461,0.5042735042735043,0.3076923076923077,27.9,24.5,-0.21,25.03333333333333,25.3,-0.11333333333333333,28.580000000000002,26.860000000000003,-0.32999999999999996,0.3333333333333333,0.3333333333333333,20.9,19.3,31.8,26.9,5.24,5.28,5.85,5.34,-0.42,0.08,0.5726495726495726,0.27350427350427353,21
Cincinnati,2019,11,3,5.5,29.6,5.13,20.6,0.434,0.382,0.647,0.263,0.43,1.0,4.94,4.94,0.7857142857142857,0.6550671550671551,0.4523809523809524,32.25,18.9,0.215,28.46666666666667,23.2,0.003333333333333336,27.7,25.54,-0.27399999999999997,0.8461538461538461,0.3333333333333333,34.9,20.9,17.2,31.8,6.12,5.24,4.7,5.85,0.0,-0.42,0.6030873888016746,0.18262689691261114,21
Cincinnati,2020,9,0,6.87,39.3,4.37,16.0,0.483,0.357,0.692,0.391,0.44,0.0,7.55,7.55,1.0,0.8772893772893773,0.6666666666666667,34.45,18.3,0.435,34.599999999999994,17.933333333333334,0.29,28.8,22.5,0.10600000000000001,0.7857142857142857,0.8461538461538461,29.6,34.9,20.6,17.2,5.5,6.12,5.13,4.7,0.43,0.0,0.6527014652014652,0.3472985347985348,21
Cincinnati,2021,13,1,6.73,36.4,4.47,16.9,0.395,0.338,0.6,0.514,0.86,0.0,1.53,1.53,0.9285714285714286,0.9047619047619048,0.08241758241758246,37.849999999999994,16.45,0.65,35.1,17.833333333333332,0.5766666666666667,32.22,20.5,0.262,1.0,0.7857142857142857,39.3,29.6,16.0,20.6,6.87,5.5,4.37,5.13,0.44,0.43,0.6833536833536833,0.2452177452177453,21
Cincinnati,2022,9,4,5.76,29.2,4.62,20.6,0.363,0.385,0.619,0.458,0.46,21.35,11.36,3.48,0.6923076923076923,0.8736263736263736,-0.09340659340659341,32.8,18.75,0.66,34.96666666666666,17.833333333333332,0.5866666666666667,33.879999999999995,18.26,0.438,0.9285714285714286,1.0,36.4,39.3,16.9,16.0,6.73,6.87,4.47,4.37,0.86,0.44,0.6842490842490843,0.00805860805860803,21
Cincinnati,2023,3,9,5.83,24.1,6.67,30.0,0.42,0.399,0.452,0.706,-0.33,20.04,4.5,4.5,0.25,0.6236263736263736,-0.75,26.65,25.3,0.06499999999999995,29.899999999999995,22.5,0.32999999999999996,31.720000000000006,20.82,0.372,0.6923076923076923,0.9285714285714286,29.2,36.4,20.6,16.9,5.76,6.73,4.62,4.47,0.46,0.86,0.6447718947718948,-0.3947718947718948,21
Clemson,2013,11,2,6.36,40.2,5.03,22.2,0.447,0.308,0.577,0.609,0.46,19.44,5.44,5.44,0.8461538461538461,0.8461538461538461,0.0871794871794872,40.2,22.2,0.46,40.2,22.2,0.46,40.2,22.2,0.46,0.0,0.0,0.0,0.0,0.0,0.0,0.0,0.0,0.0,0.0,0.0,0.0,0.8461538461538461,0.0,22
Clemson,2014,10,3,5.36,30.8,4.03,16.7,0.419,0.274,0.357,0.333,0.46,19.9,6.44,6.44,0.7692307692307693,0.8076923076923077,0.0871794871794872,35.5,19.45,0.46,35.5,19.45,0.46,35.5,19.45,0.46,0.8461538461538461,0.0,40.2,0.0,22.2,0.0,6.36,0.0,5.03,0.0,0.46,0.0,0.8076923076923077,-0.038461538461538436,22
Clemson,2015,14,1,6.39,38.5,4.85,21.7,0.474,0.277,0.571,0.429,-0.13,24.85,6.06,6.06,0.9333333333333333,0.8495726495726496,0.0871794871794872,34.65,19.2,0.165,36.5,20.2,0.26333333333333336,36.5,20.2,0.26333333333333336,0.7692307692307693,0.8461538461538461,30.8,40.2,16.7,22.2,5.36,6.36,4.03,5.03,0.46,0.46,0.8495726495726496,0.0837606837606838,22
Clemson,2016,14,1,6.19,39.2,4.63,18.0,0.502,0.281,0.6,0.417,-0.07,0.0,5.2,5.2,0.9333333333333333,0.8786324786324786,0.0871794871794872,38.85,19.85,-0.1,36.166666666666664,18.799999999999997,0.08666666666666667,37.175,19.65,0.18,0.9333333333333333,0.7692307692307693,38.5,30.8,21.7,16.7,6.39,5.36,4.85,4.03,-0.13,0.46,0.8705128205128205,0.06282051282051282,22
Clemson,2017,12,2,5.74,33.3,4.27,13.6,0.463,0.293,0.722,0.577,0.29,0.0,9.81,9.81,0.8571428571428571,0.9079365079365079,0.08791208791208782,36.25,15.8,0.10999999999999999,37.0,17.766666666666666,0.02999999999999999,36.4,18.44,0.202,0.9333333333333333,0.9333333333333333,39.2,38.5,18.0,21.7,6.19,6.39,4.63,4.85,-0.07,-0.13,0.8678388278388278,-0.010695970695970725,22
Clemson,2018,15,0,7.35,44.3,4.19,13.1,0.46,0.285,0.579,0.357,0.47,1.0,7.12,7.12,1.0,0.9301587301587301,0.06666666666666665,38.8,13.35,0.38,38.93333333333333,14.9,0.22999999999999998,37.220000000000006,16.619999999999997,0.20400000000000001,0.8571428571428571,0.9333333333333333,33.3,39.2,13.6,18.0,5.74,6.19,4.27,4.63,0.29,-0.07,0.8898656898656899,0.11013431013431008,22
Clemson,2019,14,1,7.38,43.9,4.46,13.5,0.442,0.309,0.5,0.435,1.0,0.0,7.56,7.56,0.9333333333333333,0.9301587301587301,0.0,44.099999999999994,13.3,0.735,40.5,13.4,0.5866666666666667,39.839999999999996,15.98,0.312,1.0,0.8571428571428571,44.3,33.3,13.1,13.6,7.35,5.74,4.19,4.27,0.47,0.29,0.8960753532182103,0.037257980115123046,22
Clemson,2020,10,1,6.72,44.9,4.63,17.5,0.467,0.304,0.769,0.368,0.82,0.0,8.67,8.67,0.9090909090909091,0.9474747474747475,0.051948051948051965,44.4,15.5,0.9099999999999999,44.36666666666667,14.699999999999998,0.7633333333333333,41.12,15.14,0.502,0.9333333333333333,1.0,43.9,44.3,13.5,13.1,7.38,7.35,4.46,4.19,1.0,0.47,0.8977022977022977,0.011388611388611358,22
Clemson,2021,10,3,5.17,26.3,4.44,14.8,0.371,0.34,0.529,0.417,0.15,1.0,3.7,3.7,0.7692307692307693,0.8705516705516705,-0.23076923076923073,35.6,16.15,0.485,38.36666666666667,15.266666666666666,0.6566666666666666,38.54,14.5,0.546,0.9090909090909091,0.9333333333333333,44.9,43.9,17.5,13.5,6.72,7.38,4.63,4.46,0.82,1.0,0.8834276834276834,-0.11419691419691413,22
Clemson,2022,11,3,5.6,33.2,5.03,20.9,0.476,0.352,0.5,0.375,-0.07,22.83,7.0,10.52,0.7857142857142857,0.8213453213453213,-0.14761904761904765,29.750000000000004,17.85,0.039999999999999994,34.8,17.733333333333334,0.3,38.519999999999996,15.959999999999999,0.47400000000000003,0.7692307692307693,0.9090909090909091,26.3,44.9,14.8,17.5,5.17,6.72,4.44,4.63,0.15,0.82,0.8736563436563436,-0.0879420579420579,22
Clemson,2023,9,4,5.25,29.8,4.7,21.1,0.404,0.321,0.519,0.455,0.46,38.14,5.42,5.42,0.6923076923076923,0.7490842490842491,-0.21678321678321677,31.5,21.0,0.195,29.766666666666666,18.933333333333334,0.18000000000000002,35.620000000000005,17.56,0.472,0.7857142857142857,0.7692307692307693,33.2,26.3,20.9,14.8,5.6,5.17,5.03,4.44,-0.07,0.15,0.8571701026246482,-0.16486241031695592,22
Coastal Carolina,2018,5,7,5.84,26.7,7.3,33.2,0.422,0.455,0.688,0.471,-0.5,1.0,8.82,8.82,0.4166666666666667,0.4166666666666667,0.0,26.7,33.2,-0.5,26.7,33.2,-0.5,26.7,33.2,-0.5,0.0,0.0,0.0,0.0,0.0,0.0,0.0,0.0,0.0,0.0,0.0,0.0,0.4166666666666667,0.0,23
Coastal Carolina,2019,5,7,5.53,30.3,6.05,30.5,0.407,0.466,0.793,0.706,0.0,0.0,6.43,6.43,0.4166666666666667,0.4166666666666667,0.2756410256410256,30.3,30.5,0.0,30.3,30.5,0.0,30.3,30.5,0.0,0.0,0.0,0.0,0.0,0.0,0.0,0.0,0.0,0.0,0.0,0.0,0.0,0.4166666666666667,0.0,24
Coastal Carolina,2020,11,0,6.64,37.5,5.36,18.7,0.543,0.374,0.8,0.4,1.0,0.0,7.57,7.57,1.0,0.7083333333333334,0.2756410256410256,33.9,24.6,0.5,33.9,24.6,0.5,33.9,24.6,0.5,0.4166666666666667,0.0,30.3,0.0,30.5,0.0,5.53,0.0,6.05,0.0,0.0,0.0,0.7083333333333334,0.29166666666666663,24
Coastal Carolina,2021,11,2,7.74,40.9,5.28,21.6,0.538,0.36,0.769,0.448,0.15,0.0,0.0,0.0,0.8461538461538461,0.7542735042735043,0.2756410256410256,39.2,20.15,0.575,36.23333333333333,23.599999999999998,0.3833333333333333,36.23333333333333,23.599999999999998,0.3833333333333333,1.0,0.4166666666666667,37.5,30.3,18.7,30.5,6.64,5.53,5.36,6.05,1.0,0.0,0.7542735042735043,0.09188034188034189,24
Coastal Carolina,2022,9,4,6.03,29.1,6.45,31.8,0.428,0.421,0.571,0.478,0.08,19.13,6.7,8.67,0.6923076923076923,0.8461538461538461,0.2756410256410256,35.0,26.700000000000003,0.11499999999999999,35.833333333333336,24.03333333333333,0.41,34.45,25.65,0.3075,0.8461538461538461,1.0,40.9,37.5,21.6,18.7,7.74,6.64,5.28,5.36,0.15,1.0,0.7387820512820513,-0.04647435897435903,24
Coastal Carolina,2023,8,5,6.18,27.7,5.78,23.8,0.442,0.417,0.375,0.48,0.46,21.58,12.14,12.14,0.6153846153846154,0.717948717948718,-0.3846153846153846,28.4,27.8,0.27,32.56666666666667,25.733333333333334,0.22999999999999998,33.1,25.28,0.33799999999999997,0.6923076923076923,0.8461538461538461,29.1,40.9,31.8,21.6,6.03,7.74,6.45,5.28,0.08,0.15,0.7141025641025641,-0.0987179487179487,24
Colorado,2013,4,8,5.34,25.4,6.08,38.3,0.337,0.388,0.286,0.6,-0.25,23.26,9.1,9.1,0.3333333333333333,0.3333333333333333,0.380952380952381,25.4,38.3,-0.25,25.4,38.3,-0.25,25.4,38.3,-0.25,0.0,0.0,0.0,0.0,0.0,0.0,0.0,0.0,0.0,0.0,0.0,0.0,0.3333333333333333,0.0,25
Colorado,2014,2,10,5.29,28.5,6.55,39.0,0.401,0.4,0.483,0.538,-0.83,21.43,10.65,10.65,0.16666666666666666,0.25,0.380952380952381,26.95,38.65,-0.54,26.95,38.65,-0.54,26.95,38.65,-0.54,0.3333333333333333,0.0,25.4,0.0,38.3,0.0,5.34,0.0,6.08,0.0,-0.25,0.0,0.25,-0.08333333333333334,25
Colorado,2015,4,9,5.12,24.6,5.72,27.5,0.361,0.422,0.556,0.474,0.08,22.34,6.5,6.5,0.3076923076923077,0.2692307692307692,0.380952380952381,26.55,33.25,-0.375,26.166666666666668,34.93333333333333,-0.3333333333333333,26.166666666666668,34.93333333333333,-0.3333333333333333,0.16666666666666666,0.3333333333333333,28.5,25.4,39.0,38.3,5.29,5.34,6.55,6.08,-0.83,-0.25,0.2692307692307692,0.03846153846153849,25
Colorado,2016,10,4,5.54,31.1,4.87,21.7,0.443,0.327,0.421,0.45,0.43,0.0,13.12,13.12,0.7142857142857143,0.3962148962148962,0.380952380952381,27.85,24.6,0.255,28.066666666666666,29.400000000000002,-0.10666666666666665,27.4,31.625,-0.1425,0.3076923076923077,0.16666666666666666,24.6,28.5,27.5,39.0,5.12,5.29,5.72,6.55,0.08,-0.83,0.3804945054945055,0.3337912087912088,25
Colorado,2017,5,7,5.51,26.4,6.12,28.2,0.418,0.422,0.5,0.375,0.0,0.0,5.0,5.0,0.4166666666666667,0.47954822954822957,0.25,28.75,24.95,0.215,27.366666666666664,25.8,0.17,27.2,30.939999999999998,-0.11399999999999999,0.7142857142857143,0.3076923076923077,31.1,24.6,21.7,27.5,5.54,5.12,4.87,5.72,0.43,0.08,0.38772893772893774,0.028937728937728946,25
Colorado,2018,5,7,5.4,27.1,5.24,27.3,0.361,0.366,0.391,0.545,-0.33,0.0,4.68,4.68,0.4166666666666667,0.5158730158730159,0.10897435897435898,26.75,27.75,-0.165,28.2,25.733333333333334,0.033333333333333326,27.54,28.74,-0.12999999999999998,0.4166666666666667,0.7142857142857143,26.4,31.1,28.2,21.7,5.51,5.54,6.12,4.87,0.0,0.43,0.39255189255189255,0.02411477411477414,25
Colorado,2019,5,7,5.5,23.5,6.51,31.8,0.413,0.474,0.6,0.538,0.25,0.0,13.33,13.33,0.4166666666666667,0.4166666666666667,-0.2976190476190476,25.3,29.55,-0.04000000000000001,25.666666666666668,29.099999999999998,-0.026666666666666672,26.54,27.3,0.086,0.4166666666666667,0.4166666666666667,27.1,26.4,27.3,28.2,5.4,5.51,5.24,6.12,-0.33,0.0,0.3959968602825746,0.020669806384092104,25
Colorado,2020,4,1,5.61,29.6,5.41,27.0,0.468,0.338,0.2,0.125,0.0,0.0,13.0,13.0,0.8,0.5444444444444445,0.38333333333333336,26.55,29.4,0.125,26.733333333333334,28.7,-0.026666666666666672,27.54,27.2,0.06999999999999999,0.4166666666666667,0.4166666666666667,23.5,27.1,31.8,27.3,5.5,5.4,6.51,5.24,0.25,-0.33,0.44649725274725277,0.3535027472527473,25
Colorado,2021,4,8,4.37,18.8,6.06,26.7,0.323,0.431,0.316,0.421,0.5,0.0,10.71,10.71,0.3333333333333333,0.5166666666666667,-0.08333333333333337,24.200000000000003,26.85,0.25,23.96666666666667,28.5,0.25,25.080000000000002,28.2,0.08399999999999999,0.8,0.4166666666666667,29.6,23.5,27.0,31.8,5.61,5.5,5.41,6.51,0.0,0.25,0.43392348392348395,-0.10059015059015064,25
Colorado,2022,1,11,4.52,15.4,7.2,44.5,0.317,0.531,0.355,0.478,-0.92,21.43,16.09,8.32,0.08333333333333333,0.40555555555555567,-0.33333333333333337,17.1,35.6,-0.21000000000000002,21.26666666666667,32.73333333333333,-0.14,22.880000000000003,31.46,-0.1,0.3333333333333333,0.8,18.8,29.6,26.7,27.0,4.37,5.61,6.06,5.41,0.5,0.0,0.39886446886446886,-0.31553113553113554,25
Colorado,2023,4,8,5.24,28.2,6.27,34.8,0.391,0.467,0.667,0.625,0.75,23.88,7.56,7.56,0.3333333333333333,0.25000000000000006,-0.46666666666666673,21.799999999999997,39.65,-0.08500000000000002,20.8,35.333333333333336,0.10999999999999999,23.1,32.96,0.11599999999999996,0.08333333333333333,0.3333333333333333,15.4,18.8,44.5,26.7,4.52,4.37,7.2,6.06,-0.92,0.5,0.39290709290709286,-0.059573759573759544,25
Colorado St.,2017,7,6,6.55,33.4,6.29,27.8,0.503,0.441,0.35,0.389,0.15,0.0,10.46,10.46,0.5384615384615384,0.5384615384615384,-0.28846153846153844,33.4,27.8,0.15,33.4,27.8,0.15,33.4,27.8,0.15,0.0,0.0,0.0,0.0,0.0,0.0,0.0,0.0,0.0,0.0,0.0,0.0,0.5384615384615384,0.0,26
Colorado St.,2018,3,9,5.52,22.8,6.8,36.8,0.429,0.393,0.529,0.5,-0.83,1.0,18.1,18.1,0.25,0.3942307692307692,-0.28846153846153844,28.1,32.3,-0.33999999999999997,28.1,32.3,-0.33999999999999997,28.1,32.3,-0.33999999999999997,0.5384615384615384,0.0,33.4,0.0,27.8,0.0,6.55,0.0,6.29,0.0,0.15,0.0,0.3942307692307692,-0.14423076923076922,26
Colorado St.,2019,4,8,6.24,28.1,5.58,31.2,0.396,0.357,0.524,0.682,-0.92,1.0,5.53,5.53,0.3333333333333333,0.37393162393162394,-0.28846153846153844,25.450000000000003,34.0,-0.875,28.099999999999998,31.933333333333334,-0.5333333333333333,28.099999999999998,31.933333333333334,-0.5333333333333333,0.25,0.5384615384615384,22.8,33.4,36.8,27.8,5.52,6.55,6.8,6.29,-0.83,0.15,0.37393162393162394,-0.04059829059829062,26
Colorado St.,2020,1,3,4.76,22.2,4.82,35.8,0.22,0.403,0.375,0.667,0.25,1.0,15.29,15.29,0.25,0.27777777777777773,-0.28846153846153844,25.15,33.5,-0.335,24.366666666666664,34.6,-0.5,26.625,32.9,-0.3375,0.3333333333333333,0.25,28.1,22.8,31.2,36.8,6.24,5.52,5.58,6.8,-0.92,-0.83,0.34294871794871795,-0.09294871794871795,26
Colorado St.,2021,3,9,5.48,23.7,5.46,28.2,0.406,0.365,0.4,0.647,-0.42,0.0,13.29,13.29,0.25,0.27777777777777773,0.0,22.95,32.0,-0.08499999999999999,24.666666666666668,31.733333333333334,-0.36333333333333334,26.04,31.959999999999997,-0.354,0.25,0.3333333333333333,22.2,28.1,35.8,31.2,4.76,6.24,4.82,5.58,0.25,-0.92,0.3243589743589744,-0.07435897435897437,26
Colorado St.,2022,3,9,4.85,13.2,5.14,26.9,0.225,0.378,0.394,0.684,-0.42,16.79,10.65,5.57,0.25,0.25,-0.08333333333333331,18.45,27.549999999999997,-0.42,19.7,30.299999999999997,-0.19666666666666666,22.0,31.779999999999994,-0.46799999999999997,0.25,0.25,23.7,22.2,28.2,35.8,5.48,4.76,5.46,4.82,-0.42,0.25,0.31196581196581197,-0.06196581196581197,26
Colorado St.,2023,5,7,5.74,26.1,5.71,29.6,0.411,0.441,0.421,0.562,-0.42,21.33,7.15,7.15,0.4166666666666667,0.3055555555555556,0.16666666666666669,19.65,28.25,-0.42,21.0,28.233333333333334,-0.42,22.66,30.339999999999996,-0.386,0.25,0.25,13.2,23.7,26.9,28.2,4.85,5.48,5.14,5.46,-0.42,-0.42,0.3269230769230769,0.08974358974358976,26
Duke,2013,10,4,5.87,32.8,5.67,26.6,0.395,0.373,0.696,0.536,0.07,20.61,10.95,10.95,0.7142857142857143,0.7142857142857143,-0.380952380952381,32.8,26.6,0.07,32.8,26.6,0.07,32.8,26.6,0.07,0.0,0.0,0.0,0.0,0.0,0.0,0.0,0.0,0.0,0.0,0.0,0.0,0.7142857142857143,0.0,27
Duke,2014,9,4,5.38,32.4,5.28,21.8,0.418,0.344,0.552,0.29,0.46,23.25,2.06,2.06,0.6923076923076923,0.7032967032967032,-0.380952380952381,32.599999999999994,24.200000000000003,0.265,32.599999999999994,24.200000000000003,0.265,32.599999999999994,24.200000000000003,0.265,0.7142857142857143,0.0,32.8,0.0,26.6,0.0,5.87,0.0,5.67,0.0,0.07,0.0,0.7032967032967032,-0.01098901098901095,27
Duke,2015,8,5,5.53,31.5,5.37,25.4,0.433,0.377,0.5,0.409,-0.08,19.63,3.0,3.0,0.6153846153846154,0.6739926739926739,-0.380952380952381,31.95,23.6,0.19,32.23333333333333,24.599999999999998,0.15,32.23333333333333,24.599999999999998,0.15,0.6923076923076923,0.7142857142857143,32.4,32.8,21.8,26.6,5.38,5.87,5.28,5.67,0.46,0.07,0.6739926739926739,-0.05860805860805851,27
Duke,2016,4,8,5.15,23.3,6.29,28.2,0.43,0.397,0.375,0.25,-0.33,0.0,9.38,9.38,0.3333333333333333,0.547008547008547,-0.380952380952381,27.4,26.799999999999997,-0.20500000000000002,29.066666666666666,25.133333333333336,0.016666666666666663,30.0,25.5,0.03,0.6153846153846154,0.6923076923076923,31.5,32.4,25.4,21.8,5.53,5.38,5.37,5.28,-0.08,0.46,0.5888278388278388,-0.25549450549450553,27
Duke,2017,7,6,4.92,26.5,5.22,20.2,0.392,0.32,0.63,0.222,0.0,0.0,7.15,7.15,0.5384615384615384,0.49572649572649574,-0.15384615384615385,24.9,24.2,-0.165,27.099999999999998,24.599999999999998,-0.1366666666666667,29.3,24.44,0.024,0.3333333333333333,0.6153846153846154,23.3,31.5,28.2,25.4,5.15,5.53,6.29,5.37,-0.33,-0.08,0.5787545787545787,-0.04029304029304026,27
Duke,2018,8,5,5.52,29.4,5.51,27.4,0.424,0.4,0.429,0.44,-0.54,0.0,8.69,8.69,0.6153846153846154,0.49572649572649574,0.0,27.95,23.799999999999997,-0.27,26.400000000000002,25.266666666666666,-0.29000000000000004,28.619999999999997,24.599999999999998,-0.098,0.5384615384615384,0.3333333333333333,26.5,23.3,20.2,28.2,4.92,5.15,5.22,6.29,0.0,-0.33,0.5848595848595849,0.030525030525030528,27
Duke,2019,5,7,4.53,25.3,5.35,29.2,0.332,0.372,0.606,0.524,-0.92,1.0,9.65,9.65,0.4166666666666667,0.5235042735042735,0.08333333333333337,27.35,28.299999999999997,-0.73,27.066666666666666,25.599999999999998,-0.48666666666666664,27.2,26.079999999999995,-0.374,0.6153846153846154,0.5384615384615384,29.4,26.5,27.4,20.2,5.52,4.92,5.51,5.22,-0.54,0.0,0.5608320251177393,-0.14416535845107264,27
Duke,2020,2,9,5.03,24.8,6.25,38.1,0.387,0.413,0.478,0.667,-1.73,0.0,0.75,0.75,0.18181818181818182,0.4046231546231546,-0.3566433566433566,25.05,33.650000000000006,-1.325,26.5,31.566666666666663,-1.0633333333333332,25.859999999999996,28.619999999999997,-0.704,0.4166666666666667,0.6153846153846154,25.3,29.4,29.2,27.4,4.53,5.52,5.35,5.51,-0.92,-0.54,0.5134552947052947,-0.3316371128871129,27
Duke,2021,3,9,5.37,22.8,7.12,39.8,0.424,0.48,0.379,0.692,-0.58,0.0,8.5,8.5,0.25,0.2828282828282828,-0.3653846153846154,23.8,38.95,-1.155,24.3,35.699999999999996,-1.0766666666666667,25.76,30.939999999999998,-0.754,0.18181818181818182,0.4166666666666667,24.8,25.3,38.1,29.2,5.03,4.53,6.25,5.35,-1.73,-0.92,0.4841824841824842,-0.23418248418248422,27
Duke,2022,9,4,6.11,32.8,5.53,22.1,0.424,0.43,0.56,0.423,1.23,20.81,19.92,5.69,0.6923076923076923,0.37470862470862465,0.2756410256410256,27.799999999999997,30.950000000000003,0.32499999999999996,26.8,33.333333333333336,-0.36000000000000004,27.02,31.320000000000004,-0.508,0.25,0.18181818181818182,22.8,24.8,39.8,38.1,5.37,5.03,7.12,6.25,-0.58,-1.73,0.504995004995005,0.18731268731268724,27
Duke,2023,8,5,5.62,26.9,5.15,19.0,0.368,0.383,0.6,0.393,0.0,20.11,3.0,3.0,0.6153846153846154,0.5192307692307692,0.4335664335664336,29.849999999999998,20.550000000000004,0.615,27.5,26.96666666666667,0.21666666666666665,26.52,29.639999999999997,-0.4,0.6923076923076923,0.25,32.8,22.8,22.1,39.8,6.11,5.37,5.53,7.12,1.23,-0.58,0.5150304241213332,0.10035419126328227,27
East Carolina,2013,10,3,5.92,40.2,4.9,24.8,0.51,0.456,0.706,0.52,0.62,21.93,6.86,6.86,0.7692307692307693,0.7692307692307693,-0.5192307692307693,40.2,24.8,0.62,40.2,24.8,0.62,40.2,24.8,0.62,0.0,0.0,0.0,0.0,0.0,0.0,0.0,0.0,0.0,0.0,0.0,0.0,0.7692307692307693,0.0,28
East Carolina,2014,8,5,6.48,35.8,5.1,25.8,0.469,0.342,0.458,0.636,-0.31,22.46,7.5,7.5,0.6153846153846154,0.6923076923076923,-0.5192307692307693,38.0,25.3,0.155,38.0,25.3,0.155,38.0,25.3,0.155,0.7692307692307693,0.0,40.2,0.0,24.8,0.0,5.92,0.0,4.9,0.0,0.62,0.0,0.6923076923076923,-0.07692307692307687,28
East Carolina,2015,5,7,5.67,27.4,5.38,26.0,0.43,0.406,0.647,0.522,-0.25,22.0,3.29,3.29,0.4166666666666667,0.6004273504273504,-0.5192307692307693,31.599999999999998,25.9,-0.28,34.46666666666667,25.53333333333333,0.02,34.46666666666667,25.53333333333333,0.02,0.6153846153846154,0.7692307692307693,35.8,40.2,25.8,24.8,6.48,5.92,5.1,4.9,-0.31,0.62,0.6004273504273504,-0.18376068376068372,28
East Carolina,2016,3,9,5.85,27.0,6.44,36.1,0.397,0.429,0.6,0.375,-1.33,1.0,11.29,11.29,0.25,0.42735042735042733,-0.5192307692307693,27.2,31.050000000000004,-0.79,30.066666666666663,29.3,-0.63,32.6,28.175,-0.3175,0.4166666666666667,0.6153846153846154,27.4,35.8,26.0,25.8,5.67,6.48,5.38,5.1,-0.25,-0.31,0.5128205128205129,-0.2628205128205129,28
East Carolina,2017,3,9,5.44,24.9,7.72,45.0,0.412,0.52,0.586,0.615,-0.83,1.0,12.0,12.0,0.25,0.3055555555555556,-0.3653846153846154,25.95,40.550000000000004,-1.08,26.433333333333334,35.699999999999996,-0.8033333333333333,31.060000000000002,31.54,-0.42000000000000004,0.25,0.4166666666666667,27.0,27.4,36.1,26.0,5.85,5.67,6.44,5.38,-1.33,-0.25,0.4602564102564103,-0.2102564102564103,28
East Carolina,2018,3,9,5.0,22.8,6.14,37.3,0.362,0.389,0.542,0.563,-1.17,0.0,10.7,10.7,0.25,0.25,-0.16666666666666669,23.85,41.150000000000006,-1.0,24.900000000000002,39.46666666666667,-1.11,27.580000000000002,34.04,-0.778,0.25,0.25,24.9,27.0,45.0,36.1,5.44,5.85,7.72,6.44,-0.83,-1.33,0.42521367521367526,-0.17521367521367526,28
East Carolina,2019,4,8,5.74,26.8,6.52,33.7,0.393,0.424,0.429,0.565,0.08,0.0,10.75,10.75,0.3333333333333333,0.27777777777777773,0.08333333333333331,24.8,35.5,-0.5449999999999999,24.833333333333332,38.666666666666664,-0.64,25.78,35.620000000000005,-0.7,0.25,0.25,22.8,24.9,37.3,45.0,5.0,5.44,6.14,7.72,-1.17,-0.83,0.41208791208791207,-0.07875457875457875,28
East Carolina,2020,3,6,5.53,30.2,6.21,35.4,0.333,0.372,0.556,0.471,-0.33,0.0,7.0,7.0,0.3333333333333333,0.3055555555555555,0.08333333333333331,28.5,34.550000000000004,-0.125,26.599999999999998,35.46666666666667,-0.47333333333333333,26.339999999999996,37.5,-0.716,0.3333333333333333,0.25,26.8,22.8,33.7,37.3,5.74,5.0,6.52,6.14,0.08,-1.17,0.40224358974358976,-0.06891025641025644,28
East Carolina,2021,7,5,5.78,29.7,6.0,25.8,0.346,0.322,0.703,0.647,-0.08,2.0,4.38,4.38,0.5833333333333334,0.4166666666666667,0.33333333333333337,29.95,30.6,-0.20500000000000002,28.900000000000002,31.63333333333333,-0.11,26.879999999999995,35.44,-0.466,0.3333333333333333,0.3333333333333333,30.2,26.8,35.4,33.7,5.53,5.74,6.21,6.52,-0.33,0.08,0.42236467236467234,0.16096866096866103,28
East Carolina,2022,8,5,6.62,32.5,6.1,27.2,0.464,0.423,0.448,0.435,1.0,23.12,7.05,7.71,0.6153846153846154,0.5106837606837608,0.2820512820512821,31.1,26.500000000000004,0.45999999999999996,30.8,29.46666666666667,0.19666666666666666,28.4,31.879999999999995,-0.1,0.5833333333333334,0.3333333333333333,29.7,30.2,25.8,35.4,5.78,5.53,6.0,6.21,-0.08,-0.33,0.4416666666666667,0.1737179487179487,28
East Carolina,2023,2,10,4.3,17.3,5.24,22.4,0.309,0.4,0.346,0.333,-0.42,18.18,7.31,7.31,0.16666666666666666,0.45512820512820523,-0.16666666666666666,24.9,24.800000000000004,0.2899999999999999,26.5,25.133333333333336,0.16666666666666666,27.3,28.9,0.04999999999999999,0.6153846153846154,0.5833333333333334,32.5,29.7,27.2,25.8,6.62,5.78,6.1,6.0,1.0,-0.08,0.41666666666666663,-0.24999999999999997,28
Eastern Mich.,2013,2,10,5.16,18.8,7.61,45.2,0.34,0.474,0.571,0.8,-1.0,22.0,21.91,21.91,0.16666666666666666,0.16666666666666666,0.3717948717948718,18.8,45.2,-1.0,18.8,45.2,-1.0,18.8,45.2,-1.0,0.0,0.0,0.0,0.0,0.0,0.0,0.0,0.0,0.0,0.0,0.0,0.0,0.16666666666666666,0.0,29
Eastern Mich.,2014,2,10,4.46,15.2,6.75,40.9,0.356,0.473,0.417,0.5,-1.5,25.31,13.17,13.17,0.16666666666666666,0.16666666666666666,0.3717948717948718,17.0,43.05,-1.25,17.0,43.05,-1.25,17.0,43.05,-1.25,0.16666666666666666,0.0,18.8,0.0,45.2,0.0,5.16,0.0,7.61,0.0,-1.0,0.0,0.16666666666666666,0.0,29
Eastern Mich.,2015,1,11,5.49,25.4,7.02,42.1,0.383,0.515,0.588,0.789,-1.08,21.67,7.15,7.15,0.08333333333333333,0.13888888888888887,0.3717948717948718,20.299999999999997,41.5,-1.29,19.8,42.73333333333333,-1.1933333333333334,19.8,42.73333333333333,-1.1933333333333334,0.16666666666666666,0.16666666666666666,15.2,18.8,40.9,45.2,4.46,5.16,6.75,7.61,-1.5,-1.0,0.13888888888888887,-0.05555555555555554,29
Eastern Mich.,2016,7,6,5.92,29.6,5.84,29.8,0.468,0.419,0.615,0.75,0.08,0.0,7.19,7.19,0.5384615384615384,0.26282051282051283,0.3717948717948718,27.5,35.95,-0.5,23.399999999999995,37.6,-0.8333333333333334,22.25,39.5,-0.875,0.08333333333333333,0.16666666666666666,25.4,15.2,42.1,40.9,5.49,4.46,7.02,6.75,-1.08,-1.5,0.23878205128205127,0.29967948717948717,29
Eastern Mich.,2017,5,7,5.42,26.1,5.34,23.3,0.345,0.368,0.588,0.2,-0.33,0.0,6.19,6.19,0.4166666666666667,0.3461538461538462,0.25,27.85,26.55,-0.125,27.03333333333333,31.733333333333338,-0.44333333333333336,23.02,36.260000000000005,-0.766,0.5384615384615384,0.08333333333333333,29.6,25.4,29.8,42.1,5.92,5.49,5.84,7.02,0.08,-1.08,0.2743589743589744,0.1423076923076923,29
Eastern Mich.,2018,7,6,5.5,27.0,4.99,22.1,0.331,0.375,0.481,0.414,0.77,0.0,9.88,9.88,0.5384615384615384,0.49786324786324787,0.4551282051282051,26.55,22.700000000000003,0.22,27.566666666666666,25.066666666666666,0.17333333333333334,24.660000000000004,31.640000000000004,-0.41200000000000003,0.4166666666666667,0.5384615384615384,26.1,29.6,23.3,29.8,5.42,5.92,5.34,5.84,-0.33,0.08,0.31837606837606836,0.22008547008547008,29
Eastern Mich.,2019,6,7,5.97,29.2,6.07,30.6,0.399,0.448,0.48,0.75,0.31,1.0,11.7,11.7,0.46153846153846156,0.47222222222222215,-0.07692307692307687,28.1,26.35,0.54,27.433333333333334,25.333333333333332,0.25,27.46,29.580000000000002,-0.05000000000000001,0.5384615384615384,0.4166666666666667,27.0,26.1,22.1,23.3,5.5,5.42,4.99,5.34,0.77,-0.33,0.33882783882783885,0.12271062271062272,29
Eastern Mich.,2020,2,4,5.75,33.2,6.39,36.0,0.42,0.373,0.786,0.867,0.0,0.0,0.75,0.75,0.3333333333333333,0.4444444444444444,-0.08333333333333337,31.200000000000003,33.3,0.155,29.8,29.566666666666666,0.36000000000000004,29.02,28.360000000000003,0.166,0.46153846153846156,0.5384615384615384,29.2,27.0,30.6,22.1,5.97,5.5,6.07,4.99,0.31,0.77,0.3381410256410256,-0.004807692307692291,29
Eastern Mich.,2021,7,6,5.44,30.2,6.28,30.0,0.417,0.436,0.483,0.476,0.31,2.0,4.53,4.53,0.5384615384615384,0.4444444444444444,0.0,31.700000000000003,33.0,0.155,30.866666666666664,32.199999999999996,0.2066666666666667,29.139999999999997,28.4,0.21200000000000002,0.3333333333333333,0.46153846153846156,33.2,29.2,36.0,30.6,5.75,5.97,6.39,6.07,0.0,0.31,0.3603988603988604,0.17806267806267806,29
Eastern Mich.,2022,9,4,5.3,29.8,5.62,28.5,0.449,0.426,0.458,0.6,0.08,19.0,5.78,5.56,0.6923076923076923,0.5213675213675213,0.23076923076923073,30.0,29.25,0.195,31.066666666666663,31.5,0.13000000000000003,29.880000000000003,29.439999999999998,0.29400000000000004,0.5384615384615384,0.3333333333333333,30.2,33.2,30.0,36.0,5.44,5.75,6.28,6.39,0.31,0.0,0.3935897435897436,0.2987179487179487,29
Eastern Mich.,2023,6,7,4.35,19.5,5.8,26.7,0.352,0.398,0.526,0.353,0.08,17.68,8.17,8.17,0.46153846153846156,0.5641025641025641,0.12820512820512825,24.65,27.6,0.08,26.5,28.400000000000002,0.1566666666666667,28.380000000000003,30.360000000000003,0.156,0.6923076923076923,0.5384615384615384,29.8,30.2,28.5,30.0,5.3,5.44,5.62,6.28,0.08,0.31,0.3997668997668997,0.061771561771561845,29
FIU,2013,1,11,3.56,9.8,6.58,37.0,0.225,0.397,0.435,0.636,-0.5,25.47,5.74,5.74,0.08333333333333333,0.08333333333333333,0.25,9.8,37.0,-0.5,9.8,37.0,-0.5,9.8,37.0,-0.5,0.0,0.0,0.0,0.0,0.0,0.0,0.0,0.0,0.0,0.0,0.0,0.0,0.08333333333333333,0.0,30
FIU,2014,4,8,4.33,23.0,5.38,24.8,0.321,0.359,0.455,0.529,0.92,20.08,7.3,7.3,0.3333333333333333,0.20833333333333331,0.25,16.4,30.9,0.21000000000000002,16.4,30.9,0.21000000000000002,16.4,30.9,0.21000000000000002,0.08333333333333333,0.0,9.8,0.0,37.0,0.0,3.56,0.0,6.58,0.0,-0.5,0.0,0.20833333333333331,0.125,30
FIU,2015,5,7,5.06,25.5,5.71,29.8,0.425,0.415,0.429,0.438,0.25,19.24,9.12,9.12,0.4166666666666667,0.27777777777777773,0.25,24.25,27.3,0.585,19.433333333333334,30.53333333333333,0.22333333333333336,19.433333333333334,30.53333333333333,0.22333333333333336,0.3333333333333333,0.08333333333333333,23.0,9.8,24.8,37.0,4.33,3.56,5.38,6.58,0.92,-0.5,0.27777777777777773,0.13888888888888895,30
FIU,2016,4,8,5.43,24.0,6.34,34.8,0.359,0.429,0.5,0.556,-0.75,1.0,10.5,10.5,0.3333333333333333,0.3611111111111111,0.25,24.75,32.3,-0.25,24.166666666666668,29.8,0.13999999999999999,20.575,31.6,-0.01999999999999999,0.4166666666666667,0.3333333333333333,25.5,23.0,29.8,24.8,5.06,4.33,5.71,5.38,0.25,0.92,0.29166666666666663,0.041666666666666685,30
FIU,2017,8,5,5.73,25.6,6.02,28.5,0.432,0.384,0.476,0.429,-0.23,0.0,6.08,6.08,0.6153846153846154,0.4551282051282051,0.2820512820512821,24.8,31.65,-0.49,25.033333333333335,31.03333333333333,-0.24333333333333332,21.580000000000002,30.98,-0.061999999999999986,0.3333333333333333,0.4166666666666667,24.0,25.5,34.8,29.8,5.43,5.06,6.34,5.71,-0.75,0.25,0.35641025641025637,0.25897435897435905,30
FIU,2018,9,4,6.38,34.6,5.66,25.2,0.468,0.402,0.652,0.652,0.69,0.0,11.4,11.4,0.6923076923076923,0.547008547008547,0.2756410256410256,30.1,26.85,0.22999999999999998,28.066666666666666,29.5,-0.09666666666666668,26.54,28.619999999999997,0.176,0.6153846153846154,0.3333333333333333,25.6,24.0,28.5,34.8,5.73,5.43,6.02,6.34,-0.23,-0.75,0.4123931623931624,0.27991452991452986,30
FIU,2019,6,7,5.59,26.5,5.7,27.2,0.38,0.393,0.542,0.6,0.23,1.0,-0.44,-0.44,0.46153846153846156,0.5897435897435898,0.12820512820512825,30.55,26.2,0.45999999999999996,28.900000000000002,26.96666666666667,0.22999999999999998,27.24,29.1,0.03799999999999999,0.6923076923076923,0.6153846153846154,34.6,25.6,25.2,28.5,6.38,5.73,5.66,6.02,0.69,-0.23,0.4194139194139194,0.04212454212454214,30
FIU,2020,0,5,4.59,22.4,5.76,32.4,0.359,0.405,0.417,0.5,-0.2,0.0,-0.43,-0.43,0.0,0.3846153846153846,-0.6153846153846154,24.45,29.799999999999997,0.015,27.833333333333332,28.266666666666666,0.24,26.619999999999997,29.619999999999997,-0.052000000000000005,0.46153846153846156,0.6923076923076923,26.5,34.6,27.2,25.2,5.59,6.38,5.7,5.66,0.23,0.69,0.3669871794871795,-0.3669871794871795,30
FIU,2021,1,11,5.87,20.3,6.68,39.7,0.327,0.461,0.4,0.75,-1.17,0.0,10.92,10.92,0.08333333333333333,0.18162393162393164,-0.6089743589743589,21.35,36.05,-0.6849999999999999,23.066666666666666,33.1,-0.37999999999999995,25.880000000000003,30.6,-0.13599999999999998,0.0,0.46153846153846156,22.4,26.5,32.4,27.2,4.59,5.59,5.76,5.7,-0.2,0.23,0.33547008547008544,-0.25213675213675213,30
FIU,2022,4,8,4.71,18.7,6.05,37.2,0.289,0.495,0.429,0.524,-0.5,20.34,2.82,10.1,0.3333333333333333,0.13888888888888887,-0.12820512820512825,19.5,38.45,-0.835,20.466666666666665,36.43333333333333,-0.6233333333333333,24.5,32.34,-0.19,0.08333333333333333,0.0,20.3,22.4,39.7,32.4,5.87,4.59,6.68,5.76,-1.17,-0.2,0.3352564102564103,-0.0019230769230769718,30
FIU,2023,4,8,5.03,20.1,5.98,31.8,0.284,0.405,0.485,0.55,-0.75,21.3,1.86,1.86,0.3333333333333333,0.25,0.3333333333333333,19.4,34.50000000000001,-0.625,19.7,36.233333333333334,-0.8066666666666666,21.6,33.66,-0.4779999999999999,0.3333333333333333,0.08333333333333333,18.7,20.3,37.2,39.7,4.71,5.87,6.05,6.68,-0.5,-1.17,0.3350815850815851,-0.0017482517482517723,30
Fla. Atlantic,2013,6,6,5.37,26.4,4.88,22.3,0.4,0.335,0.533,0.438,-0.25,24.68,9.54,9.54,0.5,0.5,-0.25,26.4,22.3,-0.25,26.4,22.3,-0.25,26.4,22.3,-0.25,0.0,0.0,0.0,0.0,0.0,0.0,0.0,0.0,0.0,0.0,0.0,0.0,0.5,0.0,31
Fla. Atlantic,2014,3,9,5.39,24.0,6.23,34.4,0.385,0.466,0.611,0.625,-0.25,22.64,8.88,8.88,0.25,0.375,-0.25,25.2,28.35,-0.25,25.2,28.35,-0.25,25.2,28.35,-0.25,0.5,0.0,26.4,0.0,22.3,0.0,5.37,0.0,4.88,0.0,-0.25,0.0,0.375,-0.125,31
Fla. Atlantic,2015,3,9,5.09,22.5,5.54,28.8,0.332,0.397,0.5,0.556,-0.17,20.7,7.25,7.25,0.25,0.3333333333333333,-0.25,23.25,31.6,-0.21000000000000002,24.3,28.5,-0.22333333333333336,24.3,28.5,-0.22333333333333336,0.25,0.5,24.0,26.4,34.4,22.3,5.39,5.37,6.23,4.88,-0.25,-0.25,0.3333333333333333,-0.08333333333333331,31
Fla. Atlantic,2016,3,9,5.7,26.4,6.91,39.8,0.337,0.473,0.389,0.615,-0.42,0.0,8.62,8.62,0.25,0.25,-0.25,24.45,34.3,-0.295,24.3,34.333333333333336,-0.27999999999999997,24.825,31.325,-0.27249999999999996,0.25,0.25,22.5,24.0,28.8,34.4,5.09,5.39,5.54,6.23,-0.17,-0.25,0.3125,-0.0625,31
Fla. Atlantic,2017,11,3,6.8,40.6,5.19,22.7,0.397,0.394,0.615,0.438,0.93,0.0,4.5,4.5,0.7857142857142857,0.42857142857142855,0.5357142857142857,33.5,31.25,0.25500000000000006,29.833333333333332,30.433333333333334,0.11333333333333336,27.98,29.6,-0.03199999999999999,0.25,0.25,26.4,22.5,39.8,28.8,5.7,5.09,6.91,5.54,-0.42,-0.17,0.40714285714285714,0.37857142857142856,31
Fla. Atlantic,2018,5,7,6.18,31.1,5.94,31.8,0.331,0.417,0.545,0.4,-0.58,0.0,10.14,10.14,0.4166666666666667,0.48412698412698413,0.16666666666666669,35.85,27.25,0.17500000000000004,32.699999999999996,31.433333333333334,-0.02333333333333328,28.919999999999998,31.5,-0.09799999999999998,0.7857142857142857,0.25,40.6,26.4,22.7,39.8,6.8,5.7,5.19,6.91,0.93,-0.42,0.4087301587301588,0.007936507936507908,31
Fla. Atlantic,2019,11,3,5.96,36.4,5.35,22.7,0.403,0.313,0.591,0.464,1.5,0.0,8.93,8.93,0.7857142857142857,0.6626984126984127,0.5357142857142857,33.75,27.25,0.46,36.03333333333333,25.733333333333334,0.6166666666666667,31.4,29.159999999999997,0.25200000000000006,0.4166666666666667,0.7857142857142857,31.1,40.6,31.8,22.7,6.18,6.8,5.94,5.19,-0.58,0.93,0.46258503401360546,0.32312925170068024,31
Fla. Atlantic,2020,5,4,4.91,18.9,5.12,17.4,0.388,0.4,0.478,0.353,0.0,1.0,9.83,9.83,0.5555555555555556,0.585978835978836,-0.23015873015873012,27.65,20.049999999999997,0.75,28.8,23.966666666666665,0.3066666666666667,30.679999999999996,26.880000000000003,0.28600000000000003,0.7857142857142857,0.4166666666666667,36.4,31.1,22.7,31.8,5.96,6.18,5.35,5.94,1.5,-0.58,0.4742063492063492,0.0813492063492064,31
Fla. Atlantic,2021,5,7,5.75,25.4,5.83,25.8,0.429,0.318,0.417,0.556,0.33,1.0,9.88,9.88,0.4166666666666667,0.585978835978836,0.0,22.15,21.6,0.165,26.899999999999995,21.96666666666667,0.61,30.48,24.080000000000002,0.43600000000000005,0.5555555555555556,0.7857142857142857,18.9,36.4,17.4,22.7,4.91,5.96,5.12,5.35,0.0,1.5,0.4678130511463845,-0.05114638447971781,31
Fla. Atlantic,2022,5,7,5.68,29.8,6.03,26.6,0.432,0.363,0.55,0.407,0.67,16.0,9.71,6.56,0.4166666666666667,0.46296296296296297,-0.369047619047619,27.6,26.200000000000003,0.5,24.7,23.266666666666666,0.3333333333333333,28.32,24.86,0.384,0.4166666666666667,0.5555555555555556,25.4,18.9,25.8,17.4,5.75,4.91,5.83,5.12,0.33,0.0,0.4626984126984127,-0.046031746031746035,31
Fla. Atlantic,2023,4,8,5.08,23.8,5.36,25.5,0.339,0.365,0.382,0.5,0.08,21.58,12.19,12.19,0.3333333333333333,0.3888888888888889,-0.22222222222222227,26.8,26.05,0.375,26.333333333333332,25.96666666666667,0.36000000000000004,26.860000000000003,23.6,0.516,0.4166666666666667,0.4166666666666667,29.8,25.4,26.6,25.8,5.68,5.75,6.03,5.83,0.67,0.33,0.45093795093795097,-0.11760461760461766,31
Florida,2013,4,8,4.79,18.8,5.3,21.1,0.39,0.34,0.611,0.471,-0.17,16.41,3.77,3.77,0.3333333333333333,0.3333333333333333,0.358974358974359,18.8,21.1,-0.17,18.8,21.1,-0.17,18.8,21.1,-0.17,0.0,0.0,0.0,0.0,0.0,0.0,0.0,0.0,0.0,0.0,0.0,0.0,0.3333333333333333,0.0,32
Florida,2014,7,5,5.24,30.3,4.55,21.1,0.365,0.388,0.533,0.333,0.5,22.4,8.76,8.76,0.5833333333333334,0.45833333333333337,0.358974358974359,24.55,21.1,0.16499999999999998,24.55,21.1,0.16499999999999998,24.55,21.1,0.16499999999999998,0.3333333333333333,0.0,18.8,0.0,21.1,0.0,4.79,0.0,5.3,0.0,-0.17,0.0,0.45833333333333337,0.125,32
Florida,2015,10,4,5.11,23.2,4.65,18.3,0.364,0.335,0.519,0.6,0.57,20.54,3.91,3.91,0.7142857142857143,0.5436507936507936,0.358974358974359,26.75,19.700000000000003,0.5349999999999999,24.099999999999998,20.166666666666668,0.3,24.099999999999998,20.166666666666668,0.3,0.5833333333333334,0.3333333333333333,30.3,18.8,21.1,21.1,5.24,4.79,4.55,5.3,0.5,-0.17,0.5436507936507936,0.1706349206349207,32
Florida,2016,9,4,5.19,23.9,4.67,16.8,0.417,0.348,0.467,0.25,0.15,0.0,9.79,9.79,0.6923076923076923,0.6633089133089133,0.358974358974359,23.549999999999997,17.55,0.36,25.8,18.733333333333334,0.40666666666666657,24.05,19.325000000000003,0.26249999999999996,0.7142857142857143,0.5833333333333334,23.2,30.3,18.3,21.1,5.11,5.24,4.65,4.55,0.57,0.5,0.5808150183150182,0.11149267399267404,32
Florida,2017,4,7,5.19,22.1,5.73,27.3,0.325,0.331,0.667,0.714,-0.27,0.0,10.93,10.93,0.36363636363636365,0.5900765900765901,-0.21969696969696972,23.0,22.05,-0.06,23.066666666666666,20.8,0.15,23.66,20.92,0.15599999999999997,0.6923076923076923,0.7142857142857143,23.9,23.2,16.8,18.3,5.19,5.11,4.67,4.65,0.15,0.57,0.5373792873792873,-0.17374292374292366,32
Florida,2018,10,3,6.23,35.0,5.12,20.0,0.416,0.374,0.55,0.391,0.92,0.0,8.56,8.56,0.7692307692307693,0.6083916083916083,0.05494505494505497,28.55,23.65,0.325,27.0,21.36666666666667,0.26666666666666666,26.9,20.7,0.374,0.36363636363636365,0.6923076923076923,22.1,23.9,27.3,16.8,5.19,5.19,5.73,4.67,-0.27,0.15,0.576021201021201,0.19320956820956825,32
Florida,2019,11,2,6.47,33.2,4.9,15.5,0.411,0.364,0.615,0.3,0.38,0.0,1.29,1.29,0.8461538461538461,0.6596736596736598,0.15384615384615385,34.1,17.75,0.65,30.100000000000005,20.933333333333334,0.3433333333333333,27.479999999999997,19.580000000000002,0.35,0.7692307692307693,0.36363636363636365,35.0,22.1,20.0,27.3,6.23,5.19,5.12,5.73,0.92,-0.27,0.6146115788972931,0.23154226725655302,32
Florida,2020,8,3,7.4,41.6,5.69,28.6,0.52,0.409,0.6,0.652,-0.18,0.0,10.33,10.33,0.7272727272727273,0.7808857808857809,0.36363636363636365,37.400000000000006,22.05,0.1,36.6,21.36666666666667,0.37333333333333335,31.160000000000004,21.64,0.20000000000000004,0.8461538461538461,0.7692307692307693,33.2,35.0,15.5,20.0,6.47,6.23,4.9,5.12,0.38,0.92,0.6286942224442225,0.09857850482850483,32
Florida,2021,6,7,6.6,30.7,5.48,26.3,0.414,0.358,0.538,0.409,-0.62,1.0,9.2,9.2,0.46153846153846156,0.6783216783216783,-0.3076923076923077,36.15,27.450000000000003,-0.4,35.166666666666664,23.46666666666667,-0.14,32.519999999999996,23.540000000000003,0.046,0.7272727272727273,0.8461538461538461,41.6,33.2,28.6,15.5,7.4,6.47,5.69,4.9,-0.18,0.38,0.6101213601213602,-0.14858289858289864,32
Florida,2022,6,7,6.58,29.5,5.92,28.8,0.405,0.497,0.441,0.435,0.77,21.7,8.12,8.0,0.46153846153846156,0.5501165501165501,-0.3846153846153846,30.1,27.55,0.07500000000000001,33.93333333333333,27.900000000000002,-0.010000000000000009,34.0,23.84,0.254,0.46153846153846156,0.7272727272727273,30.7,41.6,26.3,28.6,6.6,7.4,5.48,5.69,-0.62,-0.18,0.5952630702630703,-0.13372460872460878,32
Florida,2023,5,7,6.05,28.4,6.44,27.6,0.369,0.356,0.409,0.308,-0.42,15.07,8.36,8.36,0.4166666666666667,0.44658119658119655,-0.3106060606060606,28.95,28.200000000000003,0.17500000000000007,29.53333333333333,27.566666666666666,-0.09000000000000001,32.68,25.36,-0.014000000000000002,0.46153846153846156,0.46153846153846156,29.5,30.7,28.8,26.3,6.58,6.6,5.92,5.48,0.77,-0.62,0.5790270335724881,-0.1623603669058214,32
Florida St.,2013,14,0,7.67,51.6,4.09,12.1,0.522,0.322,0.75,0.5,1.21,18.59,16.93,16.93,1.0,1.0,-0.23076923076923073,51.6,12.1,1.21,51.6,12.1,1.21,51.6,12.1,1.21,0.0,0.0,0.0,0.0,0.0,0.0,0.0,0.0,0.0,0.0,0.0,0.0,1.0,0.0,33
Florida St.,2014,13,1,6.39,33.7,5.51,25.6,0.457,0.439,0.0,0.304,-0.43,18.8,7.08,7.08,0.9285714285714286,0.9642857142857143,-0.23076923076923073,42.650000000000006,18.85,0.39,42.650000000000006,18.85,0.39,42.650000000000006,18.85,0.39,1.0,0.0,51.6,0.0,12.1,0.0,7.67,0.0,4.09,0.0,1.21,0.0,0.9642857142857143,-0.0357142857142857,33
Florida St.,2015,10,3,6.53,31.7,4.68,17.5,0.381,0.392,0.444,0.474,0.0,16.88,9.38,9.38,0.7692307692307693,0.8992673992673993,-0.23076923076923073,32.7,21.55,-0.215,39.0,18.400000000000002,0.26,39.0,18.400000000000002,0.26,0.9285714285714286,1.0,33.7,51.6,25.6,12.1,6.39,7.67,5.51,4.09,-0.43,1.21,0.8992673992673993,-0.13003663003663002,33
Florida St.,2016,10,3,6.46,35.1,5.27,25.0,0.438,0.339,0.6,0.444,0.23,0.0,18.6,18.6,0.7692307692307693,0.8223443223443224,-0.23076923076923073,33.4,21.25,0.115,33.50000000000001,22.7,-0.06666666666666667,38.025000000000006,20.05,0.2525,0.7692307692307693,0.9285714285714286,31.7,33.7,17.5,25.6,6.53,6.39,4.68,5.51,0.0,-0.43,0.8667582417582418,-0.09752747252747251,33
Florida St.,2017,7,6,5.66,27.8,4.75,21.2,0.352,0.362,0.5,0.481,-0.46,0.0,12.65,12.65,0.5384615384615384,0.6923076923076924,-0.39010989010989017,31.449999999999996,23.1,-0.115,31.533333333333335,21.233333333333334,-0.07666666666666667,35.980000000000004,20.28,0.10999999999999999,0.7692307692307693,0.7692307692307693,35.1,31.7,25.0,17.5,6.46,6.53,5.27,4.68,0.23,0.0,0.8010989010989011,-0.2626373626373627,33
Florida St.,2018,5,7,5.12,21.9,5.24,31.5,0.291,0.365,0.5,0.393,-0.92,0.0,11.03,11.03,0.4166666666666667,0.5747863247863249,-0.3525641025641026,24.85,26.35,-0.6900000000000001,28.26666666666667,25.900000000000002,-0.38333333333333336,30.040000000000003,24.160000000000004,-0.316,0.5384615384615384,0.7692307692307693,27.8,35.1,21.2,25.0,5.66,6.46,4.75,5.27,-0.46,0.23,0.7370268620268621,-0.3203601953601954,33
Florida St.,2019,6,7,5.84,27.9,5.31,27.8,0.356,0.404,0.579,0.524,-0.23,0.0,5.65,5.65,0.46153846153846156,0.47222222222222227,-0.3076923076923077,24.9,29.65,-0.5750000000000001,25.866666666666664,26.833333333333332,-0.5366666666666667,28.880000000000003,24.6,-0.276,0.4166666666666667,0.5384615384615384,21.9,27.8,31.5,21.2,5.12,5.66,5.24,4.75,-0.92,-0.46,0.6976713762428048,-0.23613291470434328,33
Florida St.,2020,3,6,5.54,25.8,6.47,36.0,0.356,0.465,0.536,0.462,-0.33,0.0,4.79,4.79,0.3333333333333333,0.4038461538461539,-0.20512820512820512,26.85,31.9,-0.27999999999999997,25.2,31.766666666666666,-0.49333333333333335,27.7,28.3,-0.342,0.46153846153846156,0.4166666666666667,27.9,21.9,27.8,31.5,5.84,5.12,5.31,5.24,-0.23,-0.92,0.6521291208791209,-0.3187957875457876,33
Florida St.,2021,5,7,5.79,27.6,5.18,26.5,0.346,0.404,0.292,0.478,0.08,0.0,8.83,8.83,0.4166666666666667,0.4038461538461538,0.0,26.700000000000003,31.25,-0.12499999999999997,27.099999999999998,30.099999999999998,-0.16,26.2,28.6,-0.372,0.3333333333333333,0.46153846153846156,25.8,27.9,36.0,27.8,5.54,5.84,6.47,5.31,-0.33,-0.23,0.625966625966626,-0.20929995929995932,33
Florida St.,2022,10,3,6.96,36.1,4.85,20.6,0.512,0.35,0.333,0.542,0.15,23.4,10.81,6.0,0.7692307692307693,0.5064102564102565,0.3076923076923077,31.85,23.55,0.11500000000000005,29.833333333333332,27.7,-0.03333333333333335,27.860000000000003,28.48,-0.25,0.4166666666666667,0.3333333333333333,27.6,25.8,26.5,36.0,5.79,5.54,5.18,6.47,0.08,-0.33,0.6402930402930403,0.12893772893772892,33
Florida St.,2023,13,1,6.27,34.6,5.02,19.3,0.363,0.288,0.476,0.433,0.57,22.59,6.38,6.38,0.9285714285714286,0.704822954822955,0.5952380952380953,35.35,19.950000000000003,0.36,32.76666666666667,22.133333333333336,0.2666666666666666,30.4,26.04,0.04799999999999997,0.7692307692307693,0.4166666666666667,36.1,27.6,20.6,26.5,6.96,5.79,4.85,5.18,0.15,0.08,0.6665001665001665,0.2620712620712621,33
Fresno St.,2017,10,4,5.78,27.1,4.86,17.9,0.356,0.348,0.667,0.292,0.57,0.0,14.46,14.46,0.7142857142857143,0.7142857142857143,-0.2142857142857143,27.1,17.9,0.57,27.1,17.9,0.57,27.1,17.9,0.57,0.0,0.0,0.0,0.0,0.0,0.0,0.0,0.0,0.0,0.0,0.0,0.0,0.7142857142857143,0.0,34
Fresno St.,2018,12,2,6.27,34.6,4.72,14.1,0.446,0.34,0.7,0.519,0.86,0.0,3.5,3.5,0.8571428571428571,0.7857142857142857,-0.2142857142857143,30.85,16.0,0.715,30.85,16.0,0.715,30.85,16.0,0.715,0.7142857142857143,0.0,27.1,0.0,17.9,0.0,5.78,0.0,4.86,0.0,0.57,0.0,0.7857142857142857,0.0714285714285714,34
Fresno St.,2019,4,8,6.04,30.0,5.73,30.1,0.377,0.421,0.462,0.556,0.33,1.0,4.25,4.25,0.3333333333333333,0.6349206349206349,-0.2142857142857143,32.3,22.1,0.595,30.566666666666666,20.7,0.5866666666666667,30.566666666666666,20.7,0.5866666666666667,0.8571428571428571,0.7142857142857143,34.6,27.1,14.1,17.9,6.27,5.78,4.72,4.86,0.86,0.57,0.6349206349206349,-0.30158730158730157,34
Fresno St.,2020,3,3,6.2,32.8,6.14,30.0,0.432,0.485,0.615,0.556,0.0,1.0,9.71,9.71,0.5,0.5634920634920634,-0.2142857142857143,31.4,30.05,0.165,32.46666666666666,24.733333333333334,0.39666666666666667,31.125,23.025,0.44,0.3333333333333333,0.8571428571428571,30.0,34.6,30.1,14.1,6.04,6.27,5.73,4.72,0.33,0.86,0.6011904761904762,-0.10119047619047616,34
Fresno St.,2021,10,3,6.34,33.4,5.26,20.5,0.426,0.344,0.533,0.35,0.15,0.0,7.2,7.2,0.7692307692307693,0.5341880341880342,-0.08791208791208782,33.099999999999994,25.25,0.075,32.06666666666666,26.866666666666664,0.16,31.580000000000002,22.52,0.382,0.5,0.3333333333333333,32.8,30.0,30.0,30.1,6.2,6.04,6.14,5.73,0.0,0.33,0.6347985347985348,0.1344322344322345,34
Fresno St.,2022,10,4,6.01,30.6,5.14,19.4,0.458,0.361,0.438,0.472,0.29,22.43,19.92,8.45,0.7142857142857143,0.6611721611721612,0.380952380952381,32.0,19.95,0.21999999999999997,32.266666666666666,23.3,0.14666666666666667,32.28,22.82,0.32599999999999996,0.7692307692307693,0.5,33.4,32.8,20.5,30.0,6.34,6.2,5.26,6.14,0.15,0.0,0.6480463980463981,0.06623931623931623,34
Fresno St.,2023,9,4,5.7,30.5,5.35,23.5,0.476,0.396,0.643,0.586,0.69,20.94,11.88,11.88,0.6923076923076923,0.7252747252747254,0.1923076923076923,30.55,21.45,0.48999999999999994,31.5,21.133333333333333,0.37666666666666665,31.46,24.7,0.292,0.7142857142857143,0.7692307692307693,30.6,33.4,19.4,20.5,6.01,6.34,5.14,5.26,0.29,0.15,0.6543694400837258,0.03793825222396652,34
Ga. Southern,2015,9,4,6.41,36.5,5.47,23.5,0.417,0.356,0.645,0.3,0.46,14.58,5.08,5.08,0.6923076923076923,0.6923076923076923,0.07692307692307698,36.5,23.5,0.46,36.5,23.5,0.46,36.5,23.5,0.46,0.0,0.0,0.0,0.0,0.0,0.0,0.0,0.0,0.0,0.0,0.0,0.0,0.6923076923076923,0.0,35
Ga. Southern,2016,5,7,5.24,26.6,5.94,26.5,0.443,0.327,0.444,0.619,0.08,1.0,7.0,7.0,0.4166666666666667,0.5544871794871795,0.07692307692307698,31.55,25.0,0.27,31.55,25.0,0.27,31.55,25.0,0.27,0.6923076923076923,0.0,36.5,0.0,23.5,0.0,6.41,0.0,5.47,0.0,0.46,0.0,0.5544871794871795,-0.13782051282051283,35
Ga. Southern,2017,2,10,4.75,20.8,6.6,32.2,0.351,0.392,0.607,0.438,0.0,0.0,10.2,10.2,0.16666666666666666,0.4252136752136752,0.07692307692307698,23.700000000000003,29.35,0.04,27.96666666666667,27.400000000000002,0.18000000000000002,27.96666666666667,27.400000000000002,0.18000000000000002,0.4166666666666667,0.6923076923076923,26.6,36.5,26.5,23.5,5.24,6.41,5.94,5.47,0.08,0.46,0.4252136752136752,-0.2585470085470085,35
Ga. Southern,2018,10,3,5.91,30.5,5.45,21.5,0.389,0.385,0.5,0.69,1.69,0.0,5.27,5.27,0.7692307692307693,0.45085470085470086,0.07692307692307698,25.65,26.85,0.845,25.96666666666667,26.733333333333334,0.59,28.6,25.925,0.5575,0.16666666666666666,0.4166666666666667,20.8,26.6,32.2,26.5,4.75,5.24,6.6,5.94,0.0,0.08,0.5112179487179487,0.2580128205128206,35
Ga. Southern,2019,7,6,5.19,28.2,5.66,28.2,0.307,0.337,0.429,0.531,0.62,1.0,3.3,3.3,0.5384615384615384,0.4914529914529915,0.12179487179487175,29.35,24.85,1.155,26.5,27.3,0.77,28.52,26.380000000000003,0.5700000000000001,0.7692307692307693,0.16666666666666666,30.5,20.8,21.5,32.2,5.91,4.75,5.45,6.6,1.69,0.0,0.5166666666666667,0.021794871794871717,35
Ga. Southern,2020,8,5,5.93,27.2,5.11,20.8,0.405,0.343,0.471,0.621,0.69,2.0,14.17,14.17,0.6153846153846154,0.6410256410256411,0.4487179487179488,27.7,24.5,0.655,28.633333333333336,23.5,1.0,26.660000000000004,25.839999999999996,0.616,0.5384615384615384,0.7692307692307693,28.2,30.5,28.2,21.5,5.19,5.91,5.66,5.45,0.62,1.69,0.5331196581196581,0.0822649572649573,35
Ga. Southern,2021,3,9,5.04,20.2,6.44,31.4,0.353,0.379,0.429,0.421,-0.58,1.0,8.71,8.71,0.25,0.4679487179487179,-0.5192307692307693,23.7,26.1,0.05499999999999999,25.2,26.8,0.24333333333333332,25.380000000000003,26.82,0.484,0.6153846153846154,0.5384615384615384,27.2,28.2,20.8,28.2,5.93,5.19,5.11,5.66,0.69,0.62,0.4926739926739927,-0.2426739926739927,35
Ga. Southern,2022,6,7,6.17,32.7,6.5,31.6,0.472,0.43,0.565,0.522,-0.38,17.35,9.16,11.5,0.46153846153846156,0.44230769230769235,-0.07692307692307687,26.450000000000003,31.5,-0.48,26.7,27.933333333333334,-0.09000000000000001,27.76,26.7,0.40800000000000003,0.25,0.6153846153846154,20.2,27.2,31.4,20.8,5.04,5.93,6.44,5.11,-0.58,0.69,0.4887820512820513,-0.027243589743589758,35
Ga. Southern,2023,6,7,5.72,30.2,6.06,30.5,0.454,0.386,0.609,0.4,-0.77,19.67,13.0,13.0,0.46153846153846156,0.391025641025641,-0.15384615384615385,31.450000000000003,31.05,-0.575,27.7,31.166666666666668,-0.5766666666666667,27.7,28.5,-0.084,0.46153846153846156,0.25,32.7,20.2,31.6,31.4,6.17,5.04,6.5,6.44,-0.38,-0.58,0.4857549857549858,-0.02421652421652426,35
Georgia,2013,8,5,6.66,36.7,5.41,29.0,0.418,0.399,0.591,0.636,-0.54,21.41,4.3,4.3,0.6153846153846154,0.6153846153846154,0.0,36.7,29.0,-0.54,36.7,29.0,-0.54,36.7,29.0,-0.54,0.0,0.0,0.0,0.0,0.0,0.0,0.0,0.0,0.0,0.0,0.0,0.0,0.6153846153846154,0.0,36
Georgia,2014,10,3,6.79,41.3,4.84,20.7,0.497,0.395,0.8,0.632,1.23,19.25,4.7,4.7,0.7692307692307693,0.6923076923076923,0.0,39.0,24.85,0.345,39.0,24.85,0.345,39.0,24.85,0.345,0.6153846153846154,0.0,36.7,0.0,29.0,0.0,6.66,0.0,5.41,0.0,-0.54,0.0,0.6923076923076923,0.07692307692307698,36
Georgia,2015,10,3,6.03,26.3,4.76,16.9,0.31,0.289,0.417,0.52,0.31,21.2,8.44,8.44,0.7692307692307693,0.7179487179487181,0.0,33.8,18.799999999999997,0.77,34.766666666666666,22.2,0.3333333333333333,34.766666666666666,22.2,0.3333333333333333,0.7692307692307693,0.6153846153846154,41.3,36.7,20.7,29.0,6.79,6.66,4.84,5.41,1.23,-0.54,0.7179487179487181,0.05128205128205121,36
Georgia,2016,8,5,5.44,24.5,5.26,24.0,0.418,0.368,0.538,0.412,0.62,1.0,6.1,6.1,0.6153846153846154,0.7179487179487181,0.0,25.4,20.45,0.46499999999999997,30.7,20.53333333333333,0.7200000000000001,32.2,22.65,0.40499999999999997,0.7692307692307693,0.7692307692307693,26.3,41.3,16.9,20.7,6.03,6.79,4.76,4.84,0.31,1.23,0.6923076923076923,-0.07692307692307687,36
Georgia,2017,13,2,6.7,35.4,4.69,16.4,0.456,0.329,0.583,0.294,0.27,0.0,5.94,5.94,0.8666666666666667,0.7504273504273504,0.09743589743589742,29.950000000000003,20.2,0.44499999999999995,28.733333333333334,19.099999999999998,0.39999999999999997,32.839999999999996,21.4,0.378,0.6153846153846154,0.7692307692307693,24.5,26.3,24.0,16.9,5.44,6.03,5.26,4.76,0.62,0.31,0.7271794871794872,0.13948717948717948,36
Georgia,2018,11,3,7.05,37.9,4.94,19.2,0.475,0.34,0.615,0.481,0.21,1.0,12.8,12.8,0.7857142857142857,0.7559218559218559,0.016483516483516425,36.650000000000006,17.799999999999997,0.24,32.6,19.866666666666667,0.36666666666666664,33.08,19.439999999999998,0.5279999999999999,0.8666666666666667,0.6153846153846154,35.4,24.5,16.4,24.0,6.7,5.44,4.69,5.26,0.27,0.62,0.736935286935287,0.04877899877899872,36
Georgia,2019,12,2,6.08,30.8,4.29,12.6,0.412,0.316,0.6,0.261,0.21,0.0,8.83,8.83,0.8571428571428571,0.8365079365079365,0.24175824175824168,34.35,15.899999999999999,0.21,34.7,16.066666666666666,0.22999999999999998,30.98,17.82,0.32399999999999995,0.7857142857142857,0.8666666666666667,37.9,35.4,19.2,16.4,7.05,6.7,4.94,4.69,0.21,0.27,0.7541077969649398,0.1030350601779173,36
Georgia,2020,7,2,6.12,33.2,4.87,19.9,0.492,0.373,0.364,0.571,-0.11,0.0,6.33,6.33,0.7777777777777778,0.8068783068783069,-0.0888888888888889,32.0,16.25,0.049999999999999996,33.96666666666667,17.233333333333334,0.10333333333333333,32.36,18.419999999999998,0.24,0.8571428571428571,0.7857142857142857,30.8,37.9,12.6,19.2,6.08,7.05,4.29,4.94,0.21,0.21,0.7570665445665445,0.02071123321123325,36
Georgia,2021,14,1,6.98,38.4,4.16,10.2,0.448,0.356,0.571,0.406,0.2,0.0,10.0,10.0,0.9333333333333333,0.8560846560846561,0.14761904761904765,35.800000000000004,15.049999999999997,0.045000000000000005,34.13333333333333,14.233333333333333,0.10000000000000002,35.14,15.66,0.156,0.7777777777777778,0.8571428571428571,33.2,30.8,19.9,12.6,6.12,6.08,4.87,4.29,-0.11,0.21,0.77665174331841,0.15668159001492332,36
Georgia,2022,15,0,7.17,41.1,4.88,14.3,0.511,0.266,0.867,0.364,0.07,19.86,12.62,18.33,1.0,0.9037037037037038,0.1428571428571429,39.75,12.249999999999998,0.135,37.56666666666667,14.800000000000002,0.053333333333333344,36.28000000000001,15.239999999999998,0.11600000000000002,0.9333333333333333,0.7777777777777778,38.4,33.2,10.2,19.9,6.98,6.12,4.16,4.87,0.2,-0.11,0.798986568986569,0.20101343101343105,36
Georgia,2023,13,1,7.26,40.1,4.77,15.6,0.552,0.257,0.75,0.567,0.21,16.67,0.0,0.0,0.9285714285714286,0.953968253968254,0.1507936507936508,40.60000000000001,14.95,0.14,39.86666666666667,13.366666666666667,0.16,36.720000000000006,14.52,0.11600000000000002,1.0,0.9333333333333333,41.1,38.4,14.3,10.2,7.17,6.98,4.88,4.16,0.07,0.2,0.8107670107670107,0.11780441780441786,36
Georgia St.,2014,1,11,5.39,22.7,6.57,43.3,0.465,0.519,0.563,0.611,-1.83,20.21,13.5,13.5,0.08333333333333333,0.08333333333333333,0.5,22.7,43.3,-1.83,22.7,43.3,-1.83,22.7,43.3,-1.83,0.0,0.0,0.0,0.0,0.0,0.0,0.0,0.0,0.0,0.0,0.0,0.0,0.08333333333333333,0.0,37
Georgia St.,2015,6,7,6.23,26.9,5.3,28.3,0.435,0.405,0.111,0.565,-0.08,26.79,14.05,14.05,0.46153846153846156,0.27243589743589747,0.5,24.799999999999997,35.8,-0.9550000000000001,24.799999999999997,35.8,-0.9550000000000001,24.799999999999997,35.8,-0.9550000000000001,0.08333333333333333,0.0,22.7,0.0,43.3,0.0,5.39,0.0,6.57,0.0,-1.83,0.0,0.27243589743589747,0.1891025641025641,37
Georgia St.,2016,3,9,5.31,19.9,4.91,26.6,0.382,0.391,0.357,0.692,-0.42,1.0,12.43,12.43,0.25,0.26495726495726496,0.5,23.4,27.450000000000003,-0.25,23.166666666666668,32.733333333333334,-0.7766666666666667,23.166666666666668,32.733333333333334,-0.7766666666666667,0.46153846153846156,0.08333333333333333,26.9,22.7,28.3,43.3,6.23,5.39,5.3,6.57,-0.08,-1.83,0.26495726495726496,-0.01495726495726496,37
Georgia St.,2017,7,5,5.46,20.3,5.8,24.8,0.429,0.385,0.5,0.583,-0.33,1.0,10.0,10.0,0.5833333333333334,0.4316239316239316,0.5,20.1,25.700000000000003,-0.375,22.366666666666664,26.566666666666666,-0.27666666666666667,22.45,30.75,-0.665,0.25,0.46153846153846156,19.9,26.9,26.6,28.3,5.31,6.23,4.91,5.3,-0.42,-0.08,0.34455128205128205,0.23878205128205132,37
Georgia St.,2018,2,10,5.57,23.9,7.73,37.4,0.404,0.493,0.607,0.778,-0.67,0.0,8.57,8.57,0.16666666666666666,0.3333333333333333,-0.29487179487179493,22.1,31.099999999999998,-0.5,21.366666666666664,29.600000000000005,-0.47333333333333333,22.74,32.08,-0.666,0.5833333333333334,0.25,20.3,19.9,24.8,26.6,5.46,5.31,5.8,4.91,-0.33,-0.42,0.308974358974359,-0.14230769230769233,37
Georgia St.,2019,7,6,5.83,31.2,6.68,36.2,0.456,0.453,0.481,0.542,0.08,0.0,9.53,9.53,0.5384615384615384,0.42948717948717946,0.28846153846153844,27.549999999999997,36.8,-0.29500000000000004,25.13333333333333,32.800000000000004,-0.3066666666666667,24.439999999999998,30.660000000000004,-0.284,0.16666666666666666,0.5833333333333334,23.9,20.3,37.4,24.8,5.57,5.46,7.73,5.8,-0.67,-0.33,0.34722222222222215,0.19123931623931628,37
Georgia St.,2020,5,4,5.66,32.7,5.68,32.9,0.431,0.367,0.615,0.522,-0.11,0.0,5.47,5.47,0.5555555555555556,0.4202279202279202,-0.02777777777777779,31.95,34.55,-0.015000000000000055,29.266666666666666,35.5,-0.23333333333333336,25.6,31.580000000000002,-0.29,0.5384615384615384,0.16666666666666666,31.2,23.9,36.2,37.4,5.83,5.57,6.68,7.73,0.08,-0.67,0.376984126984127,0.1785714285714286,37
Georgia St.,2021,8,5,5.63,28.2,5.45,27.1,0.419,0.444,0.556,0.517,0.46,0.0,5.4,5.4,0.6153846153846154,0.5698005698005697,0.4487179487179488,30.450000000000003,30.0,0.17499999999999996,30.7,32.06666666666666,0.1433333333333334,27.259999999999998,31.68,-0.11399999999999999,0.5555555555555556,0.5384615384615384,32.7,31.2,32.9,36.2,5.66,5.83,5.68,6.68,-0.11,0.08,0.40678418803418803,0.2086004273504274,37
Georgia St.,2022,4,8,5.72,30.0,5.73,31.2,0.407,0.417,0.556,0.44,0.42,9.36,5.27,5.87,0.3333333333333333,0.5014245014245015,-0.20512820512820512,29.1,29.15,0.43999999999999995,30.299999999999997,30.400000000000002,0.2566666666666667,29.2,32.96,0.03600000000000001,0.6153846153846154,0.5555555555555556,28.2,32.7,27.1,32.9,5.63,5.66,5.45,5.68,0.46,-0.11,0.3986229819563153,-0.06528964862298198,37
Georgia St.,2023,7,6,5.81,27.2,6.29,30.1,0.455,0.445,0.474,0.423,0.15,20.7,11.88,11.88,0.5384615384615384,0.4957264957264957,-0.017094017094017144,28.6,30.65,0.2849999999999999,28.466666666666665,29.46666666666667,0.3433333333333333,29.859999999999996,31.5,0.2,0.3333333333333333,0.6153846153846154,30.0,28.2,31.2,27.1,5.72,5.63,5.73,5.45,0.42,0.46,0.41260683760683764,0.1258547008547008,37
Georgia Tech,2013,7,6,6.1,35.1,5.52,22.8,0.514,0.363,0.444,0.615,-0.31,21.51,8.94,8.94,0.5384615384615384,0.5384615384615384,0.15384615384615385,35.1,22.8,-0.31,35.1,22.8,-0.31,35.1,22.8,-0.31,0.0,0.0,0.0,0.0,0.0,0.0,0.0,0.0,0.0,0.0,0.0,0.0,0.5384615384615384,0.0,38
Georgia Tech,2014,11,3,6.72,37.9,6.32,25.7,0.579,0.461,0.706,0.545,0.79,22.64,6.56,6.56,0.7857142857142857,0.6620879120879121,0.15384615384615385,36.5,24.25,0.24000000000000002,36.5,24.25,0.24000000000000002,36.5,24.25,0.24000000000000002,0.5384615384615384,0.0,35.1,0.0,22.8,0.0,6.1,0.0,5.52,0.0,-0.31,0.0,0.6620879120879121,0.12362637362637363,38
Georgia Tech,2015,3,9,5.85,29.3,5.82,25.8,0.349,0.361,0.5,0.545,-0.58,23.16,7.79,7.79,0.25,0.5247252747252747,0.15384615384615385,33.6,25.75,0.10500000000000004,34.1,24.766666666666666,-0.033333333333333305,34.1,24.766666666666666,-0.033333333333333305,0.7857142857142857,0.5384615384615384,37.9,35.1,25.7,22.8,6.72,6.1,6.32,5.52,0.79,-0.31,0.5247252747252747,-0.27472527472527475,38
Georgia Tech,2016,9,4,6.53,28.2,5.76,24.5,0.418,0.492,0.5,0.526,0.31,0.0,9.36,9.36,0.6923076923076923,0.576007326007326,0.15384615384615385,28.75,25.15,-0.13499999999999998,31.799999999999997,25.333333333333332,0.17333333333333334,32.625,24.7,0.05250000000000002,0.25,0.7857142857142857,29.3,37.9,25.8,25.7,5.85,6.72,5.82,6.32,-0.58,0.79,0.5666208791208791,0.12568681318681318,38
Georgia Tech,2017,5,6,5.74,28.1,5.52,26.5,0.456,0.309,0.421,0.556,-0.45,1.0,9.43,9.43,0.45454545454545453,0.46561771561771564,-0.33116883116883117,28.15,25.5,-0.07,28.53333333333333,25.599999999999998,-0.24,31.72,25.06,-0.04799999999999999,0.6923076923076923,0.25,28.2,29.3,24.5,25.8,6.53,5.85,5.76,5.82,0.31,-0.58,0.5442057942057942,-0.08966033966033965,38
Georgia Tech,2018,7,6,6.1,33.6,5.97,29.3,0.439,0.507,0.529,0.6,0.62,2.0,6.0,6.0,0.5384615384615384,0.5617715617715617,0.28846153846153844,30.85,27.9,0.08499999999999999,29.96666666666667,26.76666666666667,0.16,31.420000000000005,26.360000000000003,0.138,0.45454545454545453,0.6923076923076923,28.1,28.2,26.5,24.5,5.74,6.53,5.52,5.76,-0.45,0.31,0.5432484182484182,-0.00478687978687975,38
Georgia Tech,2019,3,9,4.79,16.7,5.83,32.4,0.301,0.452,0.471,0.684,-0.33,0.0,11.43,11.43,0.25,0.4143356643356643,-0.4423076923076923,25.15,30.85,0.145,26.133333333333336,29.400000000000002,-0.053333333333333344,27.18,27.7,-0.086,0.5384615384615384,0.45454545454545453,33.6,28.1,29.3,26.5,6.1,5.74,5.97,5.52,0.62,-0.45,0.5013557870700728,-0.2513557870700728,38
Georgia Tech,2020,3,7,5.64,23.9,5.86,36.8,0.411,0.467,0.36,0.478,-0.7,0.0,10.38,10.38,0.3,0.3628205128205128,-0.15454545454545454,20.299999999999997,34.6,-0.515,24.733333333333334,32.833333333333336,-0.13666666666666666,26.1,29.9,-0.11000000000000001,0.25,0.5384615384615384,16.7,33.6,32.4,29.3,4.79,6.1,5.83,5.97,-0.33,0.62,0.47618631368631364,-0.17618631368631366,38
Georgia Tech,2021,3,9,5.61,23.8,6.61,33.5,0.354,0.452,0.435,0.6,-0.17,0.0,10.2,10.2,0.25,0.26666666666666666,-0.28846153846153844,23.85,35.15,-0.435,21.46666666666667,34.23333333333333,-0.39999999999999997,25.22,31.7,-0.20600000000000002,0.3,0.25,23.9,16.7,36.8,32.4,5.64,4.79,5.86,5.83,-0.7,-0.33,0.45105450105450107,-0.20105450105450107,38
Georgia Tech,2022,5,7,4.83,17.2,5.56,28.4,0.306,0.386,0.333,0.636,0.92,21.0,9.33,18.54,0.4166666666666667,0.32222222222222224,0.16666666666666669,20.5,30.95,0.375,21.63333333333333,32.9,0.01666666666666668,23.04,32.08,0.06799999999999999,0.25,0.3,23.8,23.9,33.5,36.8,5.61,5.64,6.61,5.86,-0.17,-0.7,0.44761571761571756,-0.03094905094905087,38
Georgia Tech,2023,7,6,6.34,31.1,6.29,29.5,0.431,0.435,0.522,0.538,0.31,26.85,9.0,9.0,0.5384615384615384,0.4017094017094018,0.23846153846153845,24.15,28.95,0.615,24.033333333333335,30.46666666666667,0.35333333333333333,22.54,32.12,0.005999999999999994,0.4166666666666667,0.25,17.2,23.8,28.4,33.5,4.83,5.61,5.56,6.61,0.92,-0.17,0.45587442860170135,0.08258710985983708,38
Hawaii,2017,3,9,5.73,22.8,6.76,33.9,0.383,0.488,0.357,0.667,0.08,2.0,7.44,7.44,0.25,0.25,0.3055555555555556,22.8,33.9,0.08,22.8,33.9,0.08,22.8,33.9,0.08,0.0,0.0,0.0,0.0,0.0,0.0,0.0,0.0,0.0,0.0,0.0,0.0,0.25,0.0,39
Hawaii,2018,8,6,6.1,30.8,6.3,35.1,0.331,0.424,0.579,0.643,-0.64,0.0,4.52,4.52,0.5714285714285714,0.4107142857142857,0.3055555555555556,26.8,34.5,-0.28,26.8,34.5,-0.28,26.8,34.5,-0.28,0.25,0.0,22.8,0.0,33.9,0.0,5.73,0.0,6.76,0.0,0.08,0.0,0.4107142857142857,0.1607142857142857,39
Hawaii,2019,10,5,6.69,33.9,6.29,31.9,0.473,0.412,0.606,0.462,-0.73,0.0,13.75,13.75,0.6666666666666666,0.49603174603174605,0.3055555555555556,32.35,33.5,-0.685,29.166666666666668,33.63333333333333,-0.43,29.166666666666668,33.63333333333333,-0.43,0.5714285714285714,0.25,30.8,22.8,35.1,33.9,6.1,5.73,6.3,6.76,-0.64,0.08,0.49603174603174605,0.17063492063492058,39
Hawaii,2020,5,4,5.4,26.2,5.7,27.6,0.391,0.417,0.769,0.615,0.56,1.0,12.3,12.3,0.5555555555555556,0.5978835978835978,0.3055555555555556,30.049999999999997,29.75,-0.08499999999999996,30.3,31.53333333333333,-0.27,28.425,32.125,-0.1825,0.6666666666666666,0.5714285714285714,33.9,30.8,31.9,35.1,6.69,6.1,6.29,6.3,-0.73,-0.64,0.5109126984126984,0.044642857142857206,39
Hawaii,2021,6,7,5.9,28.8,5.75,31.4,0.356,0.462,0.25,0.381,-0.23,1.0,10.33,10.33,0.46153846153846156,0.5612535612535613,-0.10989010989010983,27.499999999999996,29.5,0.16500000000000004,29.633333333333336,30.3,-0.1333333333333333,28.5,31.98,-0.192,0.5555555555555556,0.6666666666666666,26.2,33.9,27.6,31.9,5.4,6.69,5.7,6.29,0.56,-0.73,0.501037851037851,-0.03949938949938947,39
Hawaii,2022,3,10,4.97,19.8,6.6,34.7,0.345,0.395,0.529,0.542,-0.62,16.0,3.77,8.8,0.23076923076923078,0.41595441595441596,-0.43589743589743585,24.299999999999997,33.05,-0.425,24.933333333333334,31.233333333333334,-0.09666666666666664,27.9,32.14,-0.332,0.46153846153846156,0.5555555555555556,28.8,26.2,31.4,27.6,5.9,5.4,5.75,5.7,-0.23,0.56,0.455993080993081,-0.22522385022385022,39
Hawaii,2023,5,8,5.32,21.4,6.17,32.2,0.372,0.452,0.5,0.45,-0.77,22.92,8.69,8.69,0.38461538461538464,0.35897435897435903,-0.17094017094017094,20.599999999999994,33.45,-0.6950000000000001,23.333333333333332,32.766666666666666,-0.54,26.02,31.560000000000002,-0.358,0.23076923076923078,0.46153846153846156,19.8,28.8,34.7,31.4,4.97,5.9,6.6,5.75,-0.62,-0.23,0.44579626722483867,-0.061180882609454035,39
Houston,2013,8,5,5.72,33.2,5.23,21.8,0.356,0.344,0.235,0.56,1.92,21.5,4.06,4.06,0.6153846153846154,0.6153846153846154,0.07692307692307687,33.2,21.8,1.92,33.2,21.8,1.92,33.2,21.8,1.92,0.0,0.0,0.0,0.0,0.0,0.0,0.0,0.0,0.0,0.0,0.0,0.0,0.6153846153846154,0.0,40
Houston,2014,8,5,5.7,29.8,4.88,20.6,0.409,0.387,0.522,0.368,0.62,21.48,4.5,4.5,0.6153846153846154,0.6153846153846154,0.07692307692307687,31.5,21.200000000000003,1.27,31.5,21.200000000000003,1.27,31.5,21.200000000000003,1.27,0.6153846153846154,0.0,33.2,0.0,21.8,0.0,5.72,0.0,5.23,0.0,1.92,0.0,0.6153846153846154,0.0,40
Houston,2015,13,1,6.16,40.4,5.48,20.7,0.504,0.374,0.5,0.471,1.5,20.43,2.19,2.19,0.9285714285714286,0.7197802197802199,0.07692307692307687,35.1,20.65,1.06,34.46666666666667,21.033333333333335,1.3466666666666667,34.46666666666667,21.033333333333335,1.3466666666666667,0.6153846153846154,0.6153846153846154,29.8,33.2,20.6,21.8,5.7,5.72,4.88,5.23,0.62,1.92,0.7197802197802199,0.20879120879120872,40
Houston,2016,9,4,5.32,35.8,4.8,23.5,0.472,0.342,0.633,0.421,-0.54,0.0,2.62,2.62,0.6923076923076923,0.7454212454212454,0.07692307692307687,38.1,22.1,0.48,35.333333333333336,21.599999999999998,0.5266666666666667,34.8,21.65,0.875,0.9285714285714286,0.6153846153846154,40.4,29.8,20.7,20.6,6.16,5.7,5.48,4.88,1.5,0.62,0.7129120879120879,-0.020604395604395642,40
Houston,2017,7,5,6.0,28.3,5.37,23.8,0.455,0.391,0.444,0.636,-0.17,1.0,5.33,5.33,0.5833333333333334,0.7347374847374848,-0.03205128205128205,32.05,23.65,-0.35500000000000004,34.833333333333336,22.666666666666668,0.26333333333333336,33.5,22.080000000000002,0.666,0.6923076923076923,0.9285714285714286,35.8,40.4,23.5,20.7,5.32,6.16,4.8,5.48,-0.54,1.5,0.686996336996337,-0.10366300366300363,40
Houston,2018,8,5,6.6,43.9,5.94,37.2,0.459,0.464,0.5,0.5,0.38,0.0,8.37,8.37,0.6153846153846154,0.6303418803418803,-0.3131868131868132,36.1,30.5,0.10499999999999998,36.0,28.166666666666668,-0.10999999999999999,35.64,25.160000000000004,0.358,0.5833333333333334,0.6923076923076923,28.3,35.8,23.8,23.5,6.0,5.32,5.37,4.8,-0.17,-0.54,0.67506105006105,-0.059676434676434575,40
Houston,2019,4,8,6.02,30.7,6.81,34.0,0.348,0.399,0.706,0.565,-0.58,0.0,7.21,7.21,0.3333333333333333,0.5106837606837608,-0.358974358974359,37.300000000000004,35.6,-0.09999999999999998,34.300000000000004,31.666666666666668,-0.1233333333333333,35.82,27.839999999999996,0.118,0.6153846153846154,0.5833333333333334,43.9,28.3,37.2,23.8,6.6,6.0,5.94,5.37,0.38,-0.17,0.6262428048142334,-0.29290947148090013,40
Houston,2020,3,5,5.54,30.0,5.78,32.0,0.4,0.379,0.737,0.538,-1.25,1.0,-1.25,-1.25,0.375,0.4412393162393162,-0.20833333333333337,30.35,33.0,-0.915,34.86666666666667,34.4,-0.48333333333333334,33.739999999999995,30.1,-0.43200000000000005,0.3333333333333333,0.6153846153846154,30.7,43.9,34.0,37.2,6.02,6.6,6.81,5.94,-0.58,0.38,0.5948374542124543,-0.21983745421245426,40
Houston,2021,12,2,5.92,35.9,4.92,20.4,0.421,0.257,0.667,0.433,0.64,3.0,7.14,7.14,0.8571428571428571,0.5218253968253969,0.24175824175824168,32.949999999999996,26.2,-0.305,32.199999999999996,28.8,-0.39666666666666667,33.76,29.48,-0.196,0.375,0.3333333333333333,30.0,30.7,32.0,34.0,5.54,6.02,5.78,6.81,-1.25,-0.58,0.623982498982499,0.23316035816035807,40
Houston,2022,8,5,6.57,36.1,5.91,32.2,0.457,0.43,0.643,0.559,-0.38,21.36,15.0,5.8,0.6153846153846154,0.6158424908424909,0.2820512820512821,36.0,26.3,0.13,34.0,28.2,-0.33,35.32,31.160000000000004,-0.238,0.8571428571428571,0.375,35.9,30.0,20.4,32.0,5.92,5.54,4.92,5.78,0.64,-1.25,0.6231227106227106,-0.007738095238095211,40
Houston,2023,4,8,5.63,23.7,5.98,31.5,0.365,0.484,0.259,0.636,-0.08,22.75,5.0,5.0,0.3333333333333333,0.6019536019536019,-0.041666666666666685,29.9,31.85,-0.23,31.899999999999995,28.03333333333333,0.06,31.28,30.02,-0.32999999999999996,0.6153846153846154,0.8571428571428571,36.1,35.9,32.2,20.4,6.57,5.92,5.91,4.92,-0.38,0.64,0.5967782217782218,-0.2634448884448885,40
Idaho,2013,1,11,4.78,18.2,6.93,46.8,0.33,0.468,0.441,0.684,-0.67,30.65,11.82,11.82,0.08333333333333333,0.08333333333333333,0.6089743589743589,18.2,46.8,-0.67,18.2,46.8,-0.67,18.2,46.8,-0.67,0.0,0.0,0.0,0.0,0.0,0.0,0.0,0.0,0.0,0.0,0.0,0.0,0.08333333333333333,0.0,41
Idaho,2014,1,10,5.21,25.0,6.93,37.3,0.417,0.459,0.571,0.5,-1.0,21.39,8.6,8.6,0.09090909090909091,0.08712121212121213,0.6089743589743589,21.6,42.05,-0.835,21.6,42.05,-0.835,21.6,42.05,-0.835,0.08333333333333333,0.0,18.2,0.0,46.8,0.0,4.78,0.0,6.93,0.0,-0.67,0.0,0.08712121212121213,0.0037878787878787845,41
Idaho,2015,4,8,5.53,30.3,6.97,42.1,0.415,0.404,0.625,0.647,-0.5,26.74,7.96,7.96,0.3333333333333333,0.1691919191919192,0.6089743589743589,27.65,39.7,-0.75,24.5,42.06666666666666,-0.7233333333333333,24.5,42.06666666666666,-0.7233333333333333,0.09090909090909091,0.08333333333333333,25.0,18.2,37.3,46.8,5.21,4.78,6.93,6.93,-1.0,-0.67,0.1691919191919192,0.16414141414141412,41
Idaho,2016,9,4,5.61,30.8,6.24,31.3,0.396,0.423,0.591,0.55,0.85,0.0,7.75,7.75,0.6923076923076923,0.3721833721833722,0.6089743589743589,30.55,36.7,0.175,28.7,36.9,-0.2166666666666667,26.075,39.375,-0.33,0.3333333333333333,0.09090909090909091,30.3,25.0,42.1,37.3,5.53,5.21,6.97,6.93,-0.5,-1.0,0.29997086247086246,0.3923368298368298,41
Idaho,2017,4,8,5.09,20.9,5.61,25.8,0.354,0.404,0.36,0.714,0.17,0.0,13.84,13.84,0.3333333333333333,0.452991452991453,0.2424242424242424,25.85,28.55,0.51,27.333333333333332,33.06666666666667,0.1733333333333333,25.04,36.660000000000004,-0.23000000000000004,0.6923076923076923,0.3333333333333333,30.8,30.3,31.3,42.1,5.61,5.53,6.24,6.97,0.85,-0.5,0.3066433566433566,0.02668997668997669,41
Illinois,2013,4,8,5.91,29.7,6.66,35.4,0.476,0.452,0.333,0.5,-0.83,24.79,5.85,5.85,0.3333333333333333,0.3333333333333333,-0.08333333333333331,29.7,35.4,-0.83,29.7,35.4,-0.83,29.7,35.4,-0.83,0.0,0.0,0.0,0.0,0.0,0.0,0.0,0.0,0.0,0.0,0.0,0.0,0.3333333333333333,0.0,42
Illinois,2014,6,7,5.41,25.9,6.01,34.0,0.36,0.423,0.385,0.538,-0.23,23.3,7.91,7.91,0.46153846153846156,0.39743589743589747,-0.08333333333333331,27.799999999999997,34.7,-0.53,27.799999999999997,34.7,-0.53,27.799999999999997,34.7,-0.53,0.3333333333333333,0.0,29.7,0.0,35.4,0.0,5.91,0.0,6.66,0.0,-0.83,0.0,0.39743589743589747,0.0641025641025641,42
Illinois,2015,5,7,4.93,22.7,4.9,23.3,0.363,0.314,0.44,0.524,0.33,20.08,11.88,11.88,0.4166666666666667,0.4038461538461539,-0.08333333333333331,24.299999999999997,28.65,0.04999999999999999,26.099999999999998,30.900000000000002,-0.24333333333333332,26.099999999999998,30.900000000000002,-0.24333333333333332,0.46153846153846156,0.3333333333333333,25.9,29.7,34.0,35.4,5.41,5.91,6.01,6.66,-0.23,-0.83,0.4038461538461539,0.012820512820512775,42
Illinois,2016,3,9,5.32,19.7,5.54,31.9,0.284,0.446,0.438,0.313,-0.17,0.0,11.38,11.38,0.25,0.37606837606837606,-0.08333333333333331,21.2,27.6,0.07999999999999997,22.766666666666666,29.733333333333334,-0.023333333333333345,24.5,31.15,-0.225,0.4166666666666667,0.46153846153846156,22.7,25.9,23.3,34.0,4.93,5.41,4.9,6.01,0.33,-0.23,0.3653846153846154,-0.11538461538461542,42
Illinois,2017,2,10,4.64,15.4,5.66,31.5,0.335,0.437,0.4,0.667,-0.58,0.0,4.77,4.77,0.16666666666666666,0.27777777777777773,-0.29487179487179493,17.55,31.7,-0.375,19.26666666666667,28.900000000000002,-0.13999999999999999,22.68,31.22,-0.296,0.25,0.4166666666666667,19.7,22.7,31.9,23.3,5.32,4.93,5.54,4.9,-0.17,0.33,0.32564102564102565,-0.158974358974359,42
Illinois,2018,4,8,5.97,26.0,7.04,39.4,0.345,0.446,0.571,0.588,-0.33,1.0,10.68,10.68,0.3333333333333333,0.25,-0.08333333333333337,20.700000000000003,35.45,-0.45499999999999996,20.366666666666667,34.266666666666666,-0.36000000000000004,21.939999999999998,32.019999999999996,-0.196,0.16666666666666666,0.25,15.4,19.7,31.5,31.9,4.64,5.32,5.66,5.54,-0.58,-0.17,0.3269230769230769,0.0064102564102563875,42
Illinois,2019,6,7,5.0,26.7,5.6,26.2,0.354,0.372,0.333,0.636,0.77,0.0,8.56,8.56,0.46153846153846156,0.32051282051282054,0.21153846153846156,26.35,32.8,0.22000000000000003,22.700000000000003,32.36666666666667,-0.04666666666666667,22.1,30.459999999999997,0.0040000000000000036,0.3333333333333333,0.16666666666666666,26.0,15.4,39.4,31.5,5.97,4.64,7.04,5.66,-0.33,-0.58,0.3461538461538462,0.11538461538461536,42
Illinois,2020,2,6,5.36,20.1,6.56,34.9,0.381,0.43,0.467,0.684,0.75,1.0,9.29,9.29,0.25,0.34829059829059833,0.08333333333333334,23.400000000000002,30.55,0.76,24.266666666666666,33.49999999999999,0.39666666666666667,21.580000000000002,32.78,0.08800000000000001,0.46153846153846156,0.3333333333333333,26.7,26.0,26.2,39.4,5.0,5.97,5.6,7.04,0.77,-0.33,0.3341346153846154,-0.08413461538461542,42
Illinois,2021,5,7,5.01,20.2,5.22,21.9,0.38,0.353,0.357,0.722,0.58,1.0,3.7,3.7,0.4166666666666667,0.37606837606837606,0.08333333333333337,20.150000000000002,28.400000000000002,0.665,22.333333333333332,27.666666666666668,0.7000000000000001,21.68,30.78,0.238,0.25,0.46153846153846156,20.1,26.7,34.9,26.2,5.36,5.0,6.56,5.6,0.75,0.77,0.34330484330484334,0.07336182336182334,42
Illinois,2022,8,5,5.25,24.2,4.39,12.8,0.38,0.301,0.48,0.45,1.15,19.69,6.39,7.62,0.6153846153846154,0.42735042735042733,0.15384615384615385,22.200000000000003,17.35,0.865,21.5,23.2,0.8266666666666667,23.44,27.04,0.584,0.4166666666666667,0.25,20.2,20.1,21.9,34.9,5.01,5.36,5.22,6.56,0.58,0.75,0.37051282051282053,0.2448717948717949,42
Illinois,2023,5,7,5.79,24.5,5.28,29.4,0.36,0.44,0.56,0.533,-0.67,19.14,7.21,7.21,0.4166666666666667,0.4829059829059829,0.16666666666666669,24.35,21.1,0.23999999999999994,22.96666666666667,21.366666666666664,0.35333333333333333,23.139999999999997,25.04,0.516,0.6153846153846154,0.4166666666666667,24.2,20.2,12.8,21.9,5.25,5.01,4.39,5.22,1.15,0.58,0.37470862470862476,0.041958041958041925,42
Indiana,2013,5,7,6.58,38.4,6.74,38.8,0.467,0.465,0.5,0.448,-0.25,17.67,9.33,9.33,0.4166666666666667,0.4166666666666667,0.04487179487179488,38.4,38.8,-0.25,38.4,38.8,-0.25,38.4,38.8,-0.25,0.0,0.0,0.0,0.0,0.0,0.0,0.0,0.0,0.0,0.0,0.0,0.0,0.4166666666666667,0.0,43
Indiana,2014,4,8,5.7,25.1,5.85,32.8,0.304,0.361,0.35,0.75,-0.17,22.92,10.83,10.83,0.3333333333333333,0.375,0.04487179487179488,31.75,35.8,-0.21000000000000002,31.75,35.8,-0.21000000000000002,31.75,35.8,-0.21000000000000002,0.4166666666666667,0.0,38.4,0.0,38.8,0.0,6.58,0.0,6.74,0.0,-0.25,0.0,0.375,-0.041666666666666685,43
Indiana,2015,6,7,6.23,36.5,6.38,37.6,0.381,0.421,0.448,0.464,0.62,23.73,7.07,7.07,0.46153846153846156,0.4038461538461539,0.04487179487179488,30.8,35.2,0.22499999999999998,33.333333333333336,36.4,0.06666666666666665,33.333333333333336,36.4,0.06666666666666665,0.3333333333333333,0.4166666666666667,25.1,38.4,32.8,38.8,5.7,6.58,5.85,6.74,-0.17,-0.25,0.4038461538461539,0.057692307692307654,43
Indiana,2016,6,7,5.59,25.8,5.09,27.2,0.399,0.329,0.259,0.63,-0.46,0.0,6.09,6.09,0.46153846153846156,0.4188034188034188,0.04487179487179488,31.15,32.4,0.07999999999999999,29.133333333333336,32.53333333333333,-0.003333333333333355,31.45,34.1,-0.06500000000000002,0.46153846153846156,0.3333333333333333,36.5,25.1,37.6,32.8,6.23,5.7,6.38,5.85,0.62,-0.17,0.4182692307692308,0.04326923076923078,43
Indiana,2017,5,7,4.99,26.8,4.92,25.3,0.379,0.299,0.474,0.529,-0.58,1.0,4.96,4.96,0.4166666666666667,0.4465811965811966,0.08333333333333337,26.3,26.25,-0.52,29.7,30.03333333333333,-0.14,30.52,32.339999999999996,-0.168,0.46153846153846156,0.46153846153846156,25.8,36.5,27.2,37.6,5.59,6.23,5.09,6.38,-0.46,0.62,0.41794871794871796,-0.0012820512820512775,43
Indiana,2018,5,7,5.48,26.4,6.0,29.9,0.424,0.42,0.483,0.737,0.42,0.0,3.8,3.8,0.4166666666666667,0.43162393162393164,-0.04487179487179488,26.6,27.6,-0.07999999999999999,26.333333333333332,27.46666666666667,-0.2066666666666667,28.119999999999997,30.560000000000002,-0.033999999999999996,0.4166666666666667,0.46153846153846156,26.8,25.8,25.3,27.2,4.99,5.59,4.92,5.09,-0.58,-0.46,0.41773504273504275,-0.0010683760683760646,43
Indiana,2019,8,5,5.99,31.8,5.37,24.4,0.469,0.352,0.444,0.522,0.15,0.0,9.14,9.14,0.6153846153846154,0.48290598290598297,0.15384615384615385,29.1,27.15,0.28500000000000003,28.333333333333332,26.53333333333333,-0.0033333333333333457,29.46,28.880000000000003,0.030000000000000006,0.4166666666666667,0.4166666666666667,26.4,26.8,29.9,25.3,5.48,4.99,6.0,4.92,0.42,-0.58,0.445970695970696,0.16941391941391942,43
Indiana,2020,6,1,5.17,30.1,5.41,19.4,0.378,0.367,0.455,0.182,1.43,0.0,7.0,7.0,0.8571428571428571,0.6297313797313797,0.4404761904761904,30.950000000000003,21.9,0.79,29.433333333333334,24.566666666666663,0.6666666666666666,28.18,25.240000000000002,0.192,0.6153846153846154,0.4166666666666667,31.8,26.4,24.4,29.9,5.99,5.48,5.37,6.0,0.15,0.42,0.4973672161172161,0.35977564102564097,43
Indiana,2021,2,10,4.25,17.2,5.64,33.2,0.369,0.365,0.5,0.667,-1.08,1.0,8.6,8.6,0.16666666666666666,0.5463980463980465,-0.25,23.65,26.3,0.17500000000000004,26.366666666666664,25.666666666666668,0.1666666666666666,26.46,26.439999999999998,0.06799999999999998,0.8571428571428571,0.6153846153846154,30.1,31.8,19.4,24.4,5.17,5.99,5.41,5.37,1.43,0.15,0.46062271062271065,-0.293956043956044,43
Indiana,2022,4,8,4.48,23.2,5.89,33.9,0.335,0.424,0.375,0.444,-0.33,23.9,4.0,8.81,0.3333333333333333,0.45238095238095233,-0.2820512820512821,20.2,33.55,-0.705,23.5,28.833333333333332,0.00666666666666658,25.74,28.159999999999997,0.11799999999999997,0.16666666666666666,0.8571428571428571,17.2,30.1,33.2,19.4,4.25,5.17,5.64,5.41,-1.08,1.43,0.4478937728937729,-0.1145604395604396,43
Indiana,2023,3,9,4.99,22.2,5.82,29.9,0.375,0.361,0.37,0.526,-0.42,22.16,7.1,7.1,0.25,0.25,-0.6071428571428571,22.7,31.9,-0.3749999999999999,20.866666666666664,32.333333333333336,-0.61,24.9,28.160000000000004,-0.05000000000000001,0.3333333333333333,0.16666666666666666,23.2,17.2,33.9,33.2,4.48,4.25,5.89,5.64,-0.33,-1.08,0.4299034299034299,-0.1799034299034299,43
Iowa,2013,8,5,5.26,26.3,4.58,18.9,0.436,0.357,0.294,0.571,-0.08,23.28,4.9,4.9,0.6153846153846154,0.6153846153846154,0.0,26.3,18.9,-0.08,26.3,18.9,-0.08,26.3,18.9,-0.08,0.0,0.0,0.0,0.0,0.0,0.0,0.0,0.0,0.0,0.0,0.0,0.0,0.6153846153846154,0.0,44
Iowa,2014,7,6,5.47,28.2,5.28,25.6,0.448,0.368,0.609,0.667,-0.46,16.09,15.13,15.13,0.5384615384615384,0.5769230769230769,0.0,27.25,22.25,-0.27,27.25,22.25,-0.27,27.25,22.25,-0.27,0.6153846153846154,0.0,26.3,0.0,18.9,0.0,5.26,0.0,4.58,0.0,-0.08,0.0,0.5769230769230769,-0.038461538461538436,44
Iowa,2015,12,2,5.77,30.9,4.96,20.4,0.417,0.367,0.643,0.556,0.79,23.56,13.85,13.85,0.8571428571428571,0.6703296703296703,0.0,29.549999999999997,23.0,0.165,28.46666666666667,21.633333333333336,0.08333333333333333,28.46666666666667,21.633333333333336,0.08333333333333333,0.5384615384615384,0.6153846153846154,28.2,26.3,25.6,18.9,5.47,5.26,5.28,4.58,-0.46,-0.08,0.6703296703296703,0.18681318681318682,44
Iowa,2016,8,5,5.2,24.9,5.11,18.8,0.318,0.35,0.647,0.571,0.46,0.0,11.17,11.17,0.6153846153846154,0.6703296703296703,0.0,27.9,19.6,0.625,28.0,21.599999999999998,0.26333333333333336,27.575,20.925,0.1775,0.8571428571428571,0.5384615384615384,30.9,28.2,20.4,25.6,5.77,5.47,4.96,5.28,0.79,-0.46,0.6565934065934066,-0.04120879120879117,44
Iowa,2017,8,5,5.12,28.2,5.08,19.9,0.344,0.346,0.636,0.48,0.54,0.0,4.65,4.65,0.6153846153846154,0.695970695970696,0.07692307692307698,26.549999999999997,19.35,0.5,28.0,19.7,0.5966666666666667,27.7,20.72,0.25,0.6153846153846154,0.8571428571428571,24.9,30.9,18.8,20.4,5.2,5.77,5.11,4.96,0.46,0.79,0.6483516483516484,-0.03296703296703296,44
Iowa,2018,9,4,5.44,31.2,4.56,17.8,0.435,0.343,0.68,0.44,0.69,0.0,4.48,4.48,0.6923076923076923,0.6410256410256411,-0.1648351648351648,29.7,18.85,0.615,28.099999999999998,18.833333333333332,0.5633333333333334,28.68,20.5,0.404,0.6153846153846154,0.6153846153846154,28.2,24.9,19.9,18.8,5.12,5.2,5.08,5.11,0.54,0.46,0.6556776556776557,0.03663003663003661,44
Iowa,2019,10,3,5.52,25.8,4.8,14.0,0.407,0.379,0.714,0.308,0.69,0.0,6.64,6.64,0.7692307692307693,0.6923076923076924,0.15384615384615385,28.5,15.9,0.69,28.400000000000002,17.233333333333334,0.64,28.2,18.18,0.634,0.6923076923076923,0.6153846153846154,31.2,28.2,17.8,19.9,5.44,5.12,4.56,5.08,0.69,0.54,0.6718995290423863,0.09733124018838302,44
Iowa,2020,6,2,5.42,31.8,4.34,16.0,0.336,0.403,0.667,0.5,1.12,0.0,5.17,5.17,0.75,0.7371794871794872,0.13461538461538458,28.8,15.0,0.905,29.599999999999998,15.933333333333332,0.8333333333333334,28.379999999999995,17.3,0.7,0.7692307692307693,0.6923076923076923,25.8,31.2,14.0,17.8,5.52,5.44,4.8,4.56,0.69,0.69,0.6816620879120879,0.06833791208791207,44
Iowa,2021,10,4,4.67,23.4,4.72,19.2,0.34,0.369,0.312,0.444,0.79,0.0,3.83,3.83,0.7142857142857143,0.7445054945054945,0.02197802197802201,27.6,17.6,0.9550000000000001,27.0,16.400000000000002,0.8666666666666667,28.080000000000002,17.38,0.766,0.75,0.7692307692307693,31.8,25.8,16.0,14.0,5.42,5.52,4.34,4.8,1.12,0.69,0.6852869352869353,0.028998778998779007,44
Iowa,2022,8,5,4.24,17.7,3.99,13.3,0.278,0.306,0.333,0.625,0.46,22.15,9.68,4.38,0.6153846153846154,0.6932234432234433,-0.15384615384615385,20.549999999999997,16.25,0.625,24.3,16.166666666666668,0.79,25.98,16.060000000000002,0.75,0.7142857142857143,0.75,23.4,31.8,19.2,16.0,4.67,5.42,4.72,4.34,0.79,1.12,0.6782967032967033,-0.06291208791208791,44
Iowa,2023,10,4,3.94,15.4,4.08,14.8,0.294,0.313,0.5,0.583,-0.5,15.57,7.72,7.72,0.7142857142857143,0.6813186813186815,-0.0357142857142857,16.55,14.05,-0.01999999999999999,18.833333333333332,15.766666666666666,0.25,22.82,15.459999999999999,0.512,0.6153846153846154,0.7142857142857143,17.7,23.4,13.3,19.2,4.24,4.67,3.99,4.72,0.46,0.79,0.6815684315684316,0.03271728271728269,44
Iowa St.,2013,3,9,4.82,24.8,6.05,36.0,0.345,0.384,0.684,0.565,-0.08,18.88,11.38,11.38,0.25,0.25,0.0,24.8,36.0,-0.08,24.8,36.0,-0.08,24.8,36.0,-0.08,0.0,0.0,0.0,0.0,0.0,0.0,0.0,0.0,0.0,0.0,0.0,0.0,0.25,0.0,45
Iowa St.,2014,2,10,4.9,23.2,6.53,38.8,0.423,0.462,0.316,0.591,0.0,17.95,3.72,3.72,0.16666666666666666,0.20833333333333331,0.0,24.0,37.4,-0.04,24.0,37.4,-0.04,24.0,37.4,-0.04,0.25,0.0,24.8,0.0,36.0,0.0,4.82,0.0,6.05,0.0,-0.08,0.0,0.20833333333333331,-0.04166666666666666,45
Iowa St.,2015,3,9,5.39,25.0,6.16,32.7,0.402,0.469,0.448,0.429,-0.92,19.43,6.27,6.27,0.25,0.2222222222222222,0.0,24.1,35.75,-0.46,24.333333333333332,35.833333333333336,-0.3333333333333333,24.333333333333332,35.833333333333336,-0.3333333333333333,0.16666666666666666,0.25,23.2,24.8,38.8,36.0,4.9,4.82,6.53,6.05,0.0,-0.08,0.2222222222222222,0.02777777777777779,45
Iowa St.,2016,3,9,5.91,27.7,5.97,31.3,0.429,0.448,0.478,0.6,-0.25,0.0,4.4,4.4,0.25,0.2222222222222222,0.0,26.35,32.0,-0.585,25.3,34.266666666666666,-0.38999999999999996,25.175,34.7,-0.3125,0.25,0.16666666666666666,25.0,23.2,32.7,38.8,5.39,4.9,6.16,6.53,-0.92,0.0,0.22916666666666666,0.020833333333333343,45
Iowa St.,2017,8,5,5.55,29.2,5.4,20.9,0.392,0.407,0.737,0.438,0.77,1.0,5.69,5.69,0.6153846153846154,0.3717948717948718,0.4487179487179488,28.45,26.1,0.26,27.3,28.3,-0.13333333333333333,25.98,31.939999999999998,-0.096,0.25,0.25,27.7,25.0,31.3,32.7,5.91,5.39,5.97,6.16,-0.25,-0.92,0.3064102564102564,0.30897435897435904,45
Iowa St.,2018,8,5,5.82,26.8,5.05,22.9,0.396,0.418,0.556,0.5,-0.23,0.0,5.33,5.33,0.6153846153846154,0.4935897435897436,0.3653846153846154,28.0,21.9,0.27,27.900000000000002,25.03333333333333,0.09666666666666668,26.380000000000003,29.32,-0.126,0.6153846153846154,0.25,29.2,27.7,20.9,31.3,5.55,5.91,5.4,5.97,0.77,-0.25,0.3579059829059829,0.2574786324786325,45
Iowa St.,2019,7,6,6.45,32.2,5.36,25.9,0.381,0.414,0.429,0.533,-0.23,1.0,6.19,6.19,0.5384615384615384,0.5897435897435898,0.28846153846153844,29.5,24.4,-0.23,29.400000000000002,23.233333333333334,0.10333333333333333,28.18,26.74,-0.172,0.6153846153846154,0.6153846153846154,26.8,29.2,22.9,20.9,5.82,5.55,5.05,5.4,-0.23,0.77,0.3836996336996337,0.1547619047619047,45
Iowa St.,2020,8,3,6.53,32.8,5.28,21.8,0.437,0.345,0.692,0.474,0.0,2.0,12.29,12.29,0.7272727272727273,0.6270396270396271,0.11188811188811187,32.5,23.85,-0.115,30.600000000000005,23.53333333333333,-0.15333333333333335,29.74,24.56,0.01200000000000001,0.5384615384615384,0.6153846153846154,32.2,26.8,25.9,22.9,6.45,5.82,5.36,5.05,-0.23,-0.23,0.4266462703962704,0.3006264568764569,45
Iowa St.,2021,7,6,6.43,31.3,5.06,20.5,0.364,0.388,0.652,0.421,0.15,1.0,10.78,10.78,0.5384615384615384,0.6013986013986014,-0.07692307692307698,32.05,21.15,0.075,32.1,22.733333333333334,-0.026666666666666672,30.46,22.4,0.09200000000000001,0.7272727272727273,0.5384615384615384,32.8,32.2,21.8,25.9,6.53,6.45,5.28,5.36,0.0,-0.23,0.4390701890701891,0.09939134939134936,45
Iowa St.,2022,4,8,5.09,20.2,4.73,20.2,0.419,0.288,0.556,0.588,-0.58,16.57,5.42,2.64,0.3333333333333333,0.533022533022533,-0.20512820512820512,25.75,20.35,-0.21499999999999997,28.100000000000005,20.833333333333332,-0.1433333333333333,28.660000000000004,22.259999999999998,-0.178,0.5384615384615384,0.7272727272727273,31.3,32.8,20.5,21.8,6.43,6.53,5.06,5.28,0.15,0.0,0.4284965034965035,-0.09516317016317016,45
Iowa St.,2023,7,6,6.22,26.2,5.22,22.8,0.391,0.361,0.625,0.583,0.62,19.0,6.48,6.48,0.5384615384615384,0.47008547008547,-0.18881118881118886,23.2,21.5,0.020000000000000018,25.900000000000002,21.166666666666668,0.06333333333333335,28.54,22.240000000000002,-0.007999999999999985,0.3333333333333333,0.5384615384615384,20.2,31.3,20.2,20.5,5.09,6.43,4.73,5.06,-0.58,0.15,0.4384933248569612,0.09996821360457725,45
Jacksonville St.,2023,9,4,5.32,30.2,4.82,21.2,0.38,0.327,0.519,0.414,0.38,20.88,4.18,4.18,0.6923076923076923,0.6923076923076923,0.0,30.2,21.2,0.38,30.2,21.2,0.38,30.2,21.2,0.38,0.0,0.0,0.0,0.0,0.0,0.0,0.0,0.0,0.0,0.0,0.0,0.0,0.6923076923076923,0.0,46
James Madison,2022,8,3,6.17,37.0,4.74,20.9,0.397,0.284,0.45,0.471,0.36,18.4,5.7,8.57,0.7272727272727273,0.7272727272727273,0.0,37.0,20.9,0.36,37.0,20.9,0.36,37.0,20.9,0.36,0.0,0.0,0.0,0.0,0.0,0.0,0.0,0.0,0.0,0.0,0.0,0.0,0.7272727272727273,0.0,47
James Madison,2023,11,2,6.23,34.1,4.96,19.5,0.368,0.363,0.5,0.412,0.46,23.12,5.25,5.25,0.8461538461538461,0.7867132867132867,0.0,35.55,20.2,0.41000000000000003,35.55,20.2,0.41000000000000003,35.55,20.2,0.41000000000000003,0.7272727272727273,0.0,37.0,0.0,20.9,0.0,6.17,0.0,4.74,0.0,0.36,0.0,0.7867132867132867,0.05944055944055948,47
Kansas,2013,3,9,4.28,15.3,5.82,31.8,0.279,0.408,0.25,0.286,0.08,22.36,4.91,4.91,0.25,0.25,-0.08333333333333334,15.3,31.8,0.08,15.3,31.8,0.08,15.3,31.8,0.08,0.0,0.0,0.0,0.0,0.0,0.0,0.0,0.0,0.0,0.0,0.0,0.0,0.25,0.0,48
Kansas,2014,3,9,4.62,17.8,6.29,33.3,0.343,0.415,0.2,0.65,0.25,26.9,8.16,8.16,0.25,0.25,-0.08333333333333334,16.55,32.55,0.165,16.55,32.55,0.165,16.55,32.55,0.165,0.25,0.0,15.3,0.0,31.8,0.0,4.28,0.0,5.82,0.0,0.08,0.0,0.25,0.0,48
Kansas,2015,0,12,4.43,15.3,6.96,46.1,0.365,0.453,0.269,0.692,-0.58,20.21,7.87,7.87,0.0,0.16666666666666666,-0.08333333333333334,16.55,39.7,-0.16499999999999998,16.133333333333336,37.06666666666666,-0.08333333333333331,16.133333333333336,37.06666666666666,-0.08333333333333331,0.25,0.25,17.8,15.3,33.3,31.8,4.62,4.28,6.29,5.82,0.25,0.08,0.16666666666666666,-0.16666666666666666,48
Kansas,2016,2,10,4.96,20.3,6.04,37.3,0.33,0.356,0.25,0.444,-1.17,0.0,9.64,9.64,0.16666666666666666,0.13888888888888887,-0.08333333333333334,17.8,41.7,-0.875,17.8,38.9,-0.5,17.175,37.125,-0.355,0.0,0.25,15.3,17.8,46.1,33.3,4.43,4.62,6.96,6.29,-0.58,0.25,0.16666666666666666,0.0,48
Kansas,2017,1,11,4.64,18.7,6.44,43.4,0.289,0.401,0.542,0.619,-1.42,1.0,18.3,18.3,0.08333333333333333,0.08333333333333333,-0.16666666666666669,19.5,40.349999999999994,-1.295,18.099999999999998,42.266666666666666,-1.0566666666666666,17.48,38.379999999999995,-0.568,0.16666666666666666,0.0,20.3,15.3,37.3,46.1,4.96,4.43,6.04,6.96,-1.17,-0.58,0.15,-0.06666666666666667,48
Kansas,2018,3,9,5.17,23.8,6.06,30.0,0.391,0.456,0.368,0.444,1.33,0.0,6.37,6.37,0.25,0.16666666666666666,0.25,21.25,36.7,-0.04499999999999993,20.933333333333334,36.9,-0.41999999999999993,19.18,38.019999999999996,-0.31799999999999995,0.08333333333333333,0.16666666666666666,18.7,20.3,43.4,37.3,4.64,4.96,6.44,6.04,-1.42,-1.17,0.16666666666666666,0.08333333333333334,48
Kansas,2019,3,9,5.86,23.5,6.15,36.1,0.392,0.523,0.35,0.5,-1.0,0.0,15.22,15.22,0.25,0.19444444444444445,0.08333333333333334,23.65,33.05,0.16500000000000004,22.0,36.5,-0.3633333333333333,20.32,38.58,-0.568,0.25,0.08333333333333333,23.8,18.7,30.0,43.4,5.17,4.64,6.06,6.44,1.33,-1.42,0.17857142857142858,0.07142857142857142,48
Kansas,2020,0,9,3.66,15.8,6.63,46.0,0.232,0.418,0.417,0.8,-0.44,2.0,16.52,16.52,0.0,0.16666666666666666,-0.08333333333333333,19.65,41.05,-0.72,21.03333333333333,37.36666666666667,-0.036666666666666646,20.419999999999998,38.56,-0.5399999999999999,0.25,0.25,23.5,23.8,36.1,30.0,5.86,5.17,6.15,6.06,-1.0,1.33,0.15625,-0.15625,48
Kansas,2021,2,10,5.16,20.8,7.21,42.2,0.358,0.542,0.367,0.611,0.17,0.0,14.46,14.46,0.16666666666666666,0.13888888888888887,-0.08333333333333334,18.3,44.1,-0.135,20.033333333333335,41.43333333333334,-0.42333333333333334,20.52,39.54,-0.27199999999999996,0.0,0.25,15.8,23.5,46.0,36.1,3.66,5.86,6.63,6.15,-0.44,-1.0,0.1574074074074074,0.009259259259259245,48
Kansas,2022,6,7,6.98,35.6,6.15,35.5,0.506,0.474,0.474,0.679,0.23,17.83,3.75,6.91,0.46153846153846156,0.2094017094017094,0.21153846153846156,28.200000000000003,38.85,0.2,24.066666666666666,41.23333333333334,-0.013333333333333308,23.9,37.96,0.05800000000000002,0.16666666666666666,0.0,20.8,15.8,42.2,46.0,5.16,3.66,7.21,6.63,0.17,-0.44,0.18782051282051282,0.27371794871794874,48
Kansas,2023,9,4,7.16,34.8,5.76,26.5,0.483,0.416,0.368,0.6,0.08,18.06,-3.0,-3.0,0.6923076923076923,0.44017094017094016,0.6923076923076923,35.2,31.0,0.155,30.400000000000002,34.73333333333334,0.16000000000000003,26.1,37.260000000000005,-0.192,0.46153846153846156,0.16666666666666666,35.6,20.8,35.5,42.2,6.98,5.16,6.15,7.21,0.23,0.17,0.23368298368298365,0.4586247086247086,48
Kansas St.,2013,8,5,6.32,33.2,5.08,22.9,0.488,0.409,0.571,0.478,0.0,20.5,12.8,12.8,0.6153846153846154,0.6153846153846154,0.07692307692307687,33.2,22.9,0.0,33.2,22.9,0.0,33.2,22.9,0.0,0.0,0.0,0.0,0.0,0.0,0.0,0.0,0.0,0.0,0.0,0.0,0.0,0.6153846153846154,0.0,49
Kansas St.,2014,9,4,6.15,35.8,5.46,23.2,0.459,0.429,0.688,0.429,0.62,17.97,11.09,11.09,0.6923076923076923,0.6538461538461539,0.07692307692307687,34.5,23.049999999999997,0.31,34.5,23.049999999999997,0.31,34.5,23.049999999999997,0.31,0.6153846153846154,0.0,33.2,0.0,22.9,0.0,6.32,0.0,5.08,0.0,0.0,0.0,0.6538461538461539,0.038461538461538436,49
Kansas St.,2015,6,7,4.95,29.9,6.24,31.5,0.391,0.436,0.533,0.409,-0.23,18.05,6.68,6.68,0.46153846153846156,0.5897435897435898,0.07692307692307687,32.849999999999994,27.35,0.195,32.96666666666667,25.866666666666664,0.13,32.96666666666667,25.866666666666664,0.13,0.6923076923076923,0.6153846153846154,35.8,33.2,23.2,22.9,6.15,6.32,5.46,5.08,0.62,0.0,0.5897435897435898,-0.1282051282051282,49
Kansas St.,2016,9,4,5.74,32.2,5.77,22.3,0.454,0.374,0.6,0.417,1.0,0.0,4.14,4.14,0.6923076923076923,0.6153846153846154,0.07692307692307687,31.05,26.9,0.385,32.63333333333333,25.666666666666668,0.4633333333333334,32.775,24.975,0.34750000000000003,0.46153846153846156,0.6923076923076923,29.9,35.8,31.5,23.2,4.95,6.15,6.24,5.46,-0.23,0.62,0.6153846153846154,0.07692307692307687,49
Kansas St.,2017,8,5,6.14,32.3,5.82,25.2,0.336,0.412,0.333,0.542,0.77,0.0,5.71,5.71,0.6153846153846154,0.5897435897435898,-0.07692307692307687,32.25,23.75,0.885,31.46666666666667,26.333333333333332,0.5133333333333333,32.68,25.02,0.43200000000000005,0.6923076923076923,0.46153846153846156,32.2,29.9,22.3,31.5,5.74,4.95,5.77,6.24,1.0,-0.23,0.6153846153846154,0.0,49
Kansas St.,2018,5,7,5.19,22.5,5.95,25.4,0.385,0.448,0.45,0.375,0.17,0.0,11.57,11.57,0.4166666666666667,0.5747863247863247,-0.04487179487179488,27.4,25.299999999999997,0.47000000000000003,29.0,24.299999999999997,0.6466666666666667,30.54,25.52,0.466,0.6153846153846154,0.6923076923076923,32.3,32.2,25.2,22.3,6.14,5.74,5.82,5.77,0.77,1.0,0.5822649572649573,-0.16559829059829062,49
Kansas St.,2019,8,5,5.55,29.6,6.17,21.4,0.431,0.28,0.6,0.412,0.08,0.0,12.6,12.6,0.6153846153846154,0.5491452991452991,-0.07692307692307687,26.05,23.4,0.125,28.133333333333336,24.0,0.3400000000000001,29.3,25.16,0.358,0.4166666666666667,0.6153846153846154,22.5,32.3,25.4,25.2,5.19,6.14,5.95,5.82,0.17,0.77,0.586996336996337,0.0283882783882784,49
Kansas St.,2020,4,6,5.61,26.6,6.11,32.2,0.331,0.401,0.6,0.529,-0.3,0.0,2.0,2.0,0.4,0.47735042735042726,-0.2153846153846154,28.1,26.8,-0.11,26.233333333333334,26.333333333333332,-0.016666666666666625,28.639999999999997,25.3,0.344,0.6153846153846154,0.4166666666666667,29.6,22.5,21.4,25.4,5.55,5.19,6.17,5.95,0.08,0.17,0.5636217948717949,-0.16362179487179485,49
Kansas St.,2021,8,5,6.3,27.5,5.37,21.0,0.438,0.399,0.75,0.606,0.31,0.0,10.64,10.64,0.6153846153846154,0.5435897435897435,0.19871794871794873,27.05,26.6,0.0050000000000000044,27.900000000000002,24.86666666666667,0.030000000000000037,27.7,25.04,0.20600000000000004,0.4,0.6153846153846154,26.6,29.6,32.2,21.4,5.61,5.55,6.11,6.17,-0.3,0.08,0.5693732193732194,0.04601139601139603,49
Kansas St.,2022,10,4,6.12,32.3,5.54,21.9,0.39,0.34,0.567,0.394,0.86,22.97,13.21,6.11,0.7142857142857143,0.5765567765567766,0.09890109890109888,29.9,21.45,0.585,28.8,25.03333333333333,0.29000000000000004,27.7,24.380000000000003,0.22400000000000003,0.6153846153846154,0.4,27.5,26.6,21.0,32.2,6.3,5.61,5.37,6.11,0.31,-0.3,0.5838644688644689,0.13042124542124545,49
Kansas St.,2023,9,4,6.04,37.1,5.76,21.0,0.479,0.302,0.583,0.459,0.85,19.13,19.0,19.0,0.6923076923076923,0.6739926739926739,0.29230769230769227,34.7,21.45,0.855,32.300000000000004,21.3,0.6733333333333333,30.619999999999997,23.5,0.36,0.7142857142857143,0.6153846153846154,32.3,27.5,21.9,21.0,6.12,6.3,5.54,5.37,0.86,0.31,0.5937229437229438,0.09858474858474853,49
Kent St.,2013,4,8,5.55,20.8,6.05,26.9,0.395,0.424,0.474,0.308,-0.33,21.95,2.18,2.18,0.3333333333333333,0.3333333333333333,-0.08333333333333331,20.8,26.9,-0.33,20.8,26.9,-0.33,20.8,26.9,-0.33,0.0,0.0,0.0,0.0,0.0,0.0,0.0,0.0,0.0,0.0,0.0,0.0,0.3333333333333333,0.0,50
Kent St.,2014,2,9,4.83,16.4,5.75,29.0,0.303,0.456,0.643,0.385,-0.36,22.0,9.25,9.25,0.18181818181818182,0.25757575757575757,-0.08333333333333331,18.6,27.95,-0.345,18.6,27.95,-0.345,18.6,27.95,-0.345,0.3333333333333333,0.0,20.8,0.0,26.9,0.0,5.55,0.0,6.05,0.0,-0.33,0.0,0.25757575757575757,-0.07575757575757575,50
Kent St.,2015,3,9,4.11,13.1,4.86,26.1,0.254,0.34,0.346,0.714,-0.25,26.3,7.55,7.55,0.25,0.255050505050505,-0.08333333333333331,14.75,27.55,-0.305,16.766666666666666,27.333333333333332,-0.3133333333333333,16.766666666666666,27.333333333333332,-0.3133333333333333,0.18181818181818182,0.3333333333333333,16.4,20.8,29.0,26.9,4.83,5.55,5.75,6.05,-0.36,-0.33,0.255050505050505,-0.0050505050505050275,50
Kent St.,2016,3,9,4.85,20.6,5.21,28.7,0.331,0.398,0.357,0.625,0.92,0.0,8.81,8.81,0.25,0.2272727272727273,-0.08333333333333331,16.85,27.4,0.335,16.7,27.933333333333334,0.10333333333333335,17.725,27.675,-0.0050000000000000044,0.25,0.18181818181818182,13.1,16.4,26.1,29.0,4.11,4.83,4.86,5.75,-0.25,-0.36,0.2537878787878788,-0.0037878787878787845,50
Kent St.,2017,2,10,4.38,12.8,6.21,35.1,0.287,0.315,0.2,0.667,-0.58,1.0,3.41,3.41,0.16666666666666666,0.2222222222222222,-0.015151515151515166,16.700000000000003,31.900000000000002,0.17000000000000004,15.5,29.96666666666667,0.02999999999999999,16.740000000000002,29.160000000000004,-0.12,0.25,0.25,20.6,13.1,28.7,26.1,4.85,4.11,5.21,4.86,0.92,-0.25,0.2363636363636364,-0.06969696969696973,50
Kent St.,2018,2,10,5.04,23.9,6.26,36.7,0.342,0.404,0.538,0.484,-0.08,0.0,14.92,14.92,0.16666666666666666,0.19444444444444442,-0.08333333333333334,18.35,35.900000000000006,-0.32999999999999996,19.099999999999998,33.5,0.08666666666666667,17.36,31.119999999999997,-0.06999999999999999,0.16666666666666666,0.25,12.8,20.6,35.1,28.7,4.38,4.85,6.21,5.21,-0.58,0.92,0.22474747474747472,-0.058080808080808066,50
Kent St.,2019,7,6,5.83,29.2,6.32,31.8,0.439,0.454,0.667,0.696,0.46,0.0,2.6,2.6,0.5384615384615384,0.2905982905982906,0.28846153846153844,26.549999999999997,34.25,0.19,21.966666666666665,34.53333333333334,-0.06666666666666667,19.919999999999998,31.68,0.094,0.16666666666666666,0.16666666666666666,23.9,12.8,36.7,35.1,5.04,4.38,6.26,6.21,-0.08,-0.58,0.26956376956376954,0.2688977688977689,50
Kent St.,2020,3,1,7.44,49.8,6.5,38.0,0.561,0.438,0.875,0.429,0.25,0.0,-1.0,-1.0,0.75,0.4850427350427351,0.5833333333333334,39.5,34.9,0.355,34.3,35.50000000000001,0.20999999999999996,27.26,34.06,0.194,0.5384615384615384,0.16666666666666666,29.2,23.9,31.8,36.7,5.83,5.04,6.32,6.26,0.46,-0.08,0.32961829836829837,0.42038170163170163,50
Kent St.,2021,7,7,6.58,33.0,6.19,36.3,0.436,0.468,0.481,0.6,0.93,0.0,2.88,2.88,0.5,0.5961538461538461,0.33333333333333337,41.39999999999999,37.15,0.5900000000000001,37.33333333333333,35.36666666666667,0.5466666666666667,29.74,35.58,0.196,0.75,0.5384615384615384,49.8,29.2,38.0,31.8,7.44,5.83,6.5,6.32,0.25,0.46,0.34854959854959855,0.15145040145040145,50
Kent St.,2022,5,7,5.78,28.4,5.79,29.0,0.411,0.394,0.5,0.581,0.0,22.89,7.86,6.27,0.4166666666666667,0.5555555555555556,-0.12179487179487175,30.699999999999996,32.65,0.4650000000000001,37.06666666666666,34.43333333333334,0.39333333333333337,32.86,34.36,0.312,0.5,0.75,33.0,49.8,36.3,38.0,6.58,7.44,6.19,6.5,0.93,0.25,0.35536130536130534,0.06130536130536135,50
Kent St.,2023,1,11,4.35,14.7,6.05,34.6,0.298,0.475,0.462,0.533,-0.25,20.92,9.86,9.86,0.08333333333333333,0.3333333333333334,-0.6666666666666666,21.549999999999997,31.8,-0.12499999999999994,25.366666666666664,33.300000000000004,0.22666666666666668,31.02,33.94,0.278,0.4166666666666667,0.5,28.4,33.0,29.0,36.3,5.78,6.58,5.79,6.19,0.0,0.93,0.3306314897223988,-0.2472981563890655,50
Kentucky,2013,2,10,5.29,20.5,6.26,31.2,0.309,0.447,0.607,0.688,0.0,19.8,6.2,6.2,0.16666666666666666,0.16666666666666666,0.3717948717948718,20.5,31.2,0.0,20.5,31.2,0.0,20.5,31.2,0.0,0.0,0.0,0.0,0.0,0.0,0.0,0.0,0.0,0.0,0.0,0.0,0.0,0.16666666666666666,0.0,51
Kentucky,2014,5,7,5.43,29.2,5.5,31.3,0.339,0.439,0.435,0.643,0.67,22.51,12.65,12.65,0.4166666666666667,0.2916666666666667,0.3717948717948718,24.85,31.25,0.335,24.85,31.25,0.335,24.85,31.25,0.335,0.16666666666666666,0.0,20.5,0.0,31.2,0.0,5.29,0.0,6.26,0.0,0.0,0.0,0.2916666666666667,0.125,51
Kentucky,2015,5,7,5.47,24.7,5.55,27.4,0.374,0.394,0.684,0.571,-0.17,20.82,10.22,10.22,0.4166666666666667,0.3333333333333333,0.3717948717948718,26.95,29.35,0.25,24.8,29.96666666666667,0.16666666666666666,24.8,29.96666666666667,0.16666666666666666,0.4166666666666667,0.16666666666666666,29.2,20.5,31.3,31.2,5.43,5.29,5.5,6.26,0.67,0.0,0.3333333333333333,0.08333333333333337,51
Kentucky,2016,7,6,6.26,30.0,6.08,31.3,0.391,0.444,0.75,0.538,-0.54,0.0,5.43,5.43,0.5384615384615384,0.45726495726495725,0.3717948717948718,27.35,29.35,-0.35500000000000004,27.96666666666667,30.0,-0.013333333333333345,26.1,30.3,-0.010000000000000009,0.4166666666666667,0.4166666666666667,24.7,29.2,27.4,31.3,5.47,5.43,5.55,5.5,-0.17,0.67,0.3846153846153846,0.15384615384615385,51
Kentucky,2017,7,6,5.56,25.5,6.22,28.2,0.393,0.405,0.6,0.621,0.23,0.0,4.42,4.42,0.5384615384615384,0.49786324786324787,0.12179487179487175,27.75,29.75,-0.15500000000000003,26.73333333333333,28.96666666666667,-0.16000000000000003,25.98,29.880000000000003,0.03799999999999999,0.5384615384615384,0.4166666666666667,30.0,24.7,31.3,27.4,6.26,5.47,6.08,5.55,-0.54,-0.17,0.41538461538461535,0.12307692307692308,51
Kentucky,2018,10,3,5.64,26.6,5.24,16.8,0.398,0.382,0.6,0.368,0.15,0.0,11.8,11.8,0.7692307692307693,0.6153846153846153,0.3525641025641026,26.05,22.5,0.19,27.366666666666664,25.433333333333334,-0.053333333333333344,27.2,27.0,0.06799999999999999,0.5384615384615384,0.5384615384615384,25.5,30.0,28.2,31.3,5.56,6.26,6.22,6.08,0.23,-0.54,0.4743589743589744,0.2948717948717949,51
Kentucky,2019,8,5,6.15,27.2,5.3,19.3,0.389,0.392,0.519,0.353,-0.08,0.0,8.64,8.64,0.6153846153846154,0.6410256410256411,0.07692307692307698,26.9,18.05,0.034999999999999996,26.433333333333334,21.433333333333337,0.09999999999999999,26.8,24.6,-0.08200000000000002,0.7692307692307693,0.5384615384615384,26.6,25.5,16.8,28.2,5.64,5.56,5.24,6.22,0.15,0.23,0.4945054945054945,0.1208791208791209,51
Kentucky,2020,4,6,5.1,21.7,5.54,26.4,0.38,0.426,0.467,0.682,0.7,0.0,14.42,14.42,0.4,0.5948717948717949,-0.1384615384615384,24.45,22.85,0.31,25.166666666666668,20.833333333333332,0.25666666666666665,26.2,24.4,0.09199999999999997,0.6153846153846154,0.7692307692307693,27.2,26.6,19.3,16.8,6.15,5.64,5.3,5.24,-0.08,0.15,0.4826923076923077,-0.08269230769230768,51
Kentucky,2021,10,3,6.41,31.8,5.5,21.7,0.503,0.386,0.375,0.278,-0.85,0.0,5.56,5.56,0.7692307692307693,0.5948717948717949,0.0,26.75,24.049999999999997,-0.07500000000000001,26.900000000000002,22.46666666666667,-0.0766666666666667,26.560000000000002,22.479999999999997,0.02999999999999998,0.4,0.6153846153846154,21.7,27.2,26.4,19.3,5.1,6.15,5.54,5.3,0.7,-0.08,0.5145299145299146,0.2547008547008547,51
Kentucky,2022,7,6,5.19,20.4,5.19,19.2,0.341,0.333,0.615,0.4,-0.15,18.74,4.96,13.64,0.5384615384615384,0.5692307692307693,-0.07692307692307698,26.1,20.45,-0.5,24.63333333333333,22.433333333333334,-0.10000000000000002,25.54,20.68,-0.04600000000000002,0.7692307692307693,0.4,31.8,21.7,21.7,26.4,6.41,5.1,5.5,5.54,-0.85,0.7,0.5169230769230769,0.021538461538461506,51
Kentucky,2023,7,6,6.18,29.1,5.22,25.8,0.38,0.432,0.2,0.611,-0.15,24.43,6.5,6.5,0.5384615384615384,0.6153846153846154,0.1384615384615384,24.75,22.5,-0.15,27.099999999999998,22.233333333333334,-0.3833333333333333,26.04,22.479999999999997,-0.10600000000000002,0.5384615384615384,0.7692307692307693,20.4,31.8,19.2,21.7,5.19,6.41,5.19,5.5,-0.15,-0.85,0.5188811188811189,0.01958041958041956,51
LSU,2013,10,3,6.94,35.8,5.08,22.0,0.571,0.383,0.333,0.429,0.0,23.15,3.13,3.13,0.7692307692307693,0.7692307692307693,-0.10256410256410264,35.8,22.0,0.0,35.8,22.0,0.0,35.8,22.0,0.0,0.0,0.0,0.0,0.0,0.0,0.0,0.0,0.0,0.0,0.0,0.0,0.0,0.7692307692307693,0.0,52
LSU,2014,8,5,5.62,27.6,4.87,17.5,0.399,0.36,0.563,0.467,0.23,19.62,9.14,9.14,0.6153846153846154,0.6923076923076923,-0.10256410256410264,31.7,19.75,0.115,31.7,19.75,0.115,31.7,19.75,0.115,0.7692307692307693,0.0,35.8,0.0,22.0,0.0,6.94,0.0,5.08,0.0,0.0,0.0,0.6923076923076923,-0.07692307692307687,52
LSU,2015,9,3,6.7,32.8,5.17,24.3,0.399,0.357,0.556,0.462,0.58,20.36,18.91,18.91,0.75,0.7115384615384616,-0.10256410256410264,30.2,20.9,0.40499999999999997,32.06666666666666,21.266666666666666,0.26999999999999996,32.06666666666666,21.266666666666666,0.26999999999999996,0.6153846153846154,0.7692307692307693,27.6,35.8,17.5,22.0,5.62,6.94,4.87,5.08,0.23,0.0,0.7115384615384616,0.038461538461538436,52
LSU,2016,8,4,6.71,28.3,4.76,15.8,0.434,0.323,0.125,0.526,0.0,0.0,3.45,3.45,0.6666666666666666,0.6773504273504273,-0.10256410256410264,30.549999999999997,20.05,0.29,29.566666666666666,19.2,0.26999999999999996,31.125,19.9,0.20249999999999999,0.75,0.6153846153846154,32.8,27.6,24.3,17.5,6.7,5.62,5.17,4.87,0.58,0.23,0.7003205128205128,-0.033653846153846145,52
LSU,2017,9,4,6.19,27.2,5.07,18.9,0.414,0.354,0.4,0.381,0.77,0.0,6.27,6.27,0.6923076923076923,0.702991452991453,0.07692307692307687,27.75,17.35,0.385,29.433333333333334,19.666666666666668,0.45,30.339999999999996,19.7,0.316,0.6666666666666666,0.75,28.3,32.8,15.8,24.3,6.71,6.7,4.76,5.17,0.0,0.58,0.6987179487179487,-0.0064102564102563875,52
LSU,2018,10,3,5.5,32.4,4.81,21.8,0.4,0.354,0.75,0.522,0.92,0.0,4.92,4.92,0.7692307692307693,0.7094017094017094,0.019230769230769273,29.799999999999997,20.35,0.845,29.3,18.833333333333332,0.5633333333333334,29.660000000000004,19.66,0.5,0.6923076923076923,0.6666666666666666,27.2,28.3,18.9,15.8,6.19,6.71,5.07,4.76,0.77,0.0,0.7104700854700855,0.058760683760683774,52
LSU,2019,15,0,7.89,48.4,5.11,21.9,0.497,0.296,0.667,0.484,0.67,0.0,13.0,13.0,1.0,0.8205128205128206,0.33333333333333337,40.4,21.85,0.795,36.0,20.866666666666664,0.7866666666666667,33.82,20.54,0.588,0.7692307692307693,0.6923076923076923,32.4,27.2,21.8,18.9,5.5,6.19,4.81,5.07,0.92,0.77,0.7518315018315018,0.24816849816849818,52
LSU,2020,5,5,5.52,32.0,7.26,34.9,0.346,0.373,0.706,0.5,0.9,1.0,7.7,7.7,0.5,0.7564102564102564,-0.1923076923076923,40.2,28.4,0.785,37.6,26.2,0.8300000000000001,33.66,22.66,0.6519999999999999,1.0,0.7692307692307693,48.4,32.4,21.9,21.8,7.89,5.5,5.11,4.81,0.67,0.92,0.7203525641025641,-0.2203525641025641,52
LSU,2021,6,7,5.39,26.5,5.51,26.6,0.37,0.398,0.625,0.667,-0.23,0.0,9.24,9.24,0.46153846153846156,0.6538461538461539,-0.3076923076923077,29.250000000000004,30.75,0.335,35.63333333333333,27.8,0.4466666666666667,33.3,24.82,0.606,0.5,1.0,32.0,48.4,34.9,21.9,5.52,7.89,7.26,5.11,0.9,0.67,0.6915954415954416,-0.23005698005698005,52
LSU,2022,10,4,6.36,34.5,5.34,22.1,0.486,0.39,0.5,0.4,0.07,19.82,3.25,10.94,0.7142857142857143,0.5586080586080586,-0.2857142857142857,30.500000000000004,24.35,-0.08,31.0,27.866666666666664,0.24666666666666667,34.76,25.46,0.466,0.46153846153846156,0.5,26.5,32.0,26.6,34.9,5.39,5.52,5.51,7.26,-0.23,0.9,0.6938644688644688,0.02042124542124546,52
LSU,2023,10,3,8.4,45.5,6.14,28.0,0.55,0.448,0.4,0.433,0.46,20.66,-0.5,-0.5,0.7692307692307693,0.6483516483516484,0.2692307692307693,40.0,25.05,0.265,35.5,25.566666666666674,0.10000000000000002,37.379999999999995,26.7,0.374,0.7142857142857143,0.46153846153846156,34.5,26.5,22.1,26.6,6.36,5.39,5.34,5.51,0.07,-0.23,0.7007159507159507,0.06851481851481855,52
La.-Monroe,2013,6,6,5.03,22.3,5.82,30.2,0.379,0.402,0.3,0.333,-0.33,19.14,9.23,9.23,0.5,0.5,-0.16666666666666669,22.3,30.2,-0.33,22.3,30.2,-0.33,22.3,30.2,-0.33,0.0,0.0,0.0,0.0,0.0,0.0,0.0,0.0,0.0,0.0,0.0,0.0,0.5,0.0,53
La.-Monroe,2014,4,8,4.7,20.1,5.31,26.3,0.345,0.326,0.5,0.542,-0.08,21.64,8.87,8.87,0.3333333333333333,0.41666666666666663,-0.16666666666666669,21.200000000000003,28.25,-0.20500000000000002,21.200000000000003,28.25,-0.20500000000000002,21.200000000000003,28.25,-0.20500000000000002,0.5,0.0,22.3,0.0,30.2,0.0,5.03,0.0,5.82,0.0,-0.33,0.0,0.41666666666666663,-0.08333333333333331,53
La.-Monroe,2015,2,11,4.48,21.0,5.61,36.5,0.297,0.346,0.464,0.483,-1.23,16.31,10.5,10.5,0.15384615384615385,0.32905982905982906,-0.16666666666666669,20.55,31.4,-0.655,21.133333333333336,31.0,-0.5466666666666667,21.133333333333336,31.0,-0.5466666666666667,0.3333333333333333,0.5,20.1,22.3,26.3,30.2,4.7,5.03,5.31,5.82,-0.08,-0.33,0.32905982905982906,-0.1752136752136752,53
La.-Monroe,2016,4,8,5.11,23.3,6.65,39.1,0.424,0.447,0.5,0.4,-0.92,1.0,7.94,7.94,0.3333333333333333,0.2735042735042735,-0.16666666666666669,22.15,37.8,-1.075,21.46666666666667,33.96666666666667,-0.7433333333333333,21.675,33.025,-0.64,0.15384615384615385,0.3333333333333333,21.0,20.1,36.5,26.3,4.48,4.7,5.61,5.31,-1.23,-0.08,0.3301282051282051,0.0032051282051281937,53
La.-Monroe,2017,4,8,6.37,33.9,7.26,41.0,0.435,0.46,0.565,0.556,-0.33,1.0,7.79,7.79,0.3333333333333333,0.2735042735042735,0.0,28.6,40.05,-0.625,26.066666666666663,38.86666666666667,-0.8266666666666667,24.119999999999997,34.62,-0.5780000000000001,0.3333333333333333,0.15384615384615385,23.3,21.0,39.1,36.5,5.11,4.48,6.65,5.61,-0.92,-1.23,0.33076923076923076,0.002564102564102555,53
La.-Monroe,2018,6,6,6.21,26.6,6.31,31.8,0.409,0.431,0.563,0.583,-1.0,0.0,11.29,11.29,0.5,0.38888888888888884,0.34615384615384615,30.250000000000004,36.4,-0.665,27.933333333333334,37.300000000000004,-0.75,24.98,34.940000000000005,-0.712,0.3333333333333333,0.3333333333333333,33.9,23.3,41.0,39.1,6.37,5.11,7.26,6.65,-0.33,-0.92,0.358974358974359,0.14102564102564102,53
La.-Monroe,2019,5,7,6.37,31.6,6.71,38.7,0.4,0.424,0.571,0.524,0.0,1.0,9.0,9.0,0.4166666666666667,0.4166666666666667,0.08333333333333337,29.1,35.25,-0.5,30.7,37.16666666666667,-0.4433333333333334,27.28,37.42,-0.696,0.5,0.3333333333333333,26.6,33.9,31.8,41.0,6.21,6.37,6.31,7.26,-1.0,-0.33,0.3672161172161172,0.0494505494505495,53
Liberty,2019,8,5,6.44,32.8,5.74,28.1,0.407,0.423,0.313,0.458,0.15,0.0,8.2,8.2,0.6153846153846154,0.6153846153846154,0.0,32.8,28.1,0.15,32.8,28.1,0.15,32.8,28.1,0.15,0.0,0.0,0.0,0.0,0.0,0.0,0.0,0.0,0.0,0.0,0.0,0.0,0.6153846153846154,0.0,54
Liberty,2020,9,1,6.72,38.3,5.0,19.2,0.482,0.323,0.75,0.421,0.3,1.0,6.5,6.5,0.9,0.7576923076923077,0.0,35.55,23.65,0.22499999999999998,35.55,23.65,0.22499999999999998,35.55,23.65,0.22499999999999998,0.6153846153846154,0.0,32.8,0.0,28.1,0.0,6.44,0.0,5.74,0.0,0.15,0.0,0.7576923076923077,0.14230769230769236,54
Liberty,2021,8,5,6.38,33.6,4.76,21.5,0.429,0.339,0.433,0.5,-0.69,0.0,8.55,8.55,0.6153846153846154,0.7102564102564103,0.0,35.95,20.35,-0.195,34.9,22.933333333333334,-0.08,34.9,22.933333333333334,-0.08,0.9,0.6153846153846154,38.3,32.8,19.2,28.1,6.72,6.44,5.0,5.74,0.3,0.15,0.7102564102564103,-0.09487179487179487,54
Liberty,2022,8,5,5.69,27.5,4.97,24.6,0.366,0.344,0.458,0.552,-0.23,20.69,4.11,11.0,0.6153846153846154,0.7102564102564103,0.0,30.55,23.05,-0.45999999999999996,33.13333333333333,21.766666666666666,-0.20666666666666667,33.05,23.35,-0.1175,0.6153846153846154,0.9,33.6,38.3,21.5,19.2,6.38,6.72,4.76,5.0,-0.69,0.3,0.6865384615384615,-0.07115384615384612,54
Liberty,2023,13,1,7.18,38.3,5.73,23.9,0.5,0.38,0.524,0.459,0.5,15.24,4.5,4.5,0.9285714285714286,0.7197802197802199,0.02857142857142858,32.9,24.25,0.135,33.13333333333333,23.333333333333332,-0.13999999999999999,34.1,23.46,0.006000000000000005,0.6153846153846154,0.6153846153846154,27.5,33.6,24.6,21.5,5.69,6.38,4.97,4.76,-0.23,-0.69,0.734945054945055,0.19362637362637358,54
Louisiana,2013,9,4,6.14,33.8,5.76,26.5,0.5,0.413,0.286,0.385,0.08,22.16,14.27,14.27,0.6923076923076923,0.6923076923076923,-0.23076923076923073,33.8,26.5,0.08,33.8,26.5,0.08,33.8,26.5,0.08,0.0,0.0,0.0,0.0,0.0,0.0,0.0,0.0,0.0,0.0,0.0,0.0,0.6923076923076923,0.0,55
Louisiana,2014,9,4,5.91,29.5,5.88,26.0,0.422,0.39,0.5,0.516,0.23,17.24,9.53,9.53,0.6923076923076923,0.6923076923076923,-0.23076923076923073,31.65,26.25,0.155,31.65,26.25,0.155,31.65,26.25,0.155,0.6923076923076923,0.0,33.8,0.0,26.5,0.0,6.14,0.0,5.76,0.0,0.08,0.0,0.6923076923076923,0.0,55
Louisiana,2015,4,8,5.45,26.4,5.96,31.8,0.375,0.423,0.542,0.591,-0.75,21.12,6.27,6.27,0.3333333333333333,0.5726495726495726,-0.23076923076923073,27.95,28.9,-0.26,29.899999999999995,28.099999999999998,-0.14666666666666667,29.899999999999995,28.099999999999998,-0.14666666666666667,0.6923076923076923,0.6923076923076923,29.5,33.8,26.0,26.5,5.91,6.14,5.88,5.76,0.23,0.08,0.5726495726495726,-0.2393162393162393,55
Louisiana,2016,6,7,5.0,23.6,5.3,25.3,0.374,0.371,0.292,0.45,0.08,0.0,24.38,24.38,0.46153846153846156,0.49572649572649574,-0.23076923076923073,25.0,28.55,-0.335,26.5,27.7,-0.14666666666666667,28.325,27.4,-0.09,0.3333333333333333,0.6923076923076923,26.4,29.5,31.8,26.0,5.45,5.91,5.96,5.88,-0.75,0.23,0.5448717948717948,-0.08333333333333326,55
Louisiana,2017,5,7,5.78,28.2,6.58,40.0,0.36,0.485,0.5,0.588,-0.08,1.0,14.63,14.63,0.4166666666666667,0.4038461538461539,-0.2756410256410256,25.9,32.65,0.0,26.066666666666666,32.36666666666667,-0.25,28.3,29.919999999999998,-0.088,0.46153846153846156,0.3333333333333333,23.6,26.4,25.3,31.8,5.0,5.45,5.3,5.96,0.08,-0.75,0.5192307692307693,-0.10256410256410259,55
Louisiana,2018,7,7,6.59,31.9,6.32,34.2,0.47,0.452,0.421,0.724,-0.14,1.0,11.5,11.5,0.5,0.4594017094017094,0.16666666666666669,30.049999999999997,37.1,-0.11000000000000001,27.900000000000002,33.166666666666664,-0.046666666666666655,27.919999999999998,31.46,-0.132,0.4166666666666667,0.46153846153846156,28.2,23.6,40.0,25.3,5.78,5.0,6.58,5.3,-0.08,0.08,0.5160256410256411,-0.01602564102564108,55
Louisiana,2019,11,3,7.01,37.9,5.45,19.7,0.476,0.362,0.529,0.407,0.36,0.0,7.58,7.58,0.7857142857142857,0.5674603174603174,0.32417582417582413,34.9,26.950000000000003,0.10999999999999999,32.666666666666664,31.299999999999997,0.04666666666666667,29.6,30.2,-0.10600000000000001,0.5,0.4166666666666667,31.9,28.2,34.2,40.0,6.59,5.78,6.32,6.58,-0.14,-0.08,0.554552590266876,0.23116169544740972,55
Louisiana,2020,9,1,6.31,33.9,4.76,21.8,0.421,0.438,0.409,0.56,0.9,0.0,6.31,6.31,0.9,0.7285714285714285,0.48333333333333334,35.9,20.75,0.63,34.56666666666666,25.233333333333334,0.37333333333333335,31.1,28.2,0.22400000000000003,0.7857142857142857,0.5,37.9,31.9,19.7,34.2,7.01,6.59,5.45,6.32,0.36,-0.14,0.5977335164835165,0.30226648351648355,55
Louisiana,2021,13,1,5.76,31.1,4.94,18.5,0.355,0.36,0.537,0.512,1.07,0.0,5.3,5.3,0.9285714285714286,0.8714285714285714,0.4285714285714286,32.5,20.15,0.9850000000000001,34.300000000000004,20.0,0.7766666666666667,32.6,26.839999999999996,0.422,0.9,0.7857142857142857,33.9,37.9,21.8,19.7,6.31,7.01,4.76,5.45,0.9,0.36,0.6344932844932845,0.29407814407814414,55
Louisiana,2022,6,7,5.28,26.2,5.3,22.8,0.382,0.395,0.5,0.5,0.31,18.23,16.37,7.18,0.46153846153846156,0.7633699633699633,-0.32417582417582413,28.65,20.65,0.6900000000000001,30.399999999999995,21.03333333333333,0.7599999999999999,32.2,23.4,0.5,0.9285714285714286,0.9,31.1,33.9,18.5,21.8,5.76,6.31,4.94,4.76,1.07,0.9,0.6171978021978022,-0.15565934065934062,55
Louisiana,2023,6,7,6.1,32.2,5.21,28.6,0.407,0.445,0.55,0.742,0.08,16.62,-0.5,-0.5,0.46153846153846156,0.6172161172161172,-0.43846153846153846,29.2,25.700000000000003,0.1949999999999999,29.833333333333332,23.3,0.48666666666666664,32.260000000000005,22.28,0.544,0.46153846153846156,0.9285714285714286,26.2,31.1,22.8,18.5,5.28,5.76,5.3,4.94,0.31,1.07,0.6030469530469531,-0.14150849150849154,55
Louisiana Tech,2013,4,8,5.12,19.2,5.3,26.3,0.359,0.453,0.313,0.526,-0.25,19.74,3.14,3.14,0.3333333333333333,0.3333333333333333,0.3095238095238096,19.2,26.3,-0.25,19.2,26.3,-0.25,19.2,26.3,-0.25,0.0,0.0,0.0,0.0,0.0,0.0,0.0,0.0,0.0,0.0,0.0,0.0,0.3333333333333333,0.0,56
Louisiana Tech,2014,9,5,5.86,37.4,4.94,24.7,0.401,0.347,0.667,0.68,1.14,21.87,10.4,10.4,0.6428571428571429,0.48809523809523814,0.3095238095238096,28.299999999999997,25.5,0.44499999999999995,28.299999999999997,25.5,0.44499999999999995,28.299999999999997,25.5,0.44499999999999995,0.3333333333333333,0.0,19.2,0.0,26.3,0.0,5.12,0.0,5.3,0.0,-0.25,0.0,0.48809523809523814,0.15476190476190477,56
Louisiana Tech,2015,9,4,6.9,37.5,5.29,26.8,0.388,0.4,0.727,0.563,0.08,24.66,11.56,11.56,0.6923076923076923,0.5561660561660561,0.3095238095238096,37.45,25.75,0.61,31.366666666666664,25.933333333333334,0.3233333333333333,31.366666666666664,25.933333333333334,0.3233333333333333,0.6428571428571429,0.3333333333333333,37.4,19.2,24.7,26.3,5.86,5.12,4.94,5.3,1.14,-0.25,0.5561660561660561,0.1361416361416362,56
Louisiana Tech,2016,9,5,7.51,44.3,5.79,33.6,0.503,0.455,0.6,0.625,0.07,0.0,15.0,15.0,0.6428571428571429,0.6593406593406593,0.3095238095238096,40.900000000000006,30.200000000000003,0.07500000000000001,39.73333333333333,28.36666666666667,0.42999999999999994,34.6,27.85,0.25999999999999995,0.6923076923076923,0.6428571428571429,37.5,37.4,26.8,24.7,6.9,5.86,5.29,4.94,0.08,1.14,0.5778388278388278,0.06501831501831512,56
Louisiana Tech,2017,7,6,5.73,30.5,5.59,25.4,0.407,0.414,0.563,0.667,1.0,1.0,8.08,8.08,0.5384615384615384,0.6245421245421245,-0.10439560439560447,37.400000000000006,29.5,0.535,37.43333333333334,28.600000000000005,0.38333333333333336,33.78,27.360000000000003,0.40800000000000003,0.6428571428571429,0.6923076923076923,44.3,37.5,33.6,26.8,7.51,6.9,5.79,5.29,0.07,0.08,0.5699633699633699,-0.0315018315018315,56
Louisiana Tech,2018,8,5,5.43,24.7,5.04,23.0,0.403,0.353,0.55,0.68,0.23,0.0,8.43,8.43,0.6153846153846154,0.5989010989010989,-0.07692307692307687,27.6,24.199999999999996,0.615,33.166666666666664,27.333333333333332,0.43333333333333335,34.88,26.7,0.504,0.5384615384615384,0.6428571428571429,30.5,44.3,25.4,33.6,5.73,7.51,5.59,5.79,1.0,0.07,0.5775335775335776,0.03785103785103783,56
Louisiana Tech,2019,10,3,6.09,32.5,5.22,21.8,0.414,0.349,0.375,0.484,0.54,1.0,9.14,9.14,0.7692307692307693,0.6410256410256411,0.12637362637362637,28.6,22.4,0.385,29.233333333333334,23.400000000000002,0.5900000000000001,33.9,26.119999999999997,0.384,0.6153846153846154,0.5384615384615384,24.7,30.5,23.0,25.4,5.43,5.73,5.04,5.59,0.23,1.0,0.6049188906331764,0.1643118785975929,56
Louisiana Tech,2020,5,5,4.49,26.7,6.11,34.7,0.385,0.475,0.889,0.55,-0.2,1.0,2.56,2.56,0.5,0.6282051282051282,-0.038461538461538436,29.6,28.25,0.17,27.96666666666667,26.5,0.19000000000000009,31.74,27.7,0.32799999999999996,0.7692307692307693,0.6153846153846154,32.5,24.7,21.8,23.0,6.09,5.43,5.22,5.04,0.54,0.23,0.5918040293040293,-0.09180402930402931,56
Louisiana Tech,2021,3,9,5.57,28.0,6.1,34.0,0.386,0.382,0.471,0.4,-0.08,1.0,15.17,15.17,0.25,0.5064102564102564,-0.3653846153846154,27.35,34.35,-0.14,29.066666666666666,30.166666666666668,0.08666666666666674,28.48,27.78,0.298,0.5,0.7692307692307693,26.7,32.5,34.7,21.8,4.49,6.09,6.11,5.22,-0.2,0.54,0.5538258038258038,-0.3038258038258038,56
Louisiana Tech,2022,3,9,5.65,29.0,6.52,37.9,0.367,0.43,0.419,0.667,-0.25,21.26,12.42,13.75,0.25,0.3333333333333333,-0.5192307692307693,28.5,35.95,-0.165,27.900000000000002,35.53333333333334,-0.1766666666666666,28.18,30.28,0.048,0.25,0.5,28.0,26.7,34.0,34.7,5.57,4.49,6.1,6.11,-0.08,-0.2,0.5234432234432235,-0.27344322344322347,56
Louisiana Tech,2023,3,9,5.74,25.9,6.1,33.4,0.305,0.409,0.5,0.636,-0.75,11.67,15.23,15.23,0.25,0.25,-0.25,27.45,35.65,-0.5,27.63333333333333,35.1,-0.35999999999999993,28.419999999999998,32.36,-0.148,0.25,0.25,29.0,28.0,37.9,34.0,5.65,5.57,6.52,6.1,-0.25,-0.08,0.4985847485847486,-0.2485847485847486,56
Louisville,2013,12,1,6.7,35.2,4.2,12.2,0.56,0.267,0.333,0.522,1.31,22.65,1.15,1.15,0.9230769230769231,0.9230769230769231,-0.23076923076923084,35.2,12.2,1.31,35.2,12.2,1.31,35.2,12.2,1.31,0.0,0.0,0.0,0.0,0.0,0.0,0.0,0.0,0.0,0.0,0.0,0.0,0.9230769230769231,0.0,57
Louisville,2014,9,4,5.46,31.2,4.75,21.8,0.394,0.318,0.524,0.25,0.31,22.6,9.71,9.71,0.6923076923076923,0.8076923076923077,-0.23076923076923084,33.2,17.0,0.81,33.2,17.0,0.81,33.2,17.0,0.81,0.9230769230769231,0.0,35.2,0.0,12.2,0.0,6.7,0.0,4.2,0.0,1.31,0.0,0.8076923076923077,-0.11538461538461542,57
Louisville,2015,8,5,6.01,28.7,4.82,24.1,0.381,0.353,0.467,0.444,-0.08,22.84,4.75,4.75,0.6153846153846154,0.7435897435897436,-0.23076923076923084,29.95,22.950000000000003,0.11499999999999999,31.7,19.366666666666667,0.5133333333333333,31.7,19.366666666666667,0.5133333333333333,0.6923076923076923,0.9230769230769231,31.2,35.2,21.8,12.2,5.46,6.7,4.75,4.2,0.31,1.31,0.7435897435897436,-0.1282051282051282,57
Louisville,2016,9,4,7.21,42.5,4.69,23.8,0.411,0.315,0.688,0.474,-0.54,0.0,9.63,9.63,0.6923076923076923,0.6666666666666666,-0.23076923076923084,35.6,23.950000000000003,-0.31000000000000005,34.13333333333333,23.233333333333334,-0.10333333333333335,34.4,20.475,0.25,0.6153846153846154,0.6923076923076923,28.7,31.2,24.1,21.8,6.01,5.46,4.82,4.75,-0.08,0.31,0.7307692307692308,-0.03846153846153855,57
Louisville,2017,8,5,7.39,38.1,5.61,27.4,0.442,0.413,0.633,0.579,0.15,1.0,5.95,5.95,0.6153846153846154,0.6410256410256411,-0.07692307692307687,40.3,25.6,-0.19500000000000006,36.43333333333333,25.099999999999998,-0.1566666666666667,35.14,21.86,0.22999999999999998,0.6923076923076923,0.6153846153846154,42.5,28.7,23.8,24.1,7.21,6.01,4.69,4.82,-0.54,-0.08,0.7076923076923076,-0.0923076923076922,57
Louisville,2018,2,10,5.31,19.8,6.88,44.1,0.355,0.519,0.364,0.667,-1.0,1.0,9.96,9.96,0.16666666666666666,0.4914529914529915,-0.4487179487179488,28.950000000000003,35.75,-0.42500000000000004,33.46666666666666,31.76666666666667,-0.4633333333333334,32.06,28.24,-0.23200000000000004,0.6153846153846154,0.6923076923076923,38.1,42.5,27.4,23.8,7.39,7.21,5.61,4.69,0.15,-0.54,0.6175213675213675,-0.4508547008547009,57
Louisville,2019,8,5,6.68,33.1,6.33,33.4,0.431,0.379,0.609,0.435,-0.08,0.0,4.89,4.89,0.6153846153846154,0.46581196581196577,-0.07692307692307687,26.45,38.75,-0.54,30.333333333333332,34.96666666666667,-0.31,32.44,30.560000000000002,-0.31,0.16666666666666666,0.6153846153846154,19.8,38.1,44.1,27.4,5.31,7.39,6.88,5.61,-1.0,0.15,0.6172161172161171,-0.001831501831501714,57
Louisville,2020,4,7,6.65,29.5,5.77,26.6,0.448,0.396,0.542,0.4,-1.09,0.0,11.17,11.17,0.36363636363636365,0.3818958818958819,-0.2517482517482518,31.299999999999997,30.0,-0.5850000000000002,27.46666666666667,34.699999999999996,-0.7233333333333333,32.6,31.060000000000002,-0.512,0.6153846153846154,0.16666666666666666,33.1,19.8,33.4,44.1,6.68,5.31,6.33,6.88,-0.08,-1.0,0.5855186480186481,-0.2218822843822844,57
Louisville,2021,6,7,6.68,31.6,5.81,27.3,0.4,0.376,0.519,0.522,0.15,0.0,5.58,5.58,0.46153846153846156,0.4801864801864802,0.29487179487179493,30.55,26.950000000000003,-0.47000000000000003,31.400000000000006,29.100000000000005,-0.3400000000000001,30.420000000000005,31.76,-0.374,0.36363636363636365,0.6153846153846154,29.5,33.1,26.6,33.4,6.65,6.68,5.77,6.33,-1.09,-0.08,0.5717430717430718,-0.11020461020461025,57
Louisville,2022,8,5,5.96,26.9,5.06,19.2,0.379,0.331,0.4,0.19,0.46,24.73,5.04,5.52,0.6153846153846154,0.4801864801864802,0.0,29.25,23.25,0.305,29.333333333333332,24.36666666666667,-0.16000000000000006,28.18,30.119999999999997,-0.312,0.46153846153846156,0.36363636363636365,31.6,29.5,27.3,26.6,6.68,6.65,5.81,5.77,0.15,-1.09,0.5761072261072261,0.03927738927738933,57
Louisville,2023,10,4,6.18,30.7,5.32,21.3,0.374,0.298,0.542,0.44,0.07,23.4,8.89,8.89,0.7142857142857143,0.5970695970695972,0.35064935064935066,28.799999999999997,20.25,0.265,29.733333333333334,22.600000000000005,0.22666666666666666,30.360000000000003,25.56,-0.098,0.6153846153846154,0.46153846153846156,26.9,31.6,19.2,27.3,5.96,6.68,5.06,5.81,0.46,0.15,0.588668906850725,0.12561680743498926,57
Marshall,2013,10,4,6.41,42.1,4.9,22.9,0.514,0.336,0.591,0.567,0.21,19.48,9.29,9.29,0.7142857142857143,0.7142857142857143,-0.4642857142857143,42.1,22.9,0.21,42.1,22.9,0.21,42.1,22.9,0.21,0.0,0.0,0.0,0.0,0.0,0.0,0.0,0.0,0.0,0.0,0.0,0.0,0.7142857142857143,0.0,58
Marshall,2014,13,1,7.59,45.6,4.73,21.0,0.514,0.311,0.5,0.24,-0.14,21.11,10.75,10.75,0.9285714285714286,0.8214285714285714,-0.4642857142857143,43.85,21.95,0.03499999999999999,43.85,21.95,0.03499999999999999,43.85,21.95,0.03499999999999999,0.7142857142857143,0.0,42.1,0.0,22.9,0.0,6.41,0.0,4.9,0.0,0.21,0.0,0.8214285714285714,0.1071428571428572,58
Marshall,2015,10,3,5.38,31.3,4.69,17.8,0.394,0.343,0.563,0.36,0.31,16.93,4.83,4.83,0.7692307692307693,0.8040293040293042,-0.4642857142857143,38.45,19.4,0.08499999999999999,39.666666666666664,20.566666666666666,0.12666666666666668,39.666666666666664,20.566666666666666,0.12666666666666668,0.9285714285714286,0.7142857142857143,45.6,42.1,21.0,22.9,7.59,6.41,4.73,4.9,-0.14,0.21,0.8040293040293042,-0.0347985347985349,58
Marshall,2016,3,9,5.04,26.4,6.39,35.3,0.341,0.4,0.667,0.609,0.33,1.0,9.0,9.0,0.25,0.6492673992673993,-0.4642857142857143,28.85,26.549999999999997,0.32,34.43333333333334,24.7,0.16666666666666666,36.35,24.25,0.1775,0.7692307692307693,0.9285714285714286,31.3,45.6,17.8,21.0,5.38,7.59,4.69,4.73,0.31,-0.14,0.6655219780219781,-0.4155219780219781,58
Marshall,2017,8,5,5.5,26.7,4.95,19.9,0.444,0.36,0.429,0.44,-0.62,0.0,3.88,3.88,0.6153846153846154,0.5448717948717948,-0.3131868131868132,26.549999999999997,27.599999999999998,-0.145,28.133333333333336,24.333333333333332,0.006666666666666672,34.42,23.380000000000003,0.017999999999999995,0.25,0.7692307692307693,26.4,31.3,35.3,17.8,5.04,5.38,6.39,4.69,0.33,0.31,0.6554945054945055,-0.04010989010989008,58
Marshall,2018,9,4,5.64,28.2,4.82,21.8,0.402,0.317,0.647,0.44,0.0,0.0,8.16,8.16,0.6923076923076923,0.5192307692307693,-0.07692307692307698,27.45,20.85,-0.31,27.099999999999998,25.666666666666668,-0.09666666666666666,31.640000000000004,23.16,-0.024000000000000004,0.6153846153846154,0.25,26.7,26.4,19.9,35.3,5.5,5.04,4.95,6.39,-0.62,0.33,0.6616300366300366,0.03067765567765568,58
Marshall,2019,8,5,5.77,25.8,5.54,25.0,0.385,0.391,0.429,0.421,-0.15,0.0,6.16,6.16,0.6153846153846154,0.6410256410256411,0.3653846153846154,27.0,23.4,-0.075,26.899999999999995,22.233333333333334,-0.25666666666666665,27.68,23.96,-0.026000000000000002,0.6923076923076923,0.6153846153846154,28.2,26.7,21.8,19.9,5.64,5.5,4.82,4.95,0.0,-0.62,0.6550235478806908,-0.03963893249607542,58
Marshall,2020,7,3,5.86,28.5,4.4,13.0,0.453,0.345,0.381,0.5,0.3,0.0,5.6,5.6,0.7,0.6692307692307692,0.08461538461538454,27.15,19.0,0.075,27.5,19.933333333333337,0.05000000000000001,27.119999999999997,23.0,-0.028000000000000004,0.6153846153846154,0.6923076923076923,25.8,28.2,25.0,21.8,5.77,5.64,5.54,4.82,-0.15,0.0,0.6606456043956044,0.039354395604395576,58
Marshall,2021,7,6,6.32,33.0,5.1,23.8,0.426,0.372,0.6,0.471,-0.54,1.0,4.76,4.76,0.5384615384615384,0.617948717948718,-0.15384615384615385,30.75,18.4,-0.12000000000000002,29.099999999999998,20.600000000000005,-0.13,28.439999999999998,20.7,-0.202,0.7,0.6153846153846154,28.5,25.8,13.0,25.0,5.86,5.77,4.4,5.54,0.3,-0.15,0.647069597069597,-0.10860805860805856,58
Marshall,2022,9,4,5.37,24.5,4.56,16.0,0.382,0.235,0.238,0.429,0.77,19.3,6.36,5.93,0.6923076923076923,0.6435897435897435,0.07692307692307687,28.75,19.9,0.11499999999999999,28.666666666666668,17.600000000000005,0.17666666666666667,28.0,19.919999999999998,0.076,0.5384615384615384,0.7,33.0,28.5,23.8,13.0,6.32,5.86,5.1,4.4,-0.54,0.3,0.6515934065934066,0.0407142857142857,58
Marshall,2023,6,7,5.31,22.8,5.5,28.7,0.313,0.324,0.24,0.429,-0.85,17.63,11.7,11.7,0.46153846153846156,0.5641025641025641,-0.2384615384615384,23.65,22.35,-0.03999999999999998,26.766666666666666,22.83333333333334,-0.20666666666666664,26.919999999999998,21.3,-0.094,0.6923076923076923,0.5384615384615384,24.5,33.0,16.0,23.8,5.37,6.32,4.56,5.1,0.77,-0.54,0.6343156843156843,-0.17277722277722274,58
Maryland,2013,7,6,5.79,26.2,5.09,25.3,0.317,0.342,0.333,0.412,-0.54,20.16,5.68,5.68,0.5384615384615384,0.5384615384615384,-0.07692307692307687,26.2,25.3,-0.54,26.2,25.3,-0.54,26.2,25.3,-0.54,0.0,0.0,0.0,0.0,0.0,0.0,0.0,0.0,0.0,0.0,0.0,0.0,0.5384615384615384,0.0,59
Maryland,2014,7,6,5.26,28.5,5.45,30.2,0.326,0.402,0.538,0.481,0.0,22.87,10.48,10.48,0.5384615384615384,0.5384615384615384,-0.07692307692307687,27.35,27.75,-0.27,27.35,27.75,-0.27,27.35,27.75,-0.27,0.5384615384615384,0.0,26.2,0.0,25.3,0.0,5.79,0.0,5.09,0.0,-0.54,0.0,0.5384615384615384,0.0,59
Maryland,2015,3,9,5.43,24.7,5.58,34.4,0.294,0.349,0.333,0.5,-1.5,23.03,7.38,7.38,0.25,0.4423076923076923,-0.07692307692307687,26.6,32.3,-0.75,26.46666666666667,29.96666666666667,-0.68,26.46666666666667,29.96666666666667,-0.68,0.5384615384615384,0.5384615384615384,28.5,26.2,30.2,25.3,5.26,5.79,5.45,5.09,0.0,-0.54,0.4423076923076923,-0.1923076923076923,59
Maryland,2016,6,7,5.61,25.8,5.67,29.5,0.343,0.375,0.379,0.385,-0.54,0.0,5.0,5.0,0.46153846153846156,0.4166666666666667,-0.07692307692307687,25.25,31.95,-1.02,26.333333333333332,31.366666666666664,-0.68,26.3,29.85,-0.645,0.25,0.5384615384615384,24.7,28.5,34.4,30.2,5.43,5.26,5.58,5.45,-1.5,0.0,0.4471153846153846,0.014423076923076983,59
Maryland,2017,4,8,5.15,24.1,5.62,37.1,0.286,0.495,0.458,0.5,0.17,0.0,11.23,11.23,0.3333333333333333,0.34829059829059833,-0.20512820512820512,24.950000000000003,33.300000000000004,-0.185,24.866666666666664,33.666666666666664,-0.6233333333333334,25.860000000000003,31.3,-0.48200000000000004,0.46153846153846156,0.25,25.8,24.7,29.5,34.4,5.61,5.43,5.67,5.58,-0.54,-1.5,0.42435897435897435,-0.09102564102564104,59
Maryland,2018,5,7,6.12,28.5,5.56,28.7,0.4,0.391,0.7,0.65,0.75,0.0,9.09,9.09,0.4166666666666667,0.4038461538461539,0.16666666666666669,26.3,32.900000000000006,0.46,26.133333333333336,31.766666666666666,0.12666666666666668,26.32,31.979999999999997,-0.22400000000000003,0.3333333333333333,0.46153846153846156,24.1,25.8,37.1,29.5,5.15,5.61,5.62,5.67,0.17,-0.54,0.4230769230769231,-0.0064102564102563875,59
Maryland,2019,3,9,5.37,25.3,5.95,34.7,0.321,0.433,0.308,0.444,-0.42,1.0,4.0,4.0,0.25,0.3333333333333333,-0.21153846153846156,26.9,31.700000000000006,0.165,25.96666666666667,33.50000000000001,0.16666666666666666,25.68,32.88,-0.308,0.4166666666666667,0.3333333333333333,28.5,24.1,28.7,37.1,6.12,5.15,5.56,5.62,0.75,0.17,0.3983516483516483,-0.14835164835164832,59
Maryland,2020,2,3,6.6,23.6,5.36,32.0,0.379,0.417,1.0,0.667,-1.4,0.0,5.17,5.17,0.4,0.3555555555555556,0.06666666666666671,24.450000000000003,33.35000000000001,-0.9099999999999999,25.8,31.8,-0.35666666666666663,25.46,32.4,-0.288,0.25,0.4166666666666667,25.3,28.5,34.7,28.7,5.37,6.12,5.95,5.56,-0.42,0.75,0.39855769230769234,0.0014423076923076872,59
Maryland,2021,7,6,6.18,29.3,5.78,30.7,0.382,0.404,0.5,0.44,-0.46,1.0,6.5,6.5,0.5384615384615384,0.39615384615384613,0.12179487179487175,26.450000000000003,31.35000000000001,-0.9299999999999999,26.066666666666666,32.46666666666667,-0.7599999999999999,26.160000000000004,32.64,-0.27199999999999996,0.4,0.25,23.6,25.3,32.0,34.7,6.6,5.37,5.36,5.95,-1.4,-0.42,0.41410256410256413,0.1243589743589743,59
Maryland,2022,8,5,5.7,28.2,5.01,23.2,0.415,0.389,0.607,0.462,0.08,19.76,6.5,4.18,0.6153846153846154,0.517948717948718,0.3653846153846154,28.75,26.950000000000006,-0.19,27.03333333333333,28.633333333333336,-0.5933333333333334,26.98,29.860000000000003,-0.29,0.5384615384615384,0.4,29.3,23.6,30.7,32.0,6.18,6.6,5.78,5.36,-0.46,-1.4,0.4342307692307692,0.18115384615384622,59
Maryland,2023,8,5,5.87,29.7,4.86,22.5,0.436,0.339,0.684,0.629,0.23,23.46,7.24,7.24,0.6153846153846154,0.5897435897435898,0.2153846153846154,28.95,22.85000000000001,0.155,29.066666666666666,25.46666666666667,-0.05000000000000001,27.22,28.619999999999997,-0.394,0.6153846153846154,0.5384615384615384,28.2,29.3,23.2,30.7,5.7,6.18,5.01,5.78,0.08,-0.46,0.4506993006993007,0.16468531468531472,59
Massachusetts,2013,1,11,4.29,11.7,6.6,33.0,0.36,0.404,0.409,0.474,-0.58,23.41,5.4,5.4,0.08333333333333333,0.08333333333333333,0.08333333333333333,11.7,33.0,-0.58,11.7,33.0,-0.58,11.7,33.0,-0.58,0.0,0.0,0.0,0.0,0.0,0.0,0.0,0.0,0.0,0.0,0.0,0.0,0.08333333333333333,0.0,60
Massachusetts,2014,3,9,5.75,27.3,5.75,33.0,0.36,0.416,0.528,0.542,-0.5,19.65,6.19,6.19,0.25,0.16666666666666666,0.08333333333333333,19.5,33.0,-0.54,19.5,33.0,-0.54,19.5,33.0,-0.54,0.08333333333333333,0.0,11.7,0.0,33.0,0.0,4.29,0.0,6.6,0.0,-0.58,0.0,0.16666666666666666,0.08333333333333334,60
Massachusetts,2015,3,9,5.41,22.2,5.67,31.4,0.348,0.47,0.375,0.467,-0.08,22.52,9.73,9.73,0.25,0.19444444444444442,0.08333333333333333,24.75,32.2,-0.29,20.400000000000002,32.46666666666667,-0.38666666666666666,20.400000000000002,32.46666666666667,-0.38666666666666666,0.25,0.08333333333333333,27.3,11.7,33.0,33.0,5.75,4.29,5.75,6.6,-0.5,-0.58,0.19444444444444442,0.05555555555555558,60
Massachusetts,2016,2,10,5.33,23.3,6.13,35.5,0.325,0.404,0.5,0.6,-0.83,0.0,6.94,6.94,0.16666666666666666,0.2222222222222222,0.08333333333333333,22.75,33.45,-0.45499999999999996,24.266666666666666,33.300000000000004,-0.47,21.125,33.225,-0.49749999999999994,0.25,0.25,22.2,27.3,31.4,33.0,5.41,5.75,5.67,5.75,-0.08,-0.5,0.1875,-0.020833333333333343,60
Massachusetts,2017,4,8,6.0,30.6,5.76,31.8,0.347,0.372,0.625,0.429,0.25,1.0,13.41,13.41,0.3333333333333333,0.25,0.08333333333333331,26.950000000000003,33.65,-0.29,25.366666666666664,32.9,-0.21999999999999997,23.02,32.94,-0.348,0.16666666666666666,0.25,23.3,22.2,35.5,31.4,5.33,5.41,6.13,5.67,-0.83,-0.08,0.21666666666666665,0.11666666666666667,60
Massachusetts,2018,4,8,6.4,32.8,6.88,42.9,0.367,0.424,0.481,0.5,-0.33,0.0,9.63,9.63,0.3333333333333333,0.27777777777777773,0.08333333333333331,31.700000000000003,37.35,-0.04000000000000001,28.899999999999995,36.733333333333334,-0.3033333333333333,27.24,34.92,-0.29799999999999993,0.3333333333333333,0.16666666666666666,30.6,23.3,31.8,35.5,6.0,5.33,5.76,6.13,0.25,-0.83,0.23611111111111108,0.09722222222222224,60
Massachusetts,2019,1,11,4.28,19.8,7.77,52.7,0.346,0.514,0.379,0.611,0.08,0.0,11.93,11.93,0.08333333333333333,0.25,-0.08333333333333333,26.300000000000004,47.800000000000004,-0.125,27.733333333333334,42.46666666666666,-4.625929269271485e-18,25.74,38.86,-0.182,0.3333333333333333,0.3333333333333333,32.8,30.6,42.9,31.8,6.4,6.0,6.88,5.76,-0.33,0.25,0.21428571428571427,-0.13095238095238093,60
Massachusetts,2020,0,4,3.46,3.0,6.91,40.2,0.255,0.519,0.444,0.571,-1.0,0.0,30.0,30.0,0.0,0.13888888888888887,-0.3333333333333333,11.400000000000004,46.45,-0.45999999999999996,18.53333333333333,45.26666666666667,-0.4166666666666667,21.9,40.62,-0.366,0.08333333333333333,0.3333333333333333,19.8,32.8,52.7,42.9,4.28,6.4,7.77,6.88,0.08,-0.33,0.1875,-0.1875,60
Massachusetts,2021,1,11,4.82,16.3,7.33,43.1,0.333,0.518,0.44,0.55,-0.83,1.0,6.12,6.12,0.08333333333333333,0.05555555555555555,-0.25,9.650000000000004,41.650000000000006,-0.9149999999999999,13.033333333333333,45.333333333333336,-0.5833333333333334,20.5,42.14,-0.366,0.0,0.08333333333333333,3.0,19.8,40.2,52.7,3.46,4.28,6.91,7.77,-1.0,0.08,0.17592592592592593,-0.0925925925925926,60
Massachusetts,2022,1,11,4.0,12.5,6.07,31.1,0.284,0.309,0.433,0.529,-0.25,18.76,9.2,6.22,0.08333333333333333,0.05555555555555555,0.0,14.400000000000004,37.1,-0.5399999999999999,10.6,38.13333333333333,-0.6933333333333334,16.880000000000003,42.0,-0.466,0.08333333333333333,0.0,16.3,3.0,43.1,40.2,4.82,3.46,7.33,6.91,-0.83,-1.0,0.16666666666666666,-0.08333333333333333,60
Massachusetts,2023,3,9,5.79,23.2,6.8,37.8,0.367,0.454,0.231,0.467,-0.08,25.21,19.5,19.5,0.25,0.13888888888888887,0.25,17.85,34.45,-0.16499999999999995,17.333333333333332,37.333333333333336,-0.38666666666666666,14.959999999999999,40.980000000000004,-0.41600000000000004,0.08333333333333333,0.08333333333333333,12.5,16.3,31.1,43.1,4.0,4.82,6.07,7.33,-0.25,-0.83,0.17424242424242423,0.07575757575757577,60
Memphis,2013,3,9,4.68,19.5,5.19,24.6,0.306,0.439,0.481,0.526,-0.67,21.07,6.8,6.8,0.25,0.25,0.3653846153846154,19.5,24.6,-0.67,19.5,24.6,-0.67,19.5,24.6,-0.67,0.0,0.0,0.0,0.0,0.0,0.0,0.0,0.0,0.0,0.0,0.0,0.0,0.25,0.0,61
Memphis,2014,10,3,5.49,36.2,4.74,19.5,0.367,0.353,0.714,0.643,0.85,18.12,2.77,2.77,0.7692307692307693,0.5096153846153846,0.3653846153846154,27.85,22.05,0.08999999999999997,27.85,22.05,0.08999999999999997,27.85,22.05,0.08999999999999997,0.25,0.0,19.5,0.0,24.6,0.0,4.68,0.0,5.19,0.0,-0.67,0.0,0.5096153846153846,0.2596153846153847,61
Memphis,2015,9,4,6.16,40.2,5.51,27.3,0.488,0.371,0.556,0.263,0.62,15.45,9.69,9.69,0.6923076923076923,0.5705128205128206,0.3653846153846154,38.2,23.4,0.735,31.96666666666667,23.8,0.26666666666666666,31.96666666666667,23.8,0.26666666666666666,0.7692307692307693,0.25,36.2,19.5,19.5,24.6,5.49,4.68,4.74,5.19,0.85,-0.67,0.5705128205128206,0.1217948717948717,61
Memphis,2016,8,5,6.25,38.8,5.77,28.8,0.407,0.38,0.591,0.609,0.62,0.0,9.43,9.43,0.6153846153846154,0.6923076923076924,0.3653846153846154,39.5,28.05,0.62,38.4,25.2,0.6966666666666667,33.675,25.05,0.355,0.6923076923076923,0.7692307692307693,40.2,36.2,27.3,19.5,6.16,5.49,5.51,4.74,0.62,0.85,0.5817307692307693,0.033653846153846145,61
Memphis,2017,10,3,7.35,45.5,5.75,32.5,0.438,0.456,0.55,0.667,1.15,0.0,4.6,4.6,0.7692307692307693,0.6923076923076924,0.0,42.15,30.65,0.885,41.5,29.53333333333333,0.7966666666666665,36.04,26.54,0.514,0.6153846153846154,0.6923076923076923,38.8,40.2,28.8,27.3,6.25,6.16,5.77,5.51,0.62,0.62,0.6192307692307693,0.15000000000000002,61
Memphis,2018,8,6,7.12,42.9,5.61,31.9,0.471,0.396,0.647,0.559,0.29,0.0,9.4,9.4,0.5714285714285714,0.652014652014652,-0.1208791208791209,44.2,32.2,0.72,42.4,31.066666666666666,0.6866666666666665,40.72,28.0,0.706,0.7692307692307693,0.6153846153846154,45.5,38.8,32.5,28.8,7.35,6.25,5.75,5.77,1.15,0.62,0.6112637362637363,-0.039835164835164916,61
Memphis,2019,12,2,6.85,40.4,5.37,26.4,0.461,0.395,0.583,0.484,-0.07,0.0,6.69,6.69,0.8571428571428571,0.7326007326007327,0.24175824175824168,41.65,29.15,0.10999999999999999,42.93333333333334,30.26666666666667,0.45666666666666655,41.559999999999995,29.380000000000003,0.5219999999999999,0.5714285714285714,0.7692307692307693,42.9,45.5,31.9,32.5,7.12,7.35,5.61,5.75,0.29,1.15,0.6463893249607535,0.21075353218210358,61
Memphis,2020,8,3,6.09,31.0,5.68,27.9,0.448,0.36,0.583,0.667,0.09,0.0,5.89,5.89,0.7272727272727273,0.7186147186147186,-0.04195804195804198,35.7,27.15,0.009999999999999995,38.1,28.73333333333333,0.10333333333333324,39.72,29.5,0.41600000000000004,0.8571428571428571,0.5714285714285714,40.4,42.9,26.4,31.9,6.85,7.12,5.37,5.61,-0.07,0.29,0.6564997502497503,0.07077297702297702,61
Memphis,2021,6,6,6.06,30.1,5.42,29.2,0.406,0.48,0.579,0.654,-0.08,0.0,6.64,6.64,0.5,0.6948051948051948,-0.0714285714285714,30.55,28.549999999999997,0.0049999999999999975,33.833333333333336,27.833333333333332,-0.020000000000000077,37.980000000000004,29.580000000000002,0.27599999999999997,0.7272727272727273,0.8571428571428571,31.0,40.4,27.9,26.4,6.09,6.85,5.68,5.37,0.09,-0.07,0.6391108891108891,-0.1391108891108891,61
Memphis,2022,7,6,5.78,35.3,5.26,26.0,0.459,0.414,0.542,0.44,0.46,23.21,9.44,13.79,0.5384615384615384,0.5885780885780886,-0.31868131868131866,32.7,27.6,0.19,32.13333333333333,27.7,0.1566666666666666,35.94,28.28,0.13799999999999998,0.5,0.7272727272727273,30.1,31.0,29.2,27.9,6.06,6.09,5.42,5.68,-0.08,0.09,0.6290459540459541,-0.09058441558441566,61
Memphis,2023,10,3,6.55,39.4,6.26,28.8,0.453,0.333,0.643,0.29,0.38,19.48,8.11,8.11,0.7692307692307693,0.6025641025641025,0.04195804195804198,37.349999999999994,27.4,0.42000000000000004,34.93333333333333,28.0,0.25333333333333324,35.239999999999995,27.659999999999997,0.156,0.5384615384615384,0.5,35.3,30.1,26.0,29.2,5.78,6.06,5.26,5.42,0.46,-0.08,0.6417900281536645,0.1274407410771048,61
Miami,2013,9,4,6.75,33.8,5.75,26.8,0.352,0.419,0.421,0.667,0.38,19.83,12.25,12.25,0.6923076923076923,0.6923076923076923,-0.5256410256410257,33.8,26.8,0.38,33.8,26.8,0.38,33.8,26.8,0.38,0.0,0.0,0.0,0.0,0.0,0.0,0.0,0.0,0.0,0.0,0.0,0.0,0.6923076923076923,0.0,62
Miami,2013,0,12,3.68,9.8,6.35,35.7,0.246,0.482,0.423,0.75,-0.25,14.24,9.71,9.71,0.0,0.34615384615384615,-0.5256410256410257,21.799999999999997,31.25,0.065,21.799999999999997,31.25,0.065,21.799999999999997,31.25,0.065,0.6923076923076923,0.0,33.8,0.0,26.8,0.0,6.75,0.0,5.75,0.0,0.38,0.0,0.34615384615384615,-0.34615384615384615,62
Miami,2014,6,7,6.68,29.2,4.79,24.3,0.368,0.398,0.609,0.5,-0.08,24.57,6.31,6.31,0.46153846153846156,0.3846153846153846,-0.5256410256410257,19.5,30.0,-0.165,24.266666666666666,28.933333333333334,0.016666666666666666,24.266666666666666,28.933333333333334,0.016666666666666666,0.0,0.6923076923076923,9.8,33.8,35.7,26.8,3.68,6.75,6.35,5.75,-0.25,0.38,0.3846153846153846,0.07692307692307698,62
Miami,2014,2,10,5.45,22.3,6.03,31.8,0.344,0.427,0.348,0.533,0.17,19.82,4.87,4.87,0.16666666666666666,0.2094017094017094,-0.5256410256410257,25.75,28.05,0.04500000000000001,20.433333333333334,30.600000000000005,-0.05333333333333334,23.775,29.65,0.05500000000000001,0.46153846153846156,0.0,29.2,9.8,24.3,35.7,6.68,3.68,4.79,6.35,-0.08,-0.25,0.3301282051282051,-0.16346153846153846,62
Miami,2015,8,5,5.9,27.8,5.78,28.2,0.35,0.393,0.722,0.438,0.85,21.22,12.67,12.67,0.6153846153846154,0.41452991452991456,0.6153846153846154,25.05,30.0,0.51,26.433333333333337,28.099999999999998,0.3133333333333333,24.580000000000002,29.360000000000003,0.21400000000000002,0.16666666666666666,0.46153846153846156,22.3,29.2,31.8,24.3,5.45,6.68,6.03,4.79,0.17,-0.08,0.3871794871794872,0.22820512820512823,62
Miami,2015,3,9,5.06,17.9,5.63,32.0,0.312,0.351,0.444,0.467,-1.17,19.21,7.17,7.17,0.25,0.34401709401709396,-0.21153846153846156,22.85,30.1,-0.15999999999999998,22.666666666666668,30.666666666666668,-0.04999999999999997,21.4,30.4,-0.09599999999999997,0.6153846153846154,0.16666666666666666,27.8,22.3,28.2,31.8,5.9,5.45,5.78,6.03,0.85,0.17,0.36431623931623935,-0.11431623931623935,62
Miami,2016,9,4,6.43,34.3,4.75,18.5,0.363,0.386,0.462,0.292,0.69,1.0,7.9,7.9,0.6923076923076923,0.5192307692307693,0.5256410256410257,26.1,25.25,-0.24,26.666666666666668,26.23333333333333,0.12333333333333331,26.3,26.96,0.09200000000000001,0.25,0.6153846153846154,17.9,27.8,32.0,28.2,5.06,5.9,5.63,5.78,-1.17,0.85,0.41117216117216115,0.28113553113553114,62
Miami,2016,6,7,5.67,22.8,5.24,23.8,0.378,0.408,0.467,0.5,0.08,0.0,7.89,7.89,0.46153846153846156,0.4679487179487179,-0.15384615384615385,28.550000000000004,21.150000000000002,0.38499999999999995,25.0,24.766666666666666,-0.13333333333333333,25.02,26.860000000000003,0.124,0.6923076923076923,0.25,34.3,17.9,18.5,32.0,6.43,5.06,4.75,5.63,0.69,-1.17,0.41746794871794873,0.04407051282051283,62
Miami,2017,10,3,6.24,29.1,4.77,21.0,0.288,0.395,0.667,0.409,1.0,1.0,5.75,5.75,0.7692307692307693,0.6410256410256411,0.5192307692307693,25.950000000000003,22.400000000000002,0.54,28.733333333333334,21.099999999999998,0.59,26.380000000000003,24.7,0.29,0.46153846153846156,0.6923076923076923,22.8,34.3,23.8,18.5,5.67,6.43,5.24,4.75,0.08,0.69,0.45655270655270663,0.31267806267806264,62
Miami,2017,5,7,5.54,24.4,5.42,24.1,0.375,0.388,0.5,0.4,-0.08,2.0,1.25,1.25,0.4166666666666667,0.5491452991452992,-0.2756410256410256,26.750000000000004,22.550000000000004,0.46,25.433333333333334,22.966666666666665,0.3333333333333333,25.7,23.880000000000003,0.10400000000000001,0.7692307692307693,0.46153846153846156,29.1,22.8,21.0,23.8,6.24,5.67,4.77,5.24,1.0,0.08,0.45256410256410257,-0.03589743589743588,62
Miami,2018,7,6,5.59,28.8,4.3,19.5,0.407,0.253,0.435,0.429,-0.08,0.0,10.05,10.05,0.5384615384615384,0.5747863247863249,0.07692307692307687,26.6,21.800000000000004,-0.08,27.433333333333337,21.53333333333333,0.28,27.880000000000003,21.380000000000003,0.32199999999999995,0.4166666666666667,0.7692307692307693,24.4,29.1,24.1,21.0,5.54,6.24,5.42,4.77,-0.08,1.0,0.4603729603729603,0.07808857808857811,62
Miami,2018,6,6,5.46,28.1,5.24,25.5,0.374,0.399,0.607,0.667,0.5,0.0,11.31,11.31,0.5,0.48504273504273504,-0.2692307692307693,28.450000000000003,22.5,0.21000000000000005,27.099999999999998,23.03333333333333,0.11333333333333336,26.639999999999997,22.78,0.284,0.5384615384615384,0.4166666666666667,28.8,24.4,19.5,24.1,5.59,5.54,4.3,5.42,-0.08,-0.08,0.46367521367521364,0.03632478632478636,62
Miami,2019,6,7,5.66,25.7,4.74,20.2,0.272,0.371,0.52,0.706,0.23,0.0,5.5,5.5,0.46153846153846156,0.5,0.04487179487179488,26.900000000000006,22.85,0.36500000000000005,27.533333333333335,21.73333333333333,0.2166666666666667,27.22,22.060000000000002,0.31399999999999995,0.5,0.5384615384615384,28.1,28.8,25.5,19.5,5.46,5.59,5.24,4.3,0.5,-0.08,0.4635108481262327,-0.0019723865877711577,62
Miami,2019,8,6,4.97,24.1,5.27,28.1,0.333,0.404,0.353,0.517,0.14,0.0,11.65,11.65,0.5714285714285714,0.510989010989011,0.03296703296703296,24.900000000000006,24.150000000000002,0.18500000000000005,25.96666666666667,24.599999999999998,0.29000000000000004,26.22,23.48,0.142,0.46153846153846156,0.5,25.7,28.1,20.2,25.5,5.66,5.46,4.74,5.24,0.23,0.5,0.4712192569335426,0.10020931449502879,62
Miami,2020,8,2,5.97,34.0,5.66,26.0,0.418,0.381,0.714,0.529,0.6,1.0,7.38,7.38,0.8,0.610989010989011,0.30000000000000004,29.050000000000004,27.050000000000004,0.37000000000000005,27.933333333333337,24.766666666666666,0.32333333333333336,28.139999999999997,23.86,0.27799999999999997,0.5714285714285714,0.46153846153846156,24.1,25.7,28.1,20.2,4.97,5.66,5.27,4.74,0.14,0.23,0.49313797313797314,0.3068620268620269,62
Miami,2020,2,1,5.92,28.7,6.06,26.7,0.415,0.462,0.667,0.667,0.0,0.0,0.0,0.0,0.6666666666666666,0.6793650793650793,0.20512820512820507,31.35,26.35,0.30000000000000004,28.933333333333334,26.933333333333334,0.2466666666666667,28.119999999999997,25.3,0.294,0.8,0.5714285714285714,34.0,24.1,26.0,28.1,5.97,4.97,5.66,5.27,0.6,0.14,0.5039835164835165,0.16268315018315016,62
Miami,2021,7,5,6.13,34.1,5.4,28.2,0.42,0.397,0.714,0.455,-0.58,2.0,4.0,4.0,0.5833333333333334,0.6833333333333335,0.011904761904761973,31.400000000000006,27.450000000000003,-0.2899999999999999,32.26666666666667,26.96666666666667,0.00666666666666671,29.32,25.839999999999996,0.078,0.6666666666666666,0.8,28.7,34.0,26.7,26.0,5.92,5.97,6.06,5.66,0.0,0.6,0.5086511527687998,0.07468218056453357,62
Miami,2021,7,6,6.26,28.9,5.54,23.1,0.392,0.374,0.429,0.524,0.38,0.0,8.0,8.0,0.5384615384615384,0.5961538461538461,-0.2615384615384616,31.500000000000004,25.650000000000002,-0.09999999999999992,30.566666666666674,26.0,-0.06666666666666661,29.959999999999997,26.420000000000005,0.10800000000000001,0.5833333333333334,0.6666666666666666,34.1,28.7,28.2,26.7,6.13,5.92,5.4,6.06,-0.58,0.0,0.5103072853072853,0.028154253154253128,62
Miami,2022,5,7,5.33,23.6,5.94,26.8,0.404,0.42,0.409,0.6,-0.25,26.57,9.77,3.8,0.4166666666666667,0.5128205128205129,-0.24999999999999994,26.250000000000007,24.950000000000003,0.06500000000000006,28.86666666666667,26.03333333333333,-0.14999999999999994,29.860000000000003,26.160000000000004,0.030000000000000006,0.5384615384615384,0.5833333333333334,28.9,34.1,23.1,28.2,6.26,6.13,5.54,5.4,0.38,-0.58,0.5053788316946212,-0.08871216502795448,62
Miami,2022,6,7,4.85,20.2,5.41,22.6,0.314,0.401,0.5,0.526,0.77,16.61,6.91,3.0,0.46153846153846156,0.47222222222222227,-0.1217948717948718,21.900000000000006,24.700000000000003,0.26000000000000006,24.233333333333338,24.166666666666668,0.30000000000000004,27.1,25.48,0.06400000000000002,0.4166666666666667,0.5384615384615384,23.6,28.9,26.8,23.1,5.33,6.26,5.94,5.54,-0.25,0.38,0.5031868131868131,-0.04164835164835157,62
Miami,2023,7,6,6.4,31.5,5.17,22.8,0.411,0.358,0.524,0.429,-0.31,21.5,8.64,8.64,0.5384615384615384,0.47222222222222215,0.0,25.85000000000001,22.700000000000003,0.23000000000000007,25.100000000000005,24.066666666666666,0.07000000000000005,27.659999999999997,24.7,0.002000000000000013,0.46153846153846156,0.4166666666666667,20.2,23.6,22.6,26.8,4.85,5.33,5.41,5.94,0.77,-0.25,0.5048665620094192,0.033594976452119285,62
Miami,2023,11,3,5.69,25.6,4.96,15.9,0.361,0.297,0.308,0.438,0.0,18.65,1.3,1.3,0.7857142857142857,0.5952380952380952,0.369047619047619,28.550000000000008,19.35,-0.15499999999999994,25.76666666666667,20.433333333333334,0.15333333333333338,25.96,22.240000000000002,0.11800000000000002,0.5384615384615384,0.46153846153846156,31.5,20.2,22.8,22.6,6.4,4.85,5.17,5.41,-0.31,0.77,0.5176323676323676,0.26808191808191806,62
Michigan,2013,7,6,5.44,32.2,5.29,26.8,0.392,0.398,0.538,0.4,0.38,23.29,6.36,6.36,0.5384615384615384,0.5384615384615384,0.23076923076923084,32.2,26.8,0.38,32.2,26.8,0.38,32.2,26.8,0.38,0.0,0.0,0.0,0.0,0.0,0.0,0.0,0.0,0.0,0.0,0.0,0.0,0.5384615384615384,0.0,63
Michigan,2014,5,7,5.32,20.9,4.77,22.4,0.394,0.382,0.385,0.313,-1.33,21.38,13.3,13.3,0.4166666666666667,0.47756410256410253,0.23076923076923084,26.55,24.6,-0.47500000000000003,26.55,24.6,-0.47500000000000003,26.55,24.6,-0.47500000000000003,0.5384615384615384,0.0,32.2,0.0,26.8,0.0,5.44,0.0,5.29,0.0,0.38,0.0,0.47756410256410253,-0.06089743589743585,63
Michigan,2015,10,3,5.68,31.4,4.46,16.4,0.462,0.276,0.375,0.375,-0.31,20.49,10.73,10.73,0.7692307692307693,0.5747863247863249,0.23076923076923084,26.15,19.4,-0.8200000000000001,28.166666666666668,21.866666666666664,-0.42,28.166666666666668,21.866666666666664,-0.42,0.4166666666666667,0.5384615384615384,20.9,32.2,22.4,26.8,5.32,5.44,4.77,5.29,-1.33,0.38,0.5747863247863249,0.19444444444444442,63
Michigan,2016,10,3,5.85,40.3,4.21,14.1,0.432,0.21,0.65,0.407,0.54,0.0,6.52,6.52,0.7692307692307693,0.6517094017094017,0.23076923076923084,35.849999999999994,15.25,0.11499999999999999,30.866666666666664,17.633333333333333,-0.3666666666666667,31.2,19.925,-0.18,0.7692307692307693,0.4166666666666667,31.4,20.9,16.4,22.4,5.68,5.32,4.46,4.77,-0.31,-1.33,0.6233974358974359,0.14583333333333337,63
Michigan,2017,8,5,5.18,25.2,4.52,18.8,0.326,0.261,0.563,0.455,-0.31,0.0,9.0,9.0,0.6153846153846154,0.7179487179487181,0.19871794871794873,32.75,16.45,0.11500000000000002,32.3,16.433333333333334,-0.026666666666666672,30.0,19.7,-0.20600000000000002,0.7692307692307693,0.7692307692307693,40.3,31.4,14.1,16.4,5.85,5.68,4.21,4.46,0.54,-0.31,0.6217948717948718,-0.0064102564102563875,63
Michigan,2018,10,3,6.09,35.2,4.58,19.4,0.486,0.337,0.474,0.524,0.38,1.0,9.79,9.79,0.7692307692307693,0.7179487179487181,0.0,30.200000000000003,19.099999999999998,0.035,33.56666666666667,17.433333333333334,0.20333333333333334,30.6,18.22,-0.20600000000000002,0.6153846153846154,0.7692307692307693,25.2,40.3,18.8,14.1,5.18,5.85,4.52,4.21,-0.31,0.54,0.6463675213675214,0.12286324786324787,63
Michigan,2019,9,4,5.77,31.7,4.72,20.7,0.391,0.324,0.545,0.591,0.0,1.0,7.05,7.05,0.6923076923076923,0.6923076923076924,-0.07692307692307698,33.45,20.049999999999997,0.19,30.700000000000003,19.633333333333333,0.023333333333333317,32.76,17.88,0.06,0.7692307692307693,0.6153846153846154,35.2,25.2,19.4,18.8,6.09,5.18,4.58,4.52,0.38,-0.31,0.652930402930403,0.03937728937728924,63
Michigan,2020,2,4,5.95,28.3,5.59,34.5,0.365,0.462,0.444,0.625,-0.33,0.0,2.4,2.4,0.3333333333333333,0.5982905982905983,-0.2820512820512821,30.0,27.599999999999998,-0.165,31.733333333333334,24.866666666666664,0.016666666666666646,32.14,21.5,0.055999999999999994,0.6923076923076923,0.7692307692307693,31.7,35.2,20.7,19.4,5.77,6.09,4.72,4.58,0.0,0.38,0.6129807692307693,-0.27964743589743596,63
Michigan,2021,12,2,6.4,35.8,4.93,17.4,0.458,0.346,0.519,0.5,0.14,0.0,3.89,3.89,0.8571428571428571,0.6275946275946276,0.08791208791208782,32.05,25.95,-0.095,31.933333333333334,24.2,-0.06333333333333335,31.24,22.159999999999997,-0.02400000000000001,0.3333333333333333,0.6923076923076923,28.3,31.7,34.5,20.7,5.95,5.77,5.59,4.72,-0.33,0.0,0.6401098901098901,0.21703296703296704,63
Michigan,2022,13,1,6.62,40.4,4.65,16.1,0.452,0.338,0.81,0.321,0.57,20.05,8.52,10.38,0.9285714285714286,0.7063492063492064,0.2362637362637363,38.099999999999994,16.75,0.355,34.833333333333336,22.666666666666668,0.12666666666666662,34.28,21.619999999999997,0.15199999999999997,0.8571428571428571,0.3333333333333333,35.8,28.3,17.4,34.5,6.4,5.95,4.93,5.59,0.14,-0.33,0.668956043956044,0.2596153846153846,63
Michigan,2023,15,0,6.21,35.9,4.28,10.4,0.428,0.291,0.773,0.324,1.27,16.53,6.64,6.64,1.0,0.9285714285714285,0.6666666666666667,38.15,13.25,0.9199999999999999,37.36666666666667,14.633333333333333,0.66,34.42,19.82,0.32999999999999996,0.9285714285714286,0.8571428571428571,40.4,35.8,16.1,17.4,6.62,6.4,4.65,4.93,0.57,0.14,0.6990509490509491,0.3009490509490509,63
Michigan St.,2013,13,1,5.4,29.4,4.04,13.2,0.441,0.279,0.643,0.316,0.93,21.18,6.67,6.67,0.9285714285714286,0.9285714285714286,-0.6785714285714286,29.4,13.2,0.93,29.4,13.2,0.93,29.4,13.2,0.93,0.0,0.0,0.0,0.0,0.0,0.0,0.0,0.0,0.0,0.0,0.0,0.0,0.9285714285714286,0.0,64
Michigan St.,2014,11,2,6.55,43.0,5.09,21.5,0.5,0.313,0.529,0.476,1.46,22.43,10.78,10.78,0.8461538461538461,0.8873626373626373,-0.6785714285714286,36.2,17.35,1.195,36.2,17.35,1.195,36.2,17.35,1.195,0.9285714285714286,0.0,29.4,0.0,13.2,0.0,5.4,0.0,4.04,0.0,0.93,0.0,0.8873626373626373,-0.04120879120879117,64
Michigan St.,2015,12,2,5.44,29.8,5.47,21.7,0.485,0.349,0.421,0.516,1.0,21.63,12.81,12.81,0.8571428571428571,0.8772893772893773,-0.6785714285714286,36.4,21.6,1.23,34.06666666666667,18.8,1.1300000000000001,34.06666666666667,18.8,1.1300000000000001,0.8461538461538461,0.9285714285714286,43.0,29.4,21.5,13.2,6.55,5.4,5.09,4.04,1.46,0.93,0.8772893772893773,-0.020146520146520186,64
Michigan St.,2016,3,9,5.64,24.1,5.53,27.8,0.387,0.423,0.476,0.647,-0.42,1.0,5.44,5.44,0.25,0.6510989010989011,-0.6785714285714286,26.950000000000003,24.75,0.29000000000000004,32.300000000000004,23.666666666666668,0.68,31.575,21.05,0.7425,0.8571428571428571,0.8461538461538461,29.8,43.0,21.7,21.5,5.44,6.55,5.47,5.09,1.0,1.46,0.720467032967033,-0.47046703296703296,64
Michigan St.,2017,10,3,5.13,24.5,4.87,20.0,0.449,0.328,0.579,0.6,0.23,1.0,2.58,2.58,0.7692307692307693,0.6254578754578755,-0.07692307692307687,24.3,23.9,-0.09499999999999999,26.133333333333336,23.166666666666668,0.27,30.160000000000004,20.84,0.64,0.25,0.8571428571428571,24.1,29.8,27.8,21.7,5.64,5.44,5.53,5.47,-0.42,1.0,0.7302197802197802,0.039010989010989094,64
Michigan St.,2018,7,6,4.62,18.7,4.54,17.2,0.335,0.302,0.333,0.353,0.08,0.0,5.39,5.39,0.5384615384615384,0.5192307692307693,-0.31868131868131866,21.6,18.6,0.155,22.433333333333337,21.666666666666668,-0.03666666666666666,28.02,21.639999999999997,0.47000000000000003,0.7692307692307693,0.25,24.5,24.1,20.0,27.8,5.13,5.64,4.87,5.53,0.23,-0.42,0.6982600732600733,-0.1597985347985349,64
Michigan St.,2019,7,6,5.19,22.4,4.96,22.5,0.365,0.348,0.619,0.476,-0.15,0.0,9.24,9.24,0.5384615384615384,0.6153846153846154,0.28846153846153844,20.549999999999997,19.85,-0.03499999999999999,21.866666666666664,19.900000000000002,0.05333333333333334,23.9,21.839999999999996,0.148,0.5384615384615384,0.7692307692307693,18.7,24.5,17.2,20.0,4.62,5.13,4.54,4.87,0.08,0.23,0.6754317111459969,-0.13697017268445844,64
Michigan St.,2020,2,5,4.81,18.0,5.27,35.1,0.327,0.383,0.417,0.545,-1.29,0.0,17.13,17.13,0.2857142857142857,0.4542124542124542,-0.4835164835164836,20.2,28.799999999999997,-0.72,19.7,24.933333333333337,-0.45333333333333337,21.54,24.520000000000003,-0.31,0.5384615384615384,0.5384615384615384,22.4,18.7,22.5,17.2,5.19,4.62,4.96,4.54,-0.15,0.08,0.626717032967033,-0.34100274725274726,64
Michigan St.,2021,11,2,6.35,31.8,5.6,25.3,0.4,0.402,0.7,0.649,0.23,0.0,7.69,7.69,0.8461538461538461,0.5567765567765567,0.3076923076923077,24.9,30.199999999999996,-0.53,24.066666666666666,27.633333333333336,-0.4033333333333334,23.080000000000002,24.02,-0.18000000000000002,0.2857142857142857,0.5384615384615384,18.0,22.4,35.1,22.5,4.81,5.19,5.27,4.96,-1.29,-0.15,0.651098901098901,0.19505494505494514,64
Michigan St.,2022,5,7,5.48,24.4,5.81,27.4,0.388,0.435,0.414,0.615,-0.33,18.43,9.29,5.93,0.4166666666666667,0.5161782661782662,-0.12179487179487175,28.1,26.349999999999994,-0.04999999999999999,24.733333333333334,29.266666666666666,-0.4633333333333334,23.06,25.5,-0.292,0.8461538461538461,0.2857142857142857,31.8,18.0,25.3,35.1,6.35,4.81,5.6,5.27,0.23,-1.29,0.6276556776556776,-0.21098901098901096,64
Michigan St.,2023,4,8,4.64,15.9,5.79,28.3,0.309,0.351,0.5,0.714,-0.5,22.5,10.83,10.83,0.3333333333333333,0.532051282051282,0.047619047619047616,20.15,27.849999999999994,-0.415,24.03333333333333,27.0,-0.19999999999999998,22.5,27.720000000000006,-0.40800000000000003,0.4166666666666667,0.8461538461538461,24.4,31.8,27.4,25.3,5.48,6.35,5.81,5.6,-0.33,0.23,0.6008991008991008,-0.2675657675657675,64
Middle Tenn.,2013,8,5,5.7,29.0,5.3,26.2,0.464,0.478,0.375,0.667,0.92,23.64,11.54,11.54,0.6153846153846154,0.6153846153846154,0.0,29.0,26.2,0.92,29.0,26.2,0.92,29.0,26.2,0.92,0.0,0.0,0.0,0.0,0.0,0.0,0.0,0.0,0.0,0.0,0.0,0.0,0.6153846153846154,0.0,65
Middle Tenn.,2014,6,6,5.93,31.6,5.85,31.5,0.444,0.441,0.563,0.444,-0.33,20.98,6.42,6.42,0.5,0.5576923076923077,0.0,30.3,28.85,0.29500000000000004,30.3,28.85,0.29500000000000004,30.3,28.85,0.29500000000000004,0.6153846153846154,0.0,29.0,0.0,26.2,0.0,5.7,0.0,5.3,0.0,0.92,0.0,0.5576923076923077,-0.05769230769230771,65
Middle Tenn.,2015,7,6,5.92,34.0,5.46,26.6,0.421,0.373,0.583,0.476,-0.31,23.6,9.71,9.71,0.5384615384615384,0.5512820512820512,0.0,32.8,29.05,-0.32,31.53333333333333,28.099999999999998,0.09333333333333334,31.53333333333333,28.099999999999998,0.09333333333333334,0.5,0.6153846153846154,31.6,29.0,31.5,26.2,5.93,5.7,5.85,5.3,-0.33,0.92,0.5512820512820512,-0.012820512820512775,65
Middle Tenn.,2016,8,5,6.92,39.7,5.47,35.8,0.446,0.386,0.286,0.61,-0.15,0.0,4.25,4.25,0.6153846153846154,0.5512820512820512,0.0,36.85,31.2,-0.22999999999999998,35.1,31.299999999999997,-0.26333333333333336,33.575,30.025,0.03250000000000001,0.5384615384615384,0.5,34.0,31.6,26.6,31.5,5.92,5.93,5.46,5.85,-0.31,-0.33,0.5673076923076923,0.04807692307692313,65
Middle Tenn.,2017,7,6,5.68,25.5,4.95,24.7,0.376,0.348,0.438,0.455,-0.92,0.0,6.0,6.0,0.5384615384615384,0.5641025641025641,0.038461538461538436,32.6,30.25,-0.535,33.06666666666667,29.03333333333333,-0.46,31.96,28.959999999999997,-0.158,0.6153846153846154,0.5384615384615384,39.7,34.0,35.8,26.6,6.92,5.92,5.47,5.46,-0.15,-0.31,0.5615384615384615,-0.023076923076923106,65
Middle Tenn.,2018,8,6,5.55,28.0,5.48,26.7,0.378,0.454,0.531,0.37,0.36,0.0,12.33,12.33,0.5714285714285714,0.575091575091575,0.03296703296703296,26.75,25.7,-0.27999999999999997,31.066666666666674,29.066666666666663,-0.23666666666666666,31.76,29.059999999999995,-0.27,0.5384615384615384,0.6153846153846154,25.5,39.7,24.7,35.8,5.68,6.92,4.95,5.47,-0.92,-0.15,0.5631868131868132,0.008241758241758212,65
Middle Tenn.,2019,4,8,6.36,26.3,6.21,29.9,0.351,0.436,0.529,0.586,0.25,0.0,6.81,6.81,0.3333333333333333,0.4810744810744811,-0.2820512820512821,27.15,28.299999999999997,0.30500000000000005,26.599999999999998,27.099999999999998,-0.10333333333333335,30.7,28.74,-0.15400000000000003,0.5714285714285714,0.5384615384615384,28.0,25.5,26.7,24.7,5.55,5.68,5.48,4.95,0.36,-0.92,0.5303506017791733,-0.19701726844583994,65
Middle Tenn.,2020,3,6,5.18,22.9,6.05,35.4,0.426,0.536,0.5,0.6,-0.22,0.0,5.14,5.14,0.3333333333333333,0.41269841269841273,-0.20512820512820512,24.6,32.65,0.015000000000000055,25.733333333333334,30.666666666666668,0.13,28.48,30.5,-0.136,0.3333333333333333,0.5714285714285714,26.3,28.0,29.9,26.7,6.36,5.55,6.21,5.48,0.25,0.36,0.5057234432234432,-0.1723901098901099,65
Middle Tenn.,2021,7,6,5.12,29.8,5.16,25.7,0.315,0.365,0.455,0.519,0.85,0.0,9.46,9.46,0.5384615384615384,0.40170940170940167,-0.03296703296703296,26.35,30.549999999999997,0.31500000000000006,26.333333333333332,30.333333333333332,0.29333333333333333,26.5,28.48,0.06399999999999999,0.3333333333333333,0.3333333333333333,22.9,26.3,35.4,29.9,5.18,6.36,6.05,6.21,-0.22,0.25,0.5093610093610094,0.02910052910052907,65
Middle Tenn.,2022,8,5,5.03,28.8,5.53,27.7,0.342,0.383,0.583,0.459,0.92,22.0,9.56,5.86,0.6153846153846154,0.49572649572649574,0.2820512820512821,29.3,26.7,0.885,27.166666666666668,29.599999999999998,0.5166666666666667,27.159999999999997,29.079999999999995,0.43200000000000005,0.5384615384615384,0.3333333333333333,29.8,22.9,25.7,35.4,5.12,5.18,5.16,6.05,0.85,-0.22,0.51996336996337,0.09542124542124542,65
Middle Tenn.,2023,4,8,5.71,24.2,5.49,28.1,0.398,0.448,0.455,0.562,-0.42,16.85,9.0,9.0,0.3333333333333333,0.4957264957264957,0.0,26.5,27.9,0.2500000000000001,27.599999999999998,27.166666666666668,0.45,26.4,29.360000000000003,0.276,0.6153846153846154,0.5384615384615384,28.8,29.8,27.7,25.7,5.03,5.12,5.53,5.16,0.92,0.85,0.502997002997003,-0.1696636696636697,65
Minnesota,2013,8,5,5.23,25.7,5.66,22.2,0.423,0.368,0.7,0.591,0.23,20.57,10.42,10.42,0.6153846153846154,0.6153846153846154,0.07692307692307687,25.7,22.2,0.23,25.7,22.2,0.23,25.7,22.2,0.23,0.0,0.0,0.0,0.0,0.0,0.0,0.0,0.0,0.0,0.0,0.0,0.0,0.6153846153846154,0.0,66
Minnesota,2014,8,5,5.45,28.4,5.43,24.2,0.403,0.404,0.7,0.647,0.77,18.87,5.41,5.41,0.6153846153846154,0.6153846153846154,0.07692307692307687,27.049999999999997,23.2,0.5,27.049999999999997,23.2,0.5,27.049999999999997,23.2,0.5,0.6153846153846154,0.0,25.7,0.0,22.2,0.0,5.23,0.0,5.66,0.0,0.23,0.0,0.6153846153846154,0.0,66
Minnesota,2015,6,7,5.34,22.5,4.9,25.2,0.389,0.416,0.353,0.5,-0.31,21.84,10.17,10.17,0.46153846153846156,0.5641025641025642,0.07692307692307687,25.45,24.7,0.23,25.53333333333333,23.866666666666664,0.22999999999999998,25.53333333333333,23.866666666666664,0.22999999999999998,0.6153846153846154,0.6153846153846154,28.4,25.7,24.2,22.2,5.45,5.23,5.43,5.66,0.77,0.23,0.5641025641025642,-0.10256410256410264,66
Minnesota,2016,9,4,5.24,29.3,4.82,22.1,0.384,0.388,0.5,0.462,0.62,0.0,4.16,4.16,0.6923076923076923,0.5897435897435898,0.07692307692307687,25.9,23.65,0.155,26.73333333333333,23.833333333333332,0.36000000000000004,26.475,23.425,0.3275,0.46153846153846156,0.6153846153846154,22.5,28.4,25.2,24.2,5.34,5.45,4.9,5.43,-0.31,0.77,0.5961538461538461,0.09615384615384615,66
Minnesota,2017,5,7,4.88,22.1,5.52,22.8,0.335,0.384,0.769,0.412,0.0,0.0,6.0,6.0,0.4166666666666667,0.5235042735042735,-0.19871794871794873,25.700000000000003,22.450000000000003,0.31,24.633333333333336,23.366666666666664,0.10333333333333335,25.6,23.3,0.262,0.6923076923076923,0.46153846153846156,29.3,22.5,22.1,25.2,5.24,5.34,4.82,4.9,0.62,-0.31,0.5602564102564103,-0.14358974358974358,66
Minnesota,2018,7,6,5.67,28.9,5.93,26.5,0.398,0.369,0.5,0.625,-0.31,0.0,1.11,1.11,0.5384615384615384,0.5491452991452992,0.07692307692307687,25.5,24.65,-0.155,26.76666666666667,23.8,0.10333333333333337,26.24,24.16,0.154,0.4166666666666667,0.6923076923076923,22.1,29.3,22.8,22.1,4.88,5.24,5.52,4.82,0.0,0.62,0.5566239316239316,-0.01816239316239321,66
Minnesota,2019,11,2,6.36,34.1,5.06,22.5,0.484,0.376,0.65,0.556,0.31,1.0,0.17,0.17,0.8461538461538461,0.6004273504273504,0.15384615384615385,31.5,24.5,0.0,28.366666666666664,23.933333333333337,0.0,27.380000000000003,23.82,0.06200000000000001,0.5384615384615384,0.4166666666666667,28.9,22.1,26.5,22.8,5.67,4.88,5.93,5.52,-0.31,0.0,0.597985347985348,0.24816849816849818,66
Minnesota,2020,3,4,5.71,27.3,6.9,30.1,0.477,0.408,0.538,0.6,0.0,0.0,3.5,3.5,0.42857142857142855,0.6043956043956044,0.011904761904761862,30.700000000000003,26.3,0.155,30.099999999999998,26.366666666666664,0.0,28.340000000000003,24.8,0.12400000000000003,0.8461538461538461,0.5384615384615384,34.1,28.9,22.5,26.5,6.36,5.67,5.06,5.93,0.31,-0.31,0.5768086080586081,-0.14823717948717957,66
Minnesota,2021,9,4,5.46,25.5,4.86,17.3,0.447,0.348,0.571,0.368,0.31,0.0,2.33,2.33,0.6923076923076923,0.6556776556776557,0.15384615384615385,26.4,23.700000000000003,0.155,28.96666666666667,23.3,0.20666666666666667,27.580000000000002,23.84,0.062,0.42857142857142855,0.8461538461538461,27.3,34.1,30.1,22.5,5.71,6.36,6.9,5.06,0.0,0.31,0.5896418396418396,0.10266585266585271,66
Minnesota,2022,9,4,5.87,28.2,4.97,13.8,0.521,0.279,0.545,0.556,0.46,23.61,6.0,4.73,0.6923076923076923,0.6043956043956044,-0.15384615384615385,26.85,15.55,0.385,27.0,20.400000000000002,0.25666666666666665,28.8,22.04,0.154,0.6923076923076923,0.42857142857142855,25.5,27.3,17.3,30.1,5.46,5.71,4.86,6.9,0.31,0.0,0.5999084249084249,0.0923992673992674,66
Minnesota,2023,6,7,4.79,20.9,5.95,26.7,0.352,0.46,0.824,0.8,0.15,22.5,5.0,5.0,0.46153846153846156,0.6153846153846154,0.032967032967033016,24.549999999999997,20.25,0.305,24.866666666666664,19.266666666666666,0.3066666666666667,27.2,22.080000000000002,0.246,0.6923076923076923,0.6923076923076923,28.2,25.5,13.8,17.3,5.87,5.46,4.97,4.86,0.46,0.31,0.5873293373293373,-0.12579087579087578,66
Mississippi St.,2013,7,6,5.91,27.7,5.45,23.0,0.392,0.352,0.448,0.5,0.54,20.43,6.0,6.0,0.5384615384615384,0.5384615384615384,-0.07692307692307687,27.7,23.0,0.54,27.7,23.0,0.54,27.7,23.0,0.54,0.0,0.0,0.0,0.0,0.0,0.0,0.0,0.0,0.0,0.0,0.0,0.0,0.5384615384615384,0.0,67
Mississippi St.,2014,10,3,6.67,36.9,5.65,21.7,0.464,0.351,0.429,0.409,0.0,17.9,7.21,7.21,0.7692307692307693,0.6538461538461539,-0.07692307692307687,32.3,22.35,0.27,32.3,22.35,0.27,32.3,22.35,0.27,0.5384615384615384,0.0,27.7,0.0,23.0,0.0,5.91,0.0,5.45,0.0,0.54,0.0,0.6538461538461539,0.11538461538461542,67
Mississippi St.,2015,9,4,6.46,34.4,5.32,23.2,0.429,0.355,0.5,0.522,-0.31,18.23,12.5,12.5,0.6923076923076923,0.6666666666666666,-0.07692307692307687,35.65,22.45,-0.155,33.0,22.633333333333336,0.07666666666666667,33.0,22.633333333333336,0.07666666666666667,0.7692307692307693,0.5384615384615384,36.9,27.7,21.7,23.0,6.67,5.91,5.65,5.45,0.0,0.54,0.6666666666666666,0.02564102564102566,67
Mississippi St.,2016,6,7,6.07,30.4,6.24,31.8,0.406,0.411,0.5,0.679,0.54,0.0,14.78,14.78,0.46153846153846156,0.6410256410256411,-0.07692307692307687,32.400000000000006,27.5,0.11500000000000002,33.9,25.566666666666666,0.07666666666666667,32.35,24.925,0.1925,0.6923076923076923,0.7692307692307693,34.4,36.9,23.2,21.7,6.46,6.67,5.32,5.65,-0.31,0.0,0.6153846153846154,-0.15384615384615385,67
Mississippi St.,2017,9,4,5.51,32.0,5.23,20.9,0.462,0.304,0.52,0.375,-0.08,0.0,4.78,4.78,0.6923076923076923,0.6153846153846154,-0.07692307692307698,31.200000000000003,26.35,0.23,32.26666666666667,25.299999999999997,0.05000000000000001,32.28,24.119999999999997,0.138,0.46153846153846156,0.6923076923076923,30.4,34.4,31.8,23.2,6.07,6.46,6.24,5.32,0.54,-0.31,0.6307692307692307,0.06153846153846154,67
Mississippi St.,2018,8,5,6.17,28.5,4.13,13.2,0.415,0.266,0.353,0.348,0.54,0.0,7.43,7.43,0.6153846153846154,0.5897435897435898,-0.07692307692307687,30.250000000000004,17.049999999999997,0.23,30.3,21.96666666666667,0.3333333333333333,32.440000000000005,22.16,0.138,0.6923076923076923,0.46153846153846156,32.0,30.4,20.9,31.8,5.51,6.07,5.23,6.24,-0.08,0.54,0.6282051282051282,-0.012820512820512775,67
Mississippi St.,2019,6,7,6.16,27.6,6.3,28.8,0.389,0.387,0.389,0.529,0.08,1.0,8.89,8.89,0.46153846153846156,0.5897435897435898,0.0,28.050000000000004,21.0,0.31,29.36666666666667,20.96666666666667,0.17999999999999997,30.580000000000002,23.58,0.154,0.6153846153846154,0.6923076923076923,28.5,32.0,13.2,20.9,6.17,5.51,4.13,5.23,0.54,-0.08,0.6043956043956044,-0.1428571428571428,67
Mississippi St.,2020,3,7,4.95,20.7,5.48,28.3,0.324,0.392,0.611,0.421,-0.9,0.0,7.0,7.0,0.3,0.45897435897435906,-0.3923076923076923,24.150000000000006,28.55,-0.41000000000000003,25.600000000000005,23.433333333333334,-0.09333333333333338,27.839999999999996,24.6,0.03600000000000001,0.46153846153846156,0.6153846153846154,27.6,28.5,28.8,13.2,6.16,6.17,6.3,4.13,0.08,0.54,0.5663461538461538,-0.26634615384615384,67
Mississippi St.,2021,7,6,5.89,29.1,5.55,25.9,0.457,0.413,0.625,0.4,-0.15,0.0,19.33,19.33,0.5384615384615384,0.4333333333333333,-0.07692307692307698,24.900000000000006,27.1,-0.525,25.8,27.666666666666668,-0.3233333333333334,27.580000000000002,23.419999999999998,-0.10200000000000001,0.3,0.46153846153846156,20.7,27.6,28.3,28.8,4.95,6.16,5.48,6.3,-0.9,0.08,0.5632478632478632,-0.02478632478632481,67
Mississippi St.,2022,9,4,5.5,31.6,5.16,23.1,0.392,0.335,0.517,0.462,0.31,27.83,10.14,7.31,0.6923076923076923,0.5102564102564102,0.23076923076923073,30.350000000000005,24.5,0.08000000000000002,27.133333333333336,25.76666666666667,-0.24666666666666673,27.5,23.860000000000003,-0.023999999999999987,0.5384615384615384,0.3,29.1,20.7,25.9,28.3,5.89,4.95,5.55,5.48,-0.15,-0.9,0.5761538461538461,0.11615384615384616,67
Mississippi St.,2023,5,7,5.26,21.8,5.33,26.6,0.308,0.341,0.417,0.571,-0.17,22.0,7.0,7.0,0.4166666666666667,0.5491452991452991,0.1166666666666667,26.700000000000003,24.85,0.07000000000000002,27.5,25.2,-0.003333333333333364,26.160000000000004,26.54,-0.16599999999999998,0.6923076923076923,0.5384615384615384,31.6,29.1,23.1,25.9,5.5,5.89,5.16,5.55,0.31,-0.15,0.5616550116550116,-0.14498834498834495,67
Missouri,2013,12,2,6.59,39.1,5.41,23.1,0.438,0.378,0.625,0.565,1.14,22.37,8.5,8.5,0.8571428571428571,0.8571428571428571,-0.5238095238095237,39.1,23.1,1.14,39.1,23.1,1.14,39.1,23.1,1.14,0.0,0.0,0.0,0.0,0.0,0.0,0.0,0.0,0.0,0.0,0.0,0.0,0.8571428571428571,0.0,68
Missouri,2014,11,3,5.39,27.8,4.83,21.1,0.429,0.37,0.813,0.522,0.64,24.85,7.95,7.95,0.7857142857142857,0.8214285714285714,-0.5238095238095237,33.45,22.1,0.8899999999999999,33.45,22.1,0.8899999999999999,33.45,22.1,0.8899999999999999,0.8571428571428571,0.0,39.1,0.0,23.1,0.0,6.59,0.0,5.41,0.0,1.14,0.0,0.8214285714285714,-0.0357142857142857,68
Missouri,2015,5,7,4.38,13.6,4.32,16.2,0.303,0.393,0.412,0.455,-0.08,26.5,7.42,7.42,0.4166666666666667,0.6865079365079364,-0.5238095238095237,20.7,18.65,0.28,26.833333333333332,20.133333333333336,0.5666666666666667,26.833333333333332,20.133333333333336,0.5666666666666667,0.7857142857142857,0.8571428571428571,27.8,39.1,21.1,23.1,5.39,6.59,4.83,5.41,0.64,1.14,0.6865079365079364,-0.2698412698412697,68
Missouri,2016,4,8,6.34,31.4,6.07,31.5,0.43,0.443,0.542,0.417,-0.25,1.0,5.55,5.55,0.3333333333333333,0.5119047619047619,-0.5238095238095237,22.5,23.85,-0.165,24.266666666666666,22.933333333333334,0.10333333333333333,27.975,22.975,0.3625,0.4166666666666667,0.7857142857142857,13.6,27.8,16.2,21.1,4.38,5.39,4.32,4.83,-0.08,0.64,0.5982142857142857,-0.2648809523809524,68
Missouri,2017,7,6,7.13,37.5,5.6,31.8,0.451,0.434,0.273,0.529,-0.62,1.0,8.36,8.36,0.5384615384615384,0.42948717948717946,-0.24725274725274726,34.45,31.65,-0.435,27.5,26.5,-0.31666666666666665,29.880000000000003,24.740000000000002,0.16599999999999998,0.3333333333333333,0.4166666666666667,31.4,13.6,31.5,16.2,6.34,4.38,6.07,4.32,-0.25,-0.08,0.5862637362637362,-0.04780219780219774,68
Missouri,2018,8,5,6.24,36.6,5.68,25.5,0.464,0.342,0.533,0.28,0.08,0.0,10.08,10.08,0.6153846153846154,0.49572649572649574,0.19871794871794873,37.05,28.65,-0.27,35.166666666666664,29.599999999999998,-0.26333333333333336,29.380000000000003,25.22,-0.046000000000000006,0.5384615384615384,0.3333333333333333,37.5,31.4,31.8,31.5,7.13,6.34,5.6,6.07,-0.62,-0.25,0.5911172161172161,0.024267399267399292,68
Missouri,2019,6,6,5.27,25.3,4.86,19.4,0.365,0.331,0.538,0.357,0.08,0.0,9.83,9.83,0.5,0.5512820512820512,0.16666666666666669,30.950000000000003,22.45,0.08,33.13333333333333,25.566666666666663,-0.15333333333333332,28.880000000000003,24.880000000000003,-0.15800000000000003,0.6153846153846154,0.5384615384615384,36.6,37.5,25.5,31.8,6.24,7.13,5.68,5.6,0.08,-0.62,0.5781004709576137,-0.07810047095761374,68
Missouri,2020,5,5,5.63,26.7,6.1,32.3,0.433,0.376,0.556,0.722,-0.5,0.0,2.33,2.33,0.5,0.5384615384615384,-0.038461538461538436,26.0,25.849999999999998,-0.21,29.53333333333333,25.73333333333333,-0.11333333333333336,31.5,28.1,-0.242,0.5,0.6153846153846154,25.3,36.6,19.4,25.5,5.27,6.24,4.86,5.68,0.08,0.08,0.5683379120879121,-0.06833791208791207,68
Missouri,2021,6,7,5.85,29.1,6.37,33.8,0.448,0.434,0.579,0.818,0.23,0.0,8.0,8.0,0.46153846153846156,0.4871794871794872,-0.15384615384615385,27.9,33.05,-0.135,27.03333333333333,28.5,-0.06333333333333337,31.04,28.559999999999995,-0.14600000000000002,0.5,0.5,26.7,25.3,32.3,19.4,5.63,5.27,6.1,4.86,-0.5,0.08,0.5564713064713065,-0.09493284493284493,68
Missouri,2022,6,7,5.43,24.8,5.28,25.2,0.394,0.344,0.5,0.571,-0.23,16.29,11.31,15.69,0.46153846153846156,0.4743589743589744,-0.038461538461538436,26.950000000000003,29.5,0.0,26.86666666666667,30.433333333333326,-0.1666666666666667,28.5,27.24,-0.06799999999999999,0.46153846153846156,0.5,29.1,26.7,33.8,32.3,5.85,5.63,6.37,6.1,0.23,-0.5,0.546978021978022,-0.08543956043956047,68
Missouri,2023,11,2,6.46,32.5,5.28,20.8,0.426,0.369,0.733,0.667,0.77,19.04,6.3,6.3,0.8461538461538461,0.5897435897435898,0.34615384615384615,28.650000000000002,23.0,0.27,28.8,26.599999999999998,0.25666666666666665,27.68,26.3,0.07,0.46153846153846156,0.46153846153846156,24.8,29.1,25.2,33.8,5.43,5.85,5.28,6.37,-0.23,0.23,0.5741758241758241,0.271978021978022,68
NC State,2013,3,9,5.12,22.8,5.89,30.2,0.383,0.407,0.452,0.625,0.0,25.92,5.55,5.55,0.25,0.25,0.28846153846153844,22.8,30.2,0.0,22.8,30.2,0.0,22.8,30.2,0.0,0.0,0.0,0.0,0.0,0.0,0.0,0.0,0.0,0.0,0.0,0.0,0.0,0.25,0.0,69
NC State,2014,8,5,5.97,30.2,5.24,27.0,0.458,0.485,0.5,0.6,0.38,18.81,7.75,7.75,0.6153846153846154,0.4326923076923077,0.28846153846153844,26.5,28.6,0.19,26.5,28.6,0.19,26.5,28.6,0.19,0.25,0.0,22.8,0.0,30.2,0.0,5.12,0.0,5.89,0.0,0.0,0.0,0.4326923076923077,0.1826923076923077,69
NC State,2015,7,6,5.63,33.2,5.51,25.8,0.411,0.352,0.613,0.455,0.69,20.3,2.89,2.89,0.5384615384615384,0.4679487179487179,0.28846153846153844,31.700000000000003,26.4,0.5349999999999999,28.733333333333334,27.666666666666668,0.35666666666666663,28.733333333333334,27.666666666666668,0.35666666666666663,0.6153846153846154,0.25,30.2,22.8,27.0,30.2,5.97,5.12,5.24,5.89,0.38,0.0,0.4679487179487179,0.07051282051282054,69
NC State,2016,7,6,5.75,27.0,5.13,22.8,0.438,0.349,0.444,0.63,0.15,0.0,14.89,14.89,0.5384615384615384,0.5641025641025641,0.28846153846153844,30.1,24.3,0.42,30.133333333333336,25.2,0.4066666666666667,28.3,26.45,0.305,0.5384615384615384,0.6153846153846154,33.2,30.2,25.8,27.0,5.63,5.97,5.51,5.24,0.69,0.38,0.4855769230769231,0.05288461538461536,69
NC State,2017,9,4,5.99,32.2,5.56,25.2,0.447,0.419,0.56,0.476,0.62,1.0,13.17,13.17,0.6923076923076923,0.5897435897435898,0.07692307692307687,29.6,24.0,0.385,30.8,24.599999999999998,0.48666666666666664,29.080000000000002,26.2,0.368,0.5384615384615384,0.5384615384615384,27.0,33.2,22.8,25.8,5.75,5.63,5.13,5.51,0.15,0.69,0.5269230769230769,0.16538461538461535,69
NC State,2018,9,4,6.06,33.8,5.94,24.9,0.473,0.333,0.588,0.5,0.08,0.0,6.88,6.88,0.6923076923076923,0.6410256410256411,0.15384615384615385,33.0,25.049999999999997,0.35,31.0,24.3,0.2833333333333333,31.28,25.139999999999997,0.384,0.6923076923076923,0.5384615384615384,32.2,27.0,25.2,22.8,5.99,5.75,5.56,5.13,0.62,0.15,0.5544871794871794,0.13782051282051289,69
NC State,2019,4,8,5.18,22.1,5.59,30.1,0.355,0.41,0.483,0.75,-1.08,0.0,6.83,6.83,0.3333333333333333,0.5726495726495726,-0.20512820512820512,27.95,27.5,-0.5,29.366666666666664,26.733333333333334,-0.1266666666666667,29.660000000000004,25.76,0.092,0.6923076923076923,0.6923076923076923,33.8,32.2,24.9,25.2,6.06,5.99,5.94,5.56,0.08,0.62,0.5228937728937729,-0.1895604395604396,69
NC State,2020,8,3,5.61,31.1,5.47,29.7,0.443,0.376,0.6,0.536,-0.27,1.0,10.95,10.95,0.7272727272727273,0.5843045843045843,0.034965034965035,26.6,29.9,-0.675,29.0,28.233333333333334,-0.42333333333333334,29.24,26.54,-0.10000000000000002,0.3333333333333333,0.6923076923076923,22.1,33.8,30.1,24.9,5.18,6.06,5.59,5.94,-1.08,0.08,0.5484411421911422,0.17883158508158514,69
NC State,2021,9,3,6.1,33.1,4.95,19.7,0.398,0.293,0.417,0.45,0.5,1.0,7.26,7.26,0.75,0.6035353535353535,0.05769230769230771,32.1,24.7,0.11499999999999999,28.76666666666667,26.5,-0.2833333333333334,30.46,25.919999999999998,-0.030000000000000027,0.7272727272727273,0.3333333333333333,31.1,22.1,29.7,30.1,5.61,5.18,5.47,5.59,-0.27,-1.08,0.5708365708365708,0.1791634291634292,69
NC State,2022,8,5,4.84,24.3,4.99,19.2,0.362,0.328,0.4,0.348,0.46,23.05,7.78,8.23,0.6153846153846154,0.6975524475524475,0.2820512820512821,28.700000000000003,19.45,0.48,29.500000000000004,22.866666666666664,0.22999999999999998,28.880000000000003,24.72,-0.06200000000000002,0.75,0.7272727272727273,33.1,31.1,19.7,29.7,6.1,5.61,4.95,5.47,0.5,-0.27,0.5752913752913753,0.04009324009324011,69
NC State,2023,9,4,5.32,26.1,5.4,20.8,0.401,0.278,0.6,0.571,0.69,24.41,7.56,7.56,0.6923076923076923,0.6858974358974358,-0.034965034965035,25.200000000000003,20.0,0.575,27.833333333333332,19.9,0.5499999999999999,27.340000000000003,23.9,0.05999999999999996,0.6153846153846154,0.75,24.3,33.1,19.2,19.7,4.84,6.1,4.99,4.95,0.46,0.5,0.5859292222928587,0.10637847001483358,69
NIU,2021,9,5,5.98,32.2,6.85,33.7,0.379,0.413,0.833,0.414,-0.43,0.0,9.47,9.47,0.6428571428571429,0.6428571428571429,0.0,32.2,33.7,-0.43,32.2,33.7,-0.43,32.2,33.7,-0.43,0.0,0.0,0.0,0.0,0.0,0.0,0.0,0.0,0.0,0.0,0.0,0.0,0.6428571428571429,0.0,70
NIU,2022,3,9,5.55,27.2,5.88,32.8,0.392,0.439,0.435,0.636,0.33,16.69,2.17,6.5,0.25,0.44642857142857145,0.0,29.700000000000003,33.25,-0.04999999999999999,29.700000000000003,33.25,-0.04999999999999999,29.700000000000003,33.25,-0.04999999999999999,0.6428571428571429,0.0,32.2,0.0,33.7,0.0,5.98,0.0,6.85,0.0,-0.43,0.0,0.44642857142857145,-0.19642857142857145,70
NIU,2023,7,6,5.76,24.9,5.12,21.0,0.416,0.408,0.5,0.583,-0.23,17.0,3.62,3.62,0.5384615384615384,0.47710622710622713,0.0,26.049999999999997,26.9,0.05,28.099999999999998,29.166666666666668,-0.10999999999999999,28.099999999999998,29.166666666666668,-0.10999999999999999,0.25,0.6428571428571429,27.2,32.2,32.8,33.7,5.55,5.98,5.88,6.85,0.33,-0.43,0.47710622710622713,0.061355311355311304,70
Navy,2013,9,4,5.81,33.5,5.65,24.4,0.511,0.459,0.679,0.552,0.92,19.84,6.55,6.55,0.6923076923076923,0.6923076923076923,-0.049450549450549386,33.5,24.4,0.92,33.5,24.4,0.92,33.5,24.4,0.92,0.0,0.0,0.0,0.0,0.0,0.0,0.0,0.0,0.0,0.0,0.0,0.0,0.6923076923076923,0.0,71
Navy,2014,8,5,6.36,31.8,5.83,27.3,0.481,0.429,0.583,0.545,-0.31,22.29,6.06,6.06,0.6153846153846154,0.6538461538461539,-0.049450549450549386,32.65,25.85,0.30500000000000005,32.65,25.85,0.30500000000000005,32.65,25.85,0.30500000000000005,0.6923076923076923,0.0,33.5,0.0,24.4,0.0,5.81,0.0,5.65,0.0,0.92,0.0,0.6538461538461539,-0.038461538461538436,71
Navy,2015,11,2,6.35,36.8,5.65,21.8,0.503,0.468,0.923,0.483,1.46,23.11,15.82,15.82,0.8461538461538461,0.717948717948718,-0.049450549450549386,34.3,24.55,0.575,34.03333333333333,24.5,0.6900000000000001,34.03333333333333,24.5,0.6900000000000001,0.6153846153846154,0.6923076923076923,31.8,33.5,27.3,24.4,6.36,5.81,5.83,5.65,-0.31,0.92,0.717948717948718,0.1282051282051282,71
Navy,2016,9,5,6.82,37.9,6.34,31.0,0.545,0.535,0.607,0.667,0.14,1.0,12.6,12.6,0.6428571428571429,0.7014652014652015,-0.049450549450549386,37.349999999999994,26.4,0.8,35.5,26.7,0.43,35.0,26.125,0.5525,0.8461538461538461,0.6153846153846154,36.8,31.8,21.8,27.3,6.35,6.36,5.65,5.83,1.46,-0.31,0.6991758241758241,-0.05631868131868123,71
Navy,2017,7,6,6.03,30.5,6.17,26.3,0.455,0.425,0.657,0.5,-0.23,1.0,4.93,4.93,0.5384615384615384,0.6758241758241758,-0.07692307692307698,34.2,28.65,-0.045,35.06666666666666,26.36666666666667,0.4566666666666666,34.1,26.160000000000004,0.396,0.6428571428571429,0.8461538461538461,37.9,36.8,31.0,21.8,6.82,6.35,6.34,5.65,0.14,1.46,0.6670329670329671,-0.12857142857142867,71
Navy,2018,3,10,5.27,25.0,6.52,33.5,0.38,0.465,0.611,0.724,0.31,1.0,9.4,9.4,0.23076923076923078,0.47069597069597063,-0.6153846153846154,27.75,29.9,0.039999999999999994,31.133333333333336,30.26666666666667,0.07333333333333332,32.4,27.979999999999997,0.274,0.5384615384615384,0.6428571428571429,30.5,37.9,26.3,31.0,6.03,6.82,6.17,6.34,-0.23,0.14,0.5943223443223443,-0.36355311355311354,71
Navy,2019,11,2,6.76,37.2,5.26,22.3,0.462,0.327,0.765,0.538,0.46,2.0,8.67,8.67,0.8461538461538461,0.5384615384615384,0.20329670329670324,31.1,27.9,0.385,30.900000000000002,27.36666666666667,0.18000000000000002,33.48,26.98,0.42800000000000005,0.23076923076923078,0.5384615384615384,25.0,30.5,33.5,26.3,5.27,6.03,6.52,6.17,0.31,-0.23,0.6302982731554161,0.21585557299843006,71
Navy,2020,3,7,4.53,16.6,5.99,30.3,0.338,0.381,0.667,0.667,-0.2,0.0,7.78,7.78,0.3,0.45897435897435906,-0.23846153846153845,26.900000000000002,26.3,0.13,26.26666666666667,28.700000000000003,0.18999999999999997,29.439999999999998,28.68,0.096,0.8461538461538461,0.23076923076923078,37.2,25.0,22.3,33.5,6.76,5.27,5.26,6.52,0.46,0.31,0.589010989010989,-0.28901098901098904,71
Navy,2021,4,8,4.28,20.1,5.98,28.2,0.374,0.394,0.694,0.611,0.42,2.0,8.95,8.95,0.3333333333333333,0.4931623931623932,0.10256410256410253,18.35,29.25,0.10999999999999999,24.633333333333336,26.933333333333337,0.22666666666666666,25.880000000000003,28.119999999999997,0.152,0.3,0.8461538461538461,16.6,37.2,30.3,22.3,4.53,6.76,5.99,5.26,-0.2,0.46,0.5606023606023606,-0.22726902726902726,71
Navy,2022,4,8,4.7,21.9,5.79,24.3,0.378,0.357,0.605,0.579,0.25,19.59,9.19,4.88,0.3333333333333333,0.3222222222222222,-0.5128205128205128,21.0,26.25,0.33499999999999996,19.533333333333335,27.600000000000005,0.15666666666666665,24.16,27.72,0.248,0.3333333333333333,0.3,20.1,16.6,28.2,30.3,4.28,4.53,5.98,5.99,0.42,-0.2,0.5378754578754579,-0.20454212454212456,71
Navy,2023,5,7,4.82,17.7,5.53,22.4,0.289,0.325,0.615,0.6,0.92,16.92,4.59,4.59,0.4166666666666667,0.3611111111111111,0.1166666666666667,19.799999999999997,23.35,0.5850000000000001,19.900000000000002,24.96666666666667,0.5299999999999999,22.700000000000003,25.5,0.37,0.3333333333333333,0.3333333333333333,21.9,20.1,24.3,28.2,4.7,4.28,5.79,5.98,0.25,0.42,0.5268564768564769,-0.11018981018981017,71
Nebraska,2013,9,4,5.57,31.9,5.21,24.8,0.392,0.309,0.667,0.381,-0.85,20.21,8.07,8.07,0.6923076923076923,0.6923076923076923,0.0,31.9,24.8,-0.85,31.9,24.8,-0.85,31.9,24.8,-0.85,0.0,0.0,0.0,0.0,0.0,0.0,0.0,0.0,0.0,0.0,0.0,0.0,0.6923076923076923,0.0,72
Nebraska,2014,9,4,6.22,37.8,5.37,26.4,0.413,0.301,0.462,0.5,-0.15,21.15,8.94,8.94,0.6923076923076923,0.6923076923076923,0.0,34.849999999999994,25.6,-0.5,34.849999999999994,25.6,-0.5,34.849999999999994,25.6,-0.5,0.6923076923076923,0.0,31.9,0.0,24.8,0.0,5.57,0.0,5.21,0.0,-0.85,0.0,0.6923076923076923,0.0,72
Nebraska,2015,6,7,6.09,32.8,5.88,27.8,0.448,0.34,0.625,0.36,-0.92,18.89,11.5,11.5,0.46153846153846156,0.6153846153846154,0.0,35.3,27.1,-0.535,34.166666666666664,26.333333333333332,-0.64,34.166666666666664,26.333333333333332,-0.64,0.6923076923076923,0.6923076923076923,37.8,31.9,26.4,24.8,6.22,5.57,5.37,5.21,-0.15,-0.85,0.6153846153846154,-0.15384615384615385,72
Nebraska,2016,9,4,5.36,26.5,5.53,23.9,0.439,0.374,0.571,0.462,0.38,0.0,10.67,10.67,0.6923076923076923,0.6153846153846154,0.0,29.65,25.85,-0.27,32.36666666666667,26.03333333333333,-0.22999999999999998,32.25,25.725,-0.385,0.46153846153846156,0.6923076923076923,32.8,37.8,27.8,26.4,6.09,6.22,5.88,5.37,-0.92,-0.15,0.6346153846153846,0.05769230769230771,72
Nebraska,2017,4,8,5.59,25.8,6.34,36.4,0.376,0.431,0.481,0.5,-0.58,1.0,10.09,10.09,0.3333333333333333,0.49572649572649574,-0.358974358974359,26.15,30.15,-0.09999999999999998,28.366666666666664,29.366666666666664,-0.37333333333333335,30.959999999999997,27.860000000000003,-0.42400000000000004,0.6923076923076923,0.46153846153846156,26.5,32.8,23.9,27.8,5.36,6.09,5.53,5.88,0.38,-0.92,0.5743589743589743,-0.241025641025641,72
Nebraska,2018,4,8,6.31,30.0,5.81,31.3,0.372,0.432,0.45,0.579,-0.17,0.0,11.28,11.28,0.3333333333333333,0.45299145299145294,-0.12820512820512825,27.9,33.85,-0.375,27.433333333333334,30.53333333333333,-0.12333333333333334,30.579999999999995,29.160000000000004,-0.288,0.3333333333333333,0.6923076923076923,25.8,26.5,36.4,23.9,5.59,5.36,6.34,5.53,-0.58,0.38,0.5341880341880342,-0.20085470085470086,72
Nebraska,2019,5,7,5.76,28.0,5.61,27.8,0.412,0.401,0.435,0.438,0.0,2.0,2.27,2.27,0.4166666666666667,0.3611111111111111,-0.2756410256410256,29.0,29.55,-0.085,27.933333333333334,31.833333333333332,-0.25,28.619999999999997,29.439999999999998,-0.258,0.3333333333333333,0.3333333333333333,30.0,25.8,31.3,36.4,6.31,5.59,5.81,6.34,-0.17,-0.58,0.5173992673992674,-0.10073260073260076,72
Nebraska,2020,3,5,5.56,23.1,5.46,29.4,0.365,0.405,0.615,0.65,-1.38,1.0,12.17,12.17,0.375,0.375,0.041666666666666685,25.55,28.6,-0.69,27.033333333333335,29.5,-0.5166666666666666,26.68,29.76,-0.35,0.4166666666666667,0.3333333333333333,28.0,30.0,27.8,31.3,5.76,6.31,5.61,5.81,0.0,-0.17,0.499599358974359,-0.12459935897435898,72
Nebraska,2021,3,9,6.46,27.9,5.3,22.7,0.41,0.389,0.583,0.3,-0.42,1.0,9.08,9.08,0.25,0.34722222222222227,-0.08333333333333331,25.5,26.049999999999997,-0.8999999999999999,26.333333333333332,26.633333333333336,-0.6,26.959999999999997,29.52,-0.51,0.375,0.4166666666666667,23.1,28.0,29.4,27.8,5.56,5.76,5.46,5.61,-1.38,0.0,0.4718660968660968,-0.22186609686609682,72
Nebraska,2022,4,8,5.43,22.6,5.48,27.6,0.4,0.424,0.429,0.667,-0.25,17.08,16.5,8.95,0.3333333333333333,0.3194444444444444,-0.08333333333333337,25.25,25.15,-0.33499999999999996,24.533333333333335,26.566666666666666,-0.6833333333333332,26.32,27.76,-0.44400000000000006,0.25,0.375,27.9,23.1,22.7,29.4,6.46,5.56,5.3,5.46,-0.42,-1.38,0.45801282051282055,-0.12467948717948724,72
Nebraska,2023,5,7,5.08,18.0,4.62,18.2,0.379,0.367,0.5,0.391,-1.42,18.19,7.58,7.58,0.4166666666666667,0.3333333333333333,0.041666666666666685,20.3,22.9,-0.835,22.833333333333332,22.833333333333332,-0.6966666666666667,23.919999999999998,25.14,-0.694,0.3333333333333333,0.25,22.6,27.9,27.6,22.7,5.43,6.46,5.48,5.3,-0.25,-0.42,0.45425407925407923,-0.03758741258741255,72
Nevada,2017,3,9,5.87,28.2,6.12,33.9,0.398,0.443,0.393,0.545,-0.17,1.0,16.5,16.5,0.25,0.25,0.5277777777777778,28.2,33.9,-0.17,28.2,33.9,-0.17,28.2,33.9,-0.17,0.0,0.0,0.0,0.0,0.0,0.0,0.0,0.0,0.0,0.0,0.0,0.0,0.25,0.0,73
Nevada,2018,8,5,6.03,31.1,5.25,26.9,0.324,0.305,0.533,0.485,-0.46,1.0,4.64,4.64,0.6153846153846154,0.4326923076923077,0.5277777777777778,29.65,30.4,-0.315,29.65,30.4,-0.315,29.65,30.4,-0.315,0.25,0.0,28.2,0.0,33.9,0.0,5.87,0.0,6.12,0.0,-0.17,0.0,0.4326923076923077,0.1826923076923077,73
Nevada,2019,7,6,5.02,21.3,6.07,31.9,0.371,0.351,0.583,0.6,-0.38,1.0,7.16,7.16,0.5384615384615384,0.4679487179487179,0.5277777777777778,26.200000000000003,29.4,-0.42000000000000004,26.866666666666664,30.899999999999995,-0.33666666666666667,26.866666666666664,30.899999999999995,-0.33666666666666667,0.6153846153846154,0.25,31.1,28.2,26.9,33.9,6.03,5.87,5.25,6.12,-0.46,-0.17,0.4679487179487179,0.07051282051282054,73
Nevada,2020,7,2,6.46,30.8,5.4,23.3,0.415,0.356,0.667,0.48,0.0,1.0,8.89,8.89,0.7777777777777778,0.6438746438746439,0.5277777777777778,26.05,27.6,-0.19000000000000003,27.733333333333334,27.366666666666664,-0.28,27.85,29.0,-0.2525,0.5384615384615384,0.6153846153846154,21.3,31.1,31.9,26.9,5.02,6.03,6.07,5.25,-0.38,-0.46,0.545405982905983,0.23237179487179482,73
Nevada,2021,8,5,6.07,35.7,5.55,26.5,0.42,0.387,0.571,0.517,1.31,1.0,10.14,10.14,0.6153846153846154,0.6438746438746439,0.0,33.25,24.9,0.655,29.26666666666667,27.233333333333334,0.31,29.420000000000005,28.5,0.06000000000000001,0.7777777777777778,0.5384615384615384,30.8,21.3,23.3,31.9,6.46,5.02,5.4,6.07,0.0,-0.38,0.5594017094017094,0.055982905982906006,73
Nevada,2022,2,10,4.43,18.8,5.84,30.9,0.356,0.423,0.5,0.647,0.17,19.27,7.15,9.73,0.16666666666666666,0.51994301994302,-0.3717948717948718,27.25,28.7,0.74,28.433333333333334,26.900000000000002,0.49333333333333335,27.540000000000003,27.9,0.12800000000000003,0.6153846153846154,0.7777777777777778,35.7,30.8,26.5,23.3,6.07,6.46,5.55,5.4,1.31,0.0,0.49394586894586895,-0.32727920227920226,73
Nevada,2023,2,10,4.57,17.3,6.89,33.4,0.304,0.415,0.435,0.611,-0.33,18.15,5.84,5.84,0.16666666666666666,0.3162393162393162,-0.6111111111111112,18.05,32.15,-0.08000000000000002,23.933333333333337,30.266666666666666,0.3833333333333333,24.78,29.2,0.154,0.16666666666666666,0.6153846153846154,18.8,35.7,30.9,26.5,4.43,6.07,5.84,5.55,0.17,1.31,0.4471916971916972,-0.2805250305250305,73
New Mexico,2017,3,9,5.5,20.7,6.13,31.8,0.301,0.383,0.435,0.545,-1.33,0.0,10.64,10.64,0.25,0.25,0.0357142857142857,20.7,31.8,-1.33,20.7,31.8,-1.33,20.7,31.8,-1.33,0.0,0.0,0.0,0.0,0.0,0.0,0.0,0.0,0.0,0.0,0.0,0.0,0.25,0.0,74
New Mexico,2018,3,9,5.0,26.6,6.32,36.2,0.373,0.433,0.333,0.563,-0.33,0.0,7.52,7.52,0.25,0.25,0.0357142857142857,23.65,34.0,-0.8300000000000001,23.65,34.0,-0.8300000000000001,23.65,34.0,-0.8300000000000001,0.25,0.0,20.7,0.0,31.8,0.0,5.5,0.0,6.13,0.0,-1.33,0.0,0.25,0.0,74
New Mexico,2019,2,10,5.77,22.3,6.71,37.2,0.367,0.422,0.375,0.667,-1.25,0.0,7.28,7.28,0.16666666666666666,0.2222222222222222,0.0357142857142857,24.450000000000003,36.7,-0.79,23.2,35.06666666666667,-0.9700000000000001,23.2,35.06666666666667,-0.9700000000000001,0.25,0.25,26.6,20.7,36.2,31.8,5.0,5.5,6.32,6.13,-0.33,-1.33,0.2222222222222222,-0.05555555555555555,74
New Mexico,2020,2,5,5.47,23.9,6.8,32.6,0.43,0.427,0.25,0.545,0.57,0.0,8.0,8.0,0.2857142857142857,0.2341269841269841,0.0357142857142857,23.1,34.900000000000006,-0.34,24.266666666666666,35.333333333333336,-0.3366666666666667,23.375,34.45,-0.5850000000000001,0.16666666666666666,0.25,22.3,26.6,37.2,36.2,5.77,5.0,6.71,6.32,-1.25,-0.33,0.23809523809523808,0.047619047619047616,74
New Mexico,2021,3,9,3.89,12.2,5.35,28.4,0.254,0.386,0.333,0.733,-0.58,0.0,9.21,9.21,0.25,0.2341269841269841,0.0,18.049999999999997,30.5,-0.0050000000000000044,19.46666666666667,32.733333333333334,-0.42,21.14,33.239999999999995,-0.584,0.2857142857142857,0.16666666666666666,23.9,22.3,32.6,37.2,5.47,5.77,6.8,6.71,0.57,-1.25,0.24047619047619045,0.009523809523809545,74
New Mexico,2022,2,10,3.94,13.1,5.54,26.0,0.22,0.341,0.267,0.696,0.33,22.4,6.47,6.77,0.16666666666666666,0.2341269841269841,0.0,12.649999999999999,27.2,-0.12499999999999997,16.4,29.0,0.10666666666666667,19.619999999999997,32.08,-0.252,0.25,0.2857142857142857,12.2,23.9,28.4,32.6,3.89,5.47,5.35,6.8,-0.58,0.57,0.22817460317460317,-0.06150793650793651,74
New Mexico,2023,4,8,6.21,27.2,6.74,35.1,0.414,0.371,0.643,0.5,-0.58,18.48,21.18,21.18,0.3333333333333333,0.25,0.047619047619047616,20.15,30.55,-0.12499999999999997,17.5,29.833333333333332,-0.2766666666666666,19.740000000000002,31.860000000000003,-0.302,0.16666666666666666,0.25,13.1,12.2,26.0,28.4,3.94,3.89,5.54,5.35,0.33,-0.58,0.24319727891156462,0.0901360544217687,74
New Mexico St.,2013,2,10,5.43,20.9,7.65,44.6,0.367,0.452,0.364,0.556,-0.5,23.85,9.11,9.11,0.16666666666666666,0.16666666666666666,0.08333333333333334,20.9,44.6,-0.5,20.9,44.6,-0.5,20.9,44.6,-0.5,0.0,0.0,0.0,0.0,0.0,0.0,0.0,0.0,0.0,0.0,0.0,0.0,0.16666666666666666,0.0,75
New Mexico St.,2014,2,10,5.48,24.5,6.51,39.1,0.414,0.446,0.577,0.833,-1.08,22.64,12.3,12.3,0.16666666666666666,0.16666666666666666,0.08333333333333334,22.7,41.85,-0.79,22.7,41.85,-0.79,22.7,41.85,-0.79,0.16666666666666666,0.0,20.9,0.0,44.6,0.0,5.43,0.0,7.65,0.0,-0.5,0.0,0.16666666666666666,0.0,75
New Mexico St.,2015,3,9,5.8,28.6,6.79,45.0,0.355,0.428,0.4,0.706,0.08,22.11,10.85,10.85,0.25,0.19444444444444442,0.08333333333333334,26.55,42.05,-0.5,24.666666666666668,42.9,-0.5,24.666666666666668,42.9,-0.5,0.16666666666666666,0.16666666666666666,24.5,20.9,39.1,44.6,5.48,5.43,6.51,7.65,-1.08,-0.5,0.19444444444444442,0.05555555555555558,75
New Mexico St.,2016,3,9,5.44,24.8,6.56,38.8,0.339,0.469,0.542,0.471,0.08,1.0,15.7,15.7,0.25,0.22222222222222224,0.08333333333333334,26.700000000000003,41.9,0.08,25.96666666666667,40.96666666666667,-0.3066666666666667,24.7,41.875,-0.35500000000000004,0.25,0.16666666666666666,28.6,24.5,45.0,39.1,5.8,5.48,6.79,6.51,0.08,-1.08,0.20833333333333331,0.041666666666666685,75
New Mexico St.,2017,7,6,5.82,29.3,5.36,29.7,0.438,0.296,0.538,0.579,-0.15,2.0,6.25,6.25,0.5384615384615384,0.3461538461538461,0.3717948717948718,27.05,34.25,-0.034999999999999996,27.566666666666666,37.833333333333336,0.003333333333333336,25.619999999999997,39.44,-0.314,0.25,0.25,24.8,28.6,38.8,45.0,5.44,5.8,6.56,6.79,0.08,0.08,0.2743589743589744,0.26410256410256405,75
New Mexico St.,2018,3,9,4.99,25.3,5.94,41.3,0.362,0.464,0.476,0.615,-0.67,1.0,15.48,15.48,0.25,0.3461538461538461,0.0,27.3,35.5,-0.41000000000000003,26.46666666666667,36.6,-0.24666666666666667,26.5,38.78,-0.34800000000000003,0.5384615384615384,0.25,29.3,24.8,29.7,38.8,5.82,5.44,5.36,6.56,-0.15,0.08,0.2702991452991453,-0.020299145299145283,75
New Mexico St.,2019,2,10,5.21,21.7,6.58,41.0,0.322,0.451,0.615,0.727,-1.25,1.0,9.48,9.48,0.16666666666666666,0.3183760683760683,-0.08333333333333334,23.5,41.15,-0.96,25.433333333333337,37.333333333333336,-0.69,25.939999999999998,39.160000000000004,-0.382,0.25,0.5384615384615384,25.3,29.3,41.3,29.7,4.99,5.82,5.94,5.36,-0.67,-0.15,0.25549450549450553,-0.08882783882783887,75
New Mexico St.,2021,2,10,4.99,22.6,7.36,40.4,0.377,0.409,0.45,0.533,0.25,0.0,11.39,11.39,0.16666666666666666,0.19444444444444442,-0.3717948717948718,22.15,40.7,-0.5,23.2,40.9,-0.5566666666666666,24.740000000000002,38.24,-0.34800000000000003,0.16666666666666666,0.25,21.7,25.3,41.0,41.3,5.21,4.99,6.58,5.94,-1.25,-0.67,0.24439102564102563,-0.07772435897435898,75
New Mexico St.,2022,7,6,5.67,25.5,5.01,23.9,0.39,0.373,0.688,0.522,-0.38,17.8,6.91,2.21,0.5384615384615384,0.2905982905982906,0.28846153846153844,24.05,32.15,-0.065,23.26666666666667,35.1,-0.45999999999999996,24.880000000000003,35.260000000000005,-0.44000000000000006,0.16666666666666666,0.16666666666666666,22.6,21.7,40.4,41.0,4.99,5.21,7.36,6.58,0.25,-1.25,0.27706552706552706,0.2613960113960114,75
New Mexico St.,2023,10,5,6.74,27.5,6.11,22.8,0.433,0.372,0.579,0.548,-0.13,19.71,8.25,8.25,0.6666666666666666,0.45726495726495725,0.5,26.5,23.35,-0.255,25.2,29.03333333333333,-0.0866666666666666,24.52,33.88,-0.43600000000000005,0.5384615384615384,0.16666666666666666,25.5,22.6,23.9,40.4,5.67,4.99,5.01,7.36,-0.38,0.25,0.316025641025641,0.3506410256410256,75
North Carolina,2013,7,6,5.87,32.7,5.28,24.5,0.41,0.4,0.667,0.333,0.15,23.11,2.89,2.89,0.5384615384615384,0.5384615384615384,0.07692307692307698,32.7,24.5,0.15,32.7,24.5,0.15,32.7,24.5,0.15,0.0,0.0,0.0,0.0,0.0,0.0,0.0,0.0,0.0,0.0,0.0,0.0,0.5384615384615384,0.0,76
North Carolina,2014,6,7,5.56,33.2,6.53,39.0,0.424,0.49,0.478,0.833,0.0,17.41,4.14,4.14,0.46153846153846156,0.5,0.07692307692307698,32.95,31.75,0.075,32.95,31.75,0.075,32.95,31.75,0.075,0.5384615384615384,0.0,32.7,0.0,24.5,0.0,5.87,0.0,5.28,0.0,0.15,0.0,0.5,-0.038461538461538436,76
North Carolina,2015,11,3,7.28,40.7,5.5,24.5,0.488,0.442,0.583,0.649,0.5,19.12,8.8,8.8,0.7857142857142857,0.5952380952380952,0.07692307692307698,36.95,31.75,0.25,35.53333333333334,29.333333333333332,0.21666666666666667,35.53333333333334,29.333333333333332,0.21666666666666667,0.46153846153846156,0.5384615384615384,33.2,32.7,39.0,24.5,5.56,5.87,6.53,5.28,0.0,0.15,0.5952380952380952,0.19047619047619047,76
North Carolina,2016,8,5,6.64,32.3,5.37,24.9,0.455,0.426,0.4,0.667,-0.15,0.0,0.22,0.22,0.6153846153846154,0.6208791208791209,0.07692307692307698,36.5,24.7,0.175,35.4,29.46666666666667,0.11666666666666665,34.725,28.225,0.125,0.7857142857142857,0.46153846153846156,40.7,33.2,24.5,39.0,7.28,5.56,5.5,6.53,0.5,0.0,0.6002747252747253,0.015109890109890167,76
North Carolina,2017,3,9,5.32,26.0,5.85,31.3,0.309,0.374,0.619,0.708,-0.5,1.0,12.67,12.67,0.25,0.5503663003663003,-0.21153846153846156,29.15,28.1,-0.325,33.0,26.900000000000002,-0.05000000000000001,32.980000000000004,28.839999999999996,0.0,0.6153846153846154,0.7857142857142857,32.3,40.7,24.9,24.5,6.64,7.28,5.37,5.5,-0.15,0.5,0.5302197802197802,-0.2802197802197802,76
North Carolina,2018,2,9,5.95,27.4,5.98,34.5,0.345,0.438,0.476,0.5,-0.55,0.0,3.5,3.5,0.18181818181818182,0.3490675990675991,-0.6038961038961039,26.7,32.900000000000006,-0.525,28.566666666666663,30.233333333333334,-0.4000000000000001,31.919999999999998,30.839999999999996,-0.14,0.25,0.6153846153846154,26.0,32.3,31.3,24.9,5.32,6.64,5.85,5.37,-0.5,-0.15,0.47215284715284717,-0.29033466533466534,76
North Carolina,2019,7,6,6.43,33.1,5.43,23.7,0.414,0.372,0.652,0.5,0.62,0.0,8.69,8.69,0.5384615384615384,0.3234265734265734,-0.07692307692307698,30.25,29.1,0.034999999999999976,28.833333333333332,29.83333333333334,-0.1433333333333334,31.9,27.78,-0.016000000000000014,0.18181818181818182,0.25,27.4,26.0,34.5,31.3,5.95,5.32,5.98,5.85,-0.55,-0.5,0.4816255173398031,0.05683602112173536,76
North Carolina,2020,8,3,7.81,43.0,5.67,28.4,0.476,0.379,0.625,0.5,-0.09,0.0,7.9,7.9,0.7272727272727273,0.4825174825174825,0.4772727272727273,38.05,26.050000000000004,0.265,34.5,28.866666666666664,-0.006666666666666682,32.36,28.560000000000002,-0.134,0.5384615384615384,0.18181818181818182,33.1,27.4,23.7,34.5,6.43,5.95,5.43,5.98,0.62,-0.55,0.5123314185814186,0.21494130869130867,76
North Carolina,2021,6,7,6.8,35.2,6.11,32.1,0.433,0.417,0.524,0.588,0.15,0.0,10.47,10.47,0.46153846153846156,0.5757575757575757,0.27972027972027974,39.1,30.25,0.03,37.1,28.066666666666666,0.22666666666666668,32.94,30.0,-0.07400000000000001,0.7272727272727273,0.5384615384615384,43.0,33.1,28.4,23.7,7.81,6.43,5.67,5.43,-0.09,0.62,0.5066877566877568,-0.04514929514929522,76
North Carolina,2022,9,5,6.27,34.4,6.14,30.8,0.463,0.418,0.676,0.5,0.0,23.68,13.31,7.24,0.6428571428571429,0.6105561105561106,0.10439560439560447,34.8,31.450000000000003,0.075,37.53333333333333,30.433333333333334,0.020000000000000007,34.62,29.9,0.02599999999999999,0.46153846153846156,0.7272727272727273,35.2,43.0,32.1,28.4,6.8,7.81,6.11,5.67,0.15,-0.09,0.5203046953046953,0.12255244755244765,76
North Carolina,2023,8,5,6.67,34.5,5.62,27.3,0.484,0.386,0.45,0.515,0.38,25.53,11.3,11.3,0.6153846153846154,0.5732600732600733,-0.11188811188811187,34.45,29.05,0.19,34.699999999999996,30.066666666666674,0.17666666666666667,36.040000000000006,28.46,0.21200000000000002,0.6428571428571429,0.46153846153846156,34.4,35.2,30.8,32.1,6.27,6.8,6.14,6.11,0.0,0.15,0.5289483244028699,0.08643629098174554,76
North Texas,2013,9,4,5.61,31.8,5.14,17.8,0.47,0.363,0.533,0.308,0.85,21.29,6.14,6.14,0.6923076923076923,0.6923076923076923,-0.30769230769230765,31.8,17.8,0.85,31.8,17.8,0.85,31.8,17.8,0.85,0.0,0.0,0.0,0.0,0.0,0.0,0.0,0.0,0.0,0.0,0.0,0.0,0.6923076923076923,0.0,77
North Texas,2014,4,8,4.87,27.2,5.48,29.8,0.387,0.384,0.462,0.611,0.0,16.37,10.7,10.7,0.3333333333333333,0.5128205128205128,-0.30769230769230765,29.5,23.8,0.425,29.5,23.8,0.425,29.5,23.8,0.425,0.6923076923076923,0.0,31.8,0.0,17.8,0.0,5.61,0.0,5.14,0.0,0.85,0.0,0.5128205128205128,-0.17948717948717946,77
North Texas,2015,1,11,4.56,15.2,6.67,41.3,0.326,0.524,0.444,0.529,-0.58,24.25,9.53,9.53,0.08333333333333333,0.3696581196581197,-0.30769230769230765,21.2,35.55,-0.29,24.733333333333334,29.633333333333336,0.09000000000000001,24.733333333333334,29.633333333333336,0.09000000000000001,0.3333333333333333,0.6923076923076923,27.2,31.8,29.8,17.8,4.87,5.61,5.48,5.14,0.0,0.85,0.3696581196581197,-0.28632478632478636,77
North Texas,2016,5,8,5.08,24.8,6.07,32.6,0.348,0.477,0.364,0.407,0.08,1.0,9.04,9.04,0.38461538461538464,0.2670940170940171,-0.30769230769230765,20.0,36.95,-0.24999999999999997,22.400000000000002,34.56666666666667,-0.16666666666666666,24.75,30.375,0.08750000000000001,0.08333333333333333,0.3333333333333333,15.2,27.2,41.3,29.8,4.56,4.87,6.67,5.48,-0.58,0.0,0.3733974358974359,0.011217948717948734,77
North Texas,2017,9,5,6.14,35.5,5.96,35.0,0.433,0.439,0.563,0.559,-0.79,2.0,3.0,3.0,0.6428571428571429,0.3702686202686203,0.3095238095238096,30.15,33.8,-0.355,25.166666666666668,36.300000000000004,-0.43,26.9,31.3,-0.088,0.38461538461538464,0.08333333333333333,24.8,15.2,32.6,41.3,5.08,4.56,6.07,6.67,0.08,-0.58,0.42728937728937727,0.21556776556776563,77
North Texas,2018,9,4,6.2,34.6,5.32,24.2,0.373,0.35,0.417,0.45,0.38,0.0,9.1,9.1,0.6923076923076923,0.5732600732600733,0.6089743589743589,35.05,29.6,-0.20499999999999996,31.633333333333336,30.599999999999998,-0.11000000000000003,27.46,32.58,-0.182,0.6428571428571429,0.38461538461538464,35.5,24.8,35.0,32.6,6.14,5.08,5.96,6.07,-0.79,0.08,0.4714590964590964,0.2208485958485959,77
North Texas,2019,4,8,5.91,30.6,5.73,32.5,0.37,0.418,0.563,0.5,-0.5,2.0,10.62,10.62,0.3333333333333333,0.5561660561660562,-0.05128205128205132,32.6,28.35,-0.05999999999999994,33.56666666666667,30.566666666666666,-0.3033333333333334,28.139999999999997,33.120000000000005,-0.282,0.6923076923076923,0.6428571428571429,34.6,35.5,24.2,35.0,6.2,6.14,5.32,5.96,0.38,-0.79,0.45172684458398743,-0.11839351125065412,77
North Texas,2020,4,6,6.59,34.4,6.94,42.8,0.467,0.472,0.458,0.429,-0.6,0.0,4.91,4.91,0.4,0.47521367521367525,-0.24285714285714288,32.5,37.65,-0.5499999999999999,33.199999999999996,33.166666666666664,-0.24000000000000002,31.98,33.42,-0.286,0.3333333333333333,0.6923076923076923,30.6,34.6,32.5,24.2,5.91,6.2,5.73,5.32,-0.5,0.38,0.445260989010989,-0.04526098901098896,77
North Texas,2021,6,7,5.42,27.5,5.69,27.5,0.412,0.388,0.41,0.619,0.0,0.0,9.59,9.59,0.46153846153846156,0.39829059829059826,-0.23076923076923073,30.95,35.15,-0.29999999999999993,30.833333333333332,34.266666666666666,-0.3666666666666667,32.52,32.4,-0.302,0.4,0.3333333333333333,34.4,30.6,42.8,32.5,6.59,5.91,6.94,5.73,-0.6,-0.5,0.44706959706959704,0.014468864468864528,77
North Texas,2022,7,7,6.68,33.8,6.08,31.7,0.429,0.458,0.565,0.533,-0.43,20.35,4.45,2.67,0.5,0.45384615384615384,0.16666666666666669,30.65,29.6,-0.21499999999999994,31.899999999999995,34.0,-0.3433333333333333,32.18,31.74,-0.22999999999999998,0.46153846153846156,0.4,27.5,34.4,27.5,42.8,5.42,6.59,5.69,6.94,0.0,-0.6,0.4523626373626374,0.047637362637362624,77
North Texas,2023,5,7,6.53,34.5,6.56,37.1,0.422,0.462,0.6,0.593,-0.42,11.2,4.75,4.75,0.4166666666666667,0.4594017094017094,0.016666666666666663,34.15,34.4,-0.42499999999999993,31.933333333333334,32.1,-0.2833333333333334,32.160000000000004,34.32000000000001,-0.38999999999999996,0.5,0.46153846153846156,33.8,27.5,31.7,27.5,6.68,5.42,6.08,5.69,-0.43,0.0,0.44911754911754914,-0.03245088245088246,77
Northern Ill.,2013,12,2,6.78,39.6,5.44,25.1,0.452,0.387,0.667,0.467,0.93,20.23,6.43,6.43,0.8571428571428571,0.8571428571428571,-0.4404761904761904,39.6,25.1,0.93,39.6,25.1,0.93,39.6,25.1,0.93,0.0,0.0,0.0,0.0,0.0,0.0,0.0,0.0,0.0,0.0,0.0,0.0,0.8571428571428571,0.0,78
Northern Ill.,2014,11,3,5.76,31.5,5.5,25.6,0.478,0.437,0.571,0.412,0.86,19.38,3.83,3.83,0.7857142857142857,0.8214285714285714,-0.4404761904761904,35.55,25.35,0.895,35.55,25.35,0.895,35.55,25.35,0.895,0.8571428571428571,0.0,39.6,0.0,25.1,0.0,6.78,0.0,5.44,0.0,0.93,0.0,0.8214285714285714,-0.0357142857142857,78
Northern Ill.,2015,8,6,5.33,31.1,5.18,27.6,0.375,0.409,0.515,0.517,0.14,16.88,7.06,7.06,0.5714285714285714,0.7380952380952381,-0.4404761904761904,31.3,26.6,0.5,34.06666666666667,26.100000000000005,0.6433333333333334,34.06666666666667,26.100000000000005,0.6433333333333334,0.7857142857142857,0.8571428571428571,31.5,39.6,25.6,25.1,5.76,6.78,5.5,5.44,0.86,0.93,0.7380952380952381,-0.16666666666666674,78
Northern Ill.,2016,5,7,5.86,30.5,5.79,30.3,0.414,0.378,0.474,0.667,-0.08,0.0,3.88,3.88,0.4166666666666667,0.5912698412698413,-0.4404761904761904,30.8,28.950000000000003,0.030000000000000006,31.03333333333333,27.833333333333332,0.30666666666666664,33.175,27.150000000000002,0.4625,0.5714285714285714,0.7857142857142857,31.1,31.5,27.6,25.6,5.33,5.76,5.18,5.5,0.14,0.86,0.6577380952380952,-0.24107142857142855,78
Northern Ill.,2017,8,5,5.1,28.9,4.62,22.0,0.392,0.305,0.294,0.556,-0.15,1.0,7.17,7.17,0.6153846153846154,0.5344932844932845,-0.17032967032967028,29.7,26.15,-0.11499999999999999,30.166666666666668,26.633333333333336,-0.02999999999999999,32.32,26.119999999999997,0.34,0.4166666666666667,0.5714285714285714,30.5,31.1,30.3,27.6,5.86,5.33,5.79,5.18,-0.08,0.14,0.6492673992673993,-0.03388278388278387,78
Northern Ill.,2018,8,6,4.52,20.1,4.78,22.6,0.36,0.389,0.385,0.5,-0.07,0.0,5.53,5.53,0.5714285714285714,0.5344932844932845,0.0,24.5,22.3,-0.11,26.5,24.96666666666667,-0.09999999999999999,28.420000000000005,25.620000000000005,0.13999999999999999,0.6153846153846154,0.4166666666666667,28.9,30.5,22.0,30.3,5.1,5.86,4.62,5.79,-0.15,-0.08,0.6362942612942613,-0.06486568986568986,78
Northern Ill.,2019,5,7,5.22,22.8,6.08,28.2,0.322,0.34,0.522,0.444,-0.5,0.0,6.47,6.47,0.4166666666666667,0.5344932844932845,0.0,21.450000000000003,25.4,-0.28500000000000003,23.933333333333334,24.26666666666667,-0.24,26.68,26.139999999999997,-0.13199999999999998,0.5714285714285714,0.6153846153846154,20.1,28.9,22.6,22.0,4.52,5.1,4.78,4.62,-0.07,-0.15,0.6049188906331764,-0.1882522239665097,78
Northern Ill.,2020,0,6,4.99,24.8,6.63,38.7,0.286,0.311,0.632,0.636,-0.5,1.0,5.22,5.22,0.0,0.32936507936507936,-0.6153846153846154,23.8,33.45,-0.5,22.566666666666666,29.833333333333332,-0.3566666666666667,25.419999999999998,28.360000000000003,-0.25999999999999995,0.4166666666666667,0.5714285714285714,22.8,20.1,28.2,22.6,5.22,4.52,6.08,4.78,-0.5,-0.07,0.5293040293040293,-0.5293040293040293,78
Northwestern,2013,5,7,5.39,26.2,5.46,27.1,0.399,0.401,0.429,0.5,0.25,19.28,3.81,3.81,0.4166666666666667,0.4166666666666667,0.12179487179487175,26.2,27.1,0.25,26.2,27.1,0.25,26.2,27.1,0.25,0.0,0.0,0.0,0.0,0.0,0.0,0.0,0.0,0.0,0.0,0.0,0.0,0.4166666666666667,0.0,79
Northwestern,2014,5,7,4.5,23.0,5.25,25.2,0.4,0.387,0.483,0.476,0.33,19.49,7.48,7.48,0.4166666666666667,0.4166666666666667,0.12179487179487175,24.6,26.15,0.29000000000000004,24.6,26.15,0.29000000000000004,24.6,26.15,0.29000000000000004,0.4166666666666667,0.0,26.2,0.0,27.1,0.0,5.39,0.0,5.46,0.0,0.25,0.0,0.4166666666666667,0.0,79
Northwestern,2015,10,3,4.47,19.5,4.53,18.6,0.409,0.325,0.455,0.458,0.08,20.72,1.94,1.94,0.7692307692307693,0.5341880341880342,0.12179487179487175,21.25,21.9,0.20500000000000002,22.900000000000002,23.633333333333336,0.22,22.900000000000002,23.633333333333336,0.22,0.4166666666666667,0.4166666666666667,23.0,26.2,25.2,27.1,4.5,5.39,5.25,5.46,0.33,0.25,0.5341880341880342,0.2350427350427351,79
Northwestern,2016,7,6,5.26,26.0,5.4,22.2,0.395,0.365,0.5,0.538,0.69,0.0,9.54,9.54,0.5384615384615384,0.5747863247863249,0.12179487179487175,22.75,20.4,0.385,22.833333333333332,22.0,0.3666666666666667,23.675,23.275,0.3375,0.7692307692307693,0.4166666666666667,19.5,23.0,18.6,25.2,4.47,4.5,4.53,5.25,0.08,0.33,0.5352564102564102,0.0032051282051281937,79
Northwestern,2017,10,3,5.31,29.2,5.02,20.1,0.355,0.361,0.564,0.364,0.54,0.0,5.79,5.79,0.7692307692307693,0.6923076923076924,0.3525641025641026,27.6,21.15,0.615,24.899999999999995,20.3,0.4366666666666667,24.78,22.64,0.378,0.5384615384615384,0.7692307692307693,26.0,19.5,22.2,18.6,5.26,4.47,5.4,4.53,0.69,0.08,0.5820512820512821,0.18717948717948718,79
Northwestern,2018,9,5,4.74,24.2,5.57,23.2,0.387,0.366,0.375,0.348,0.5,0.0,5.95,5.95,0.6428571428571429,0.6501831501831502,-0.12637362637362637,26.7,21.65,0.52,26.466666666666665,21.833333333333332,0.5766666666666667,24.38,21.86,0.42800000000000005,0.7692307692307693,0.5384615384615384,29.2,26.0,20.1,22.2,5.31,5.26,5.02,5.4,0.54,0.69,0.5921855921855922,0.050671550671550714,79
Northwestern,2019,3,9,4.23,16.3,5.06,23.6,0.358,0.406,0.393,0.385,-0.83,0.0,2.82,2.82,0.25,0.5540293040293042,-0.28846153846153844,20.25,23.4,-0.16499999999999992,23.23333333333333,22.3,0.07000000000000006,23.04,21.54,0.196,0.6428571428571429,0.7692307692307693,24.2,29.2,23.2,20.1,4.74,5.31,5.57,5.02,0.5,0.54,0.5433019361590791,-0.29330193615907907,79
Northwestern,2020,6,2,4.71,23.4,4.81,15.5,0.391,0.314,0.714,0.6,0.38,0.0,2.5,2.5,0.75,0.5476190476190476,-0.019230769230769273,19.85,19.55,-0.22499999999999992,21.3,20.766666666666666,0.01666666666666668,23.82,20.919999999999998,0.256,0.25,0.6428571428571429,16.3,24.2,23.6,23.2,4.23,4.74,5.06,5.57,-0.83,0.5,0.5691391941391941,0.18086080586080588,79
Northwestern,2021,3,9,4.72,16.6,6.14,29.0,0.358,0.428,0.5,0.583,-0.5,0.0,9.0,9.0,0.25,0.4166666666666667,-0.3928571428571429,20.0,22.25,-0.05999999999999994,18.76666666666667,22.7,-0.31666666666666665,21.939999999999998,22.28,0.018000000000000016,0.75,0.25,23.4,16.3,15.5,23.6,4.71,4.23,4.81,5.06,0.38,-0.83,0.5336792836792836,-0.28367928367928363,79
Northwestern,2022,1,11,4.54,13.8,5.56,28.3,0.373,0.418,0.475,0.706,-1.58,16.73,2.38,7.54,0.08333333333333333,0.3611111111111111,-0.16666666666666669,15.200000000000001,28.65,-1.04,17.933333333333334,24.26666666666667,-0.5666666666666668,18.860000000000003,23.919999999999998,-0.406,0.25,0.75,16.6,23.4,29.0,15.5,4.72,4.71,6.14,4.81,-0.5,0.38,0.4886446886446887,-0.40531135531135537,79
Northwestern,2023,8,5,4.66,22.1,5.14,22.5,0.408,0.397,0.214,0.5,1.0,16.92,1.57,1.57,0.6153846153846154,0.3162393162393163,-0.13461538461538458,17.950000000000003,25.4,-0.29000000000000004,17.5,26.600000000000005,-0.36000000000000004,18.44,23.78,-0.306,0.08333333333333333,0.25,13.8,16.6,28.3,29.0,4.54,4.72,5.56,6.14,-1.58,-0.5,0.5001665001665002,0.1152181152181152,79
Notre Dame,2013,9,4,6.08,27.2,5.12,22.4,0.42,0.419,0.385,0.316,0.0,25.68,9.47,9.47,0.6923076923076923,0.6923076923076923,-0.358974358974359,27.2,22.4,0.0,27.2,22.4,0.0,27.2,22.4,0.0,0.0,0.0,0.0,0.0,0.0,0.0,0.0,0.0,0.0,0.0,0.0,0.0,0.6923076923076923,0.0,80
Notre Dame,2014,8,5,6.11,32.8,5.6,29.2,0.474,0.411,0.5,0.458,-0.23,23.42,5.33,5.33,0.6153846153846154,0.6538461538461539,-0.358974358974359,30.0,25.799999999999997,-0.115,30.0,25.799999999999997,-0.115,30.0,25.799999999999997,-0.115,0.6923076923076923,0.0,27.2,0.0,22.4,0.0,6.08,0.0,5.12,0.0,0.0,0.0,0.6538461538461539,-0.038461538461538436,80
Notre Dame,2015,10,3,7.02,34.2,5.57,24.1,0.425,0.351,0.625,0.636,-0.46,22.12,8.82,8.82,0.7692307692307693,0.6923076923076924,-0.358974358974359,33.5,26.65,-0.34500000000000003,31.400000000000002,25.233333333333334,-0.23,31.400000000000002,25.233333333333334,-0.23,0.6153846153846154,0.6923076923076923,32.8,27.2,29.2,22.4,6.11,6.08,5.6,5.12,-0.23,0.0,0.6923076923076924,0.07692307692307687,80
Notre Dame,2016,4,8,6.07,30.9,5.4,27.8,0.405,0.39,0.65,0.522,-0.33,2.0,15.05,15.05,0.3333333333333333,0.5726495726495727,-0.358974358974359,32.55,25.950000000000003,-0.395,32.63333333333333,27.03333333333333,-0.34,31.275,25.875,-0.255,0.7692307692307693,0.6153846153846154,34.2,32.8,24.1,29.2,7.02,6.11,5.57,5.6,-0.46,-0.23,0.6025641025641025,-0.2692307692307692,80
Notre Dame,2017,10,3,6.39,34.2,5.05,21.5,0.438,0.353,0.556,0.458,0.23,0.0,8.41,8.41,0.7692307692307693,0.6239316239316239,0.15384615384615385,32.55,24.65,-0.049999999999999975,33.1,24.46666666666667,-0.18666666666666668,31.860000000000003,25.0,-0.158,0.3333333333333333,0.7692307692307693,30.9,34.2,27.8,24.1,6.07,7.02,5.4,5.57,-0.33,-0.46,0.635897435897436,0.1333333333333333,80
Notre Dame,2018,12,1,6.0,31.4,4.72,18.2,0.43,0.389,0.64,0.52,0.31,2.0,8.28,8.28,0.9230769230769231,0.6752136752136751,0.15384615384615385,32.8,19.85,0.27,32.166666666666664,22.5,0.07000000000000002,32.7,24.16,-0.096,0.7692307692307693,0.3333333333333333,34.2,30.9,21.5,27.8,6.39,6.07,5.05,5.4,0.23,-0.33,0.6837606837606837,0.23931623931623947,80
Notre Dame,2019,11,2,6.33,36.8,4.68,17.9,0.402,0.323,0.68,0.455,1.31,0.0,3.89,3.89,0.8461538461538461,0.8461538461538461,0.5128205128205128,34.099999999999994,18.049999999999997,0.81,34.13333333333333,19.2,0.6166666666666667,33.5,21.9,0.21200000000000002,0.9230769230769231,0.7692307692307693,31.4,34.2,18.2,21.5,6.0,6.39,4.72,5.05,0.31,0.23,0.706959706959707,0.13919413919413914,80
Notre Dame,2020,10,1,6.35,35.2,5.37,18.6,0.493,0.294,0.615,0.444,0.64,0.0,2.18,2.18,0.9090909090909091,0.8927738927738927,0.1398601398601398,36.0,18.25,0.9750000000000001,34.46666666666666,18.233333333333334,0.7533333333333334,33.7,20.8,0.43200000000000005,0.8461538461538461,0.9230769230769231,36.8,31.4,17.9,18.2,6.33,6.0,4.68,4.72,1.31,0.31,0.7322261072261073,0.1768648018648018,80
Notre Dame,2021,11,2,6.14,35.2,5.26,19.7,0.423,0.321,0.529,0.562,0.69,0.0,6.31,6.31,0.8461538461538461,0.8671328671328671,-0.07692307692307698,35.2,19.15,0.665,35.733333333333334,18.73333333333333,0.88,34.56,19.18,0.636,0.9090909090909091,0.8461538461538461,35.2,36.8,18.6,17.9,6.35,6.33,5.37,4.68,0.64,1.31,0.7448847448847449,0.10126910126910127,80
Notre Dame,2022,9,4,5.92,31.8,5.15,23.0,0.472,0.363,0.438,0.455,-0.23,19.28,10.13,8.1,0.6923076923076923,0.8158508158508159,-0.15384615384615385,33.5,21.35,0.22999999999999998,34.06666666666667,20.433333333333334,0.36666666666666664,34.08,19.48,0.544,0.8461538461538461,0.9090909090909091,35.2,35.2,19.7,18.6,6.14,6.35,5.26,5.37,0.69,0.64,0.7396270396270397,-0.04731934731934739,80
Notre Dame,2023,10,3,6.95,39.2,4.44,15.9,0.448,0.346,0.588,0.417,0.54,21.2,10.13,10.13,0.7692307692307693,0.7692307692307692,-0.1398601398601398,35.5,19.45,0.15500000000000003,35.4,19.533333333333335,0.3333333333333333,35.64,19.02,0.5900000000000001,0.6923076923076923,0.8461538461538461,31.8,35.2,23.0,19.7,5.92,6.14,5.15,5.26,-0.23,0.69,0.7423182877728333,0.02691248145793601,80
Ohio,2013,7,6,5.56,27.4,5.75,27.5,0.392,0.442,0.417,0.571,-0.15,17.7,4.53,4.53,0.5384615384615384,0.5384615384615384,0.03296703296703296,27.4,27.5,-0.15,27.4,27.5,-0.15,27.4,27.5,-0.15,0.0,0.0,0.0,0.0,0.0,0.0,0.0,0.0,0.0,0.0,0.0,0.0,0.5384615384615384,0.0,81
Ohio,2014,6,6,5.26,20.5,5.58,24.8,0.397,0.427,0.462,0.5,-0.33,19.73,5.86,5.86,0.5,0.5192307692307692,0.03296703296703296,23.95,26.15,-0.24,23.95,26.15,-0.24,23.95,26.15,-0.24,0.5384615384615384,0.0,27.4,0.0,27.5,0.0,5.56,0.0,5.75,0.0,-0.15,0.0,0.5192307692307692,-0.019230769230769162,81
Ohio,2015,8,5,5.65,27.5,5.7,25.3,0.408,0.331,0.55,0.524,0.38,18.66,2.78,2.78,0.6153846153846154,0.5512820512820512,0.03296703296703296,24.0,25.05,0.024999999999999994,25.133333333333336,25.866666666666664,-0.03333333333333335,25.133333333333336,25.866666666666664,-0.03333333333333335,0.5,0.5384615384615384,20.5,27.4,24.8,27.5,5.26,5.56,5.58,5.75,-0.33,-0.15,0.5512820512820512,0.06410256410256421,81
Ohio,2016,8,6,5.47,26.3,5.13,22.6,0.377,0.387,0.444,0.55,0.07,1.0,4.61,4.61,0.5714285714285714,0.5622710622710624,0.03296703296703296,26.9,23.950000000000003,0.22499999999999998,24.766666666666666,24.233333333333334,0.03999999999999999,25.425,25.05,-0.007500000000000007,0.6153846153846154,0.5,27.5,20.5,25.3,24.8,5.65,5.26,5.7,5.58,0.38,-0.33,0.5563186813186813,0.015109890109890056,81
Ohio,2017,9,4,6.43,39.1,5.3,24.2,0.411,0.299,0.667,0.4,-0.31,0.0,5.83,5.83,0.6923076923076923,0.6263736263736264,0.1923076923076923,32.7,23.4,-0.12000000000000002,30.96666666666667,24.033333333333335,0.046666666666666655,28.160000000000004,24.880000000000003,-0.068,0.5714285714285714,0.6153846153846154,26.3,27.5,22.6,25.3,5.47,5.65,5.13,5.7,0.07,0.38,0.5835164835164834,0.10879120879120885,81
Ohio,2018,9,4,7.0,40.1,6.09,24.6,0.487,0.438,0.692,0.467,1.0,0.0,6.33,6.33,0.6923076923076923,0.652014652014652,0.07692307692307687,39.60000000000001,24.4,0.345,35.166666666666664,23.8,0.25333333333333335,30.7,24.3,0.16199999999999998,0.6923076923076923,0.5714285714285714,39.1,26.3,24.2,22.6,6.43,5.47,5.3,5.13,-0.31,0.07,0.6016483516483516,0.09065934065934067,81
Ohio,2019,7,6,6.68,34.3,5.95,26.5,0.494,0.395,0.556,0.579,-0.31,0.0,6.13,6.13,0.5384615384615384,0.641025641025641,-0.03296703296703296,37.2,25.55,0.345,37.833333333333336,25.099999999999998,0.12666666666666665,33.459999999999994,24.64,0.16599999999999998,0.6923076923076923,0.6923076923076923,40.1,39.1,24.6,24.2,7.0,6.43,6.09,5.3,1.0,-0.31,0.5926216640502354,-0.05416012558869698,81
Ohio,2020,2,1,6.36,34.3,5.48,16.7,0.375,0.341,0.0,0.364,1.33,0.0,0.0,0.0,0.6666666666666666,0.6324786324786325,-0.02564102564102566,34.3,21.6,0.51,36.23333333333333,22.599999999999998,0.6733333333333333,34.82,22.92,0.356,0.5384615384615384,0.6923076923076923,34.3,40.1,26.5,24.6,6.68,7.0,5.95,6.09,-0.31,1.0,0.6018772893772893,0.06478937728937728,81
Ohio,2021,3,9,5.97,22.6,5.98,30.3,0.361,0.437,0.647,0.577,-0.58,0.0,10.5,10.5,0.25,0.48504273504273493,-0.4423076923076923,28.45,23.5,0.37500000000000006,30.400000000000002,24.5,0.1466666666666667,34.08,24.46,0.22599999999999998,0.6666666666666666,0.5384615384615384,34.3,34.3,16.7,26.5,6.36,6.68,5.48,5.95,1.33,-0.31,0.5627798127798127,-0.3127798127798127,81
Ohio,2022,10,4,6.16,31.8,6.16,28.3,0.417,0.392,0.353,0.382,0.86,19.91,2.07,8.5,0.7142857142857143,0.5436507936507936,0.17582417582417587,27.200000000000003,29.3,0.14,29.566666666666666,25.100000000000005,0.5366666666666666,32.620000000000005,25.28,0.45999999999999996,0.25,0.6666666666666666,22.6,34.3,30.3,16.7,5.97,6.36,5.98,5.48,-0.58,1.33,0.5779304029304029,0.13635531135531143,81
Ohio,2023,10,3,5.21,24.3,4.82,15.8,0.457,0.304,0.5,0.484,0.77,17.74,15.36,15.36,0.7692307692307693,0.5778388278388279,0.10256410256410264,28.05,22.05,0.815,26.233333333333334,24.8,0.3499999999999999,29.459999999999997,23.520000000000003,0.41400000000000003,0.7142857142857143,0.25,31.8,22.6,28.3,30.3,6.16,5.97,6.16,5.98,0.86,-0.58,0.5953213453213453,0.173909423909424,81
Ohio St.,2013,12,2,7.15,45.5,5.28,22.6,0.467,0.356,0.636,0.542,0.36,18.39,16.43,16.43,0.8571428571428571,0.8571428571428571,-0.01098901098901095,45.5,22.6,0.36,45.5,22.6,0.36,45.5,22.6,0.36,0.0,0.0,0.0,0.0,0.0,0.0,0.0,0.0,0.0,0.0,0.0,0.0,0.8571428571428571,0.0,82
Ohio St.,2014,14,1,6.98,44.8,4.98,22.0,0.52,0.344,0.591,0.526,0.47,17.24,5.8,5.8,0.9333333333333333,0.8952380952380952,-0.01098901098901095,45.15,22.3,0.415,45.15,22.3,0.415,45.15,22.3,0.415,0.8571428571428571,0.0,45.5,0.0,22.6,0.0,7.15,0.0,5.28,0.0,0.36,0.0,0.8952380952380952,0.03809523809523818,82
Ohio St.,2015,12,1,6.33,35.7,4.5,15.1,0.407,0.349,0.579,0.391,0.23,16.26,3.58,3.58,0.9230769230769231,0.9045177045177045,-0.01098901098901095,40.25,18.55,0.35,42.0,19.900000000000002,0.35333333333333333,42.0,19.900000000000002,0.35333333333333333,0.9333333333333333,0.8571428571428571,44.8,45.5,22.0,22.6,6.98,7.15,4.98,5.28,0.47,0.36,0.9045177045177045,0.018559218559218604,82
Ohio St.,2016,11,2,6.02,39.4,4.37,15.5,0.467,0.322,0.619,0.348,1.15,1.0,3.93,3.93,0.8461538461538461,0.9008547008547009,-0.01098901098901095,37.55,15.3,0.69,39.96666666666667,17.533333333333335,0.6166666666666667,41.35,18.8,0.5525,0.9230769230769231,0.9333333333333333,35.7,44.8,15.1,22.0,6.33,6.98,4.5,4.98,0.23,0.47,0.8899267399267399,-0.04377289377289373,82
Ohio St.,2017,12,2,6.88,41.1,4.44,19.0,0.465,0.321,0.682,0.481,0.36,2.0,7.71,7.71,0.8571428571428571,0.8754578754578755,-0.07619047619047625,40.25,17.25,0.7549999999999999,38.733333333333334,16.533333333333335,0.5800000000000001,41.3,18.84,0.514,0.8461538461538461,0.9230769230769231,39.4,35.7,15.5,15.1,6.02,6.33,4.37,4.5,1.15,0.23,0.8833699633699634,-0.026227106227106334,82
Ohio St.,2018,13,1,6.63,42.4,5.77,25.5,0.466,0.327,0.667,0.474,0.43,0.0,3.31,3.31,0.9285714285714286,0.8772893772893773,0.005494505494505475,41.75,22.25,0.395,40.96666666666667,20.0,0.6466666666666667,40.68,19.419999999999998,0.528,0.8571428571428571,0.8461538461538461,41.1,39.4,19.0,15.5,6.88,6.02,4.44,4.37,0.36,1.15,0.8909035409035408,0.037667887667887756,82
Ohio St.,2019,13,1,6.94,46.9,4.13,13.7,0.552,0.291,0.615,0.35,0.64,0.0,3.0,3.0,0.9285714285714286,0.9047619047619048,0.08241758241758246,44.65,19.6,0.5349999999999999,43.46666666666666,19.400000000000002,0.47666666666666674,41.1,17.759999999999998,0.5619999999999999,0.9285714285714286,0.8571428571428571,42.4,41.1,25.5,19.0,6.63,6.88,5.77,4.44,0.43,0.36,0.8962846677132391,0.03228676085818949,82
Ohio St.,2020,6,0,7.28,42.5,5.42,21.0,0.512,0.341,0.714,0.545,1.33,0.0,26.67,26.67,1.0,0.9523809523809524,0.1428571428571429,44.7,17.35,0.985,43.93333333333334,20.066666666666666,0.8000000000000002,42.46,18.94,0.782,0.9285714285714286,0.9285714285714286,46.9,42.4,13.7,25.5,6.94,6.63,4.13,5.77,0.64,0.43,0.9092490842490842,0.09075091575091576,82
Ohio St.,2021,11,2,7.96,45.7,5.33,22.8,0.523,0.414,0.579,0.476,0.69,1.0,5.86,5.86,0.8461538461538461,0.9249084249084248,-0.08241758241758246,44.1,21.9,1.0099999999999998,45.03333333333333,19.166666666666668,0.8866666666666667,43.72,20.4,0.6900000000000001,1.0,0.9285714285714286,42.5,46.9,21.0,13.7,7.28,6.94,5.42,4.13,1.33,0.64,0.9022385022385022,-0.05608465608465607,82
Ohio St.,2022,11,2,7.28,44.2,5.18,21.0,0.452,0.299,0.706,0.36,0.62,19.0,6.67,7.11,0.8461538461538461,0.8974358974358974,-0.08241758241758246,44.95,21.9,0.6549999999999998,44.13333333333333,21.599999999999998,0.8800000000000002,44.339999999999996,20.8,0.742,0.8461538461538461,1.0,45.7,42.5,22.8,21.0,7.96,7.28,5.33,5.42,0.69,1.33,0.8966300366300366,-0.05047619047619045,82
Ohio St.,2023,11,2,6.38,30.5,4.17,11.2,0.436,0.286,0.556,0.5,-0.15,17.93,12.36,12.36,0.8461538461538461,0.8461538461538461,-0.15384615384615385,37.35,16.1,0.23499999999999988,40.13333333333333,18.333333333333332,0.3866666666666667,41.96,17.94,0.626,0.8461538461538461,0.8461538461538461,44.2,45.7,21.0,22.8,7.28,7.96,5.18,5.33,0.62,0.69,0.8920412920412921,-0.04588744588744598,82
Oklahoma,2013,11,2,5.84,32.8,5.38,22.1,0.395,0.337,0.688,0.357,0.62,23.28,15.6,15.6,0.8461538461538461,0.8461538461538461,0.0,32.8,22.1,0.62,32.8,22.1,0.62,32.8,22.1,0.62,0.0,0.0,0.0,0.0,0.0,0.0,0.0,0.0,0.0,0.0,0.0,0.0,0.8461538461538461,0.0,83
Oklahoma,2014,8,5,6.41,36.4,5.14,25.9,0.404,0.383,0.6,0.529,-0.38,21.31,10.65,10.65,0.6153846153846154,0.7307692307692308,0.0,34.599999999999994,24.0,0.12,34.599999999999994,24.0,0.12,34.599999999999994,24.0,0.12,0.8461538461538461,0.0,32.8,0.0,22.1,0.0,5.84,0.0,5.38,0.0,0.62,0.0,0.7307692307692308,-0.11538461538461542,83
Oklahoma,2015,11,2,6.8,43.5,4.79,22.0,0.436,0.404,0.529,0.429,0.69,21.46,1.09,1.09,0.8461538461538461,0.7692307692307692,0.0,39.95,23.95,0.15499999999999997,37.56666666666666,23.333333333333332,0.31,37.56666666666666,23.333333333333332,0.31,0.6153846153846154,0.8461538461538461,36.4,32.8,25.9,22.1,6.41,5.84,5.14,5.38,-0.38,0.62,0.7692307692307692,0.07692307692307698,83
Oklahoma,2016,11,2,7.54,43.9,5.85,28.8,0.515,0.426,0.538,0.556,0.0,0.0,7.44,7.44,0.8461538461538461,0.7692307692307692,0.0,43.7,25.4,0.345,41.266666666666666,25.566666666666666,0.10333333333333332,39.15,24.7,0.23249999999999998,0.8461538461538461,0.6153846153846154,43.5,36.4,22.0,25.9,6.8,6.41,4.79,5.14,0.69,-0.38,0.7884615384615384,0.05769230769230771,83
Oklahoma,2017,12,2,8.29,45.1,5.84,27.1,0.426,0.38,0.522,0.591,0.36,0.0,16.38,16.38,0.8571428571428571,0.8498168498168498,0.24175824175824168,44.5,27.950000000000003,0.18,44.166666666666664,25.96666666666667,0.3499999999999999,40.339999999999996,25.18,0.258,0.8461538461538461,0.8461538461538461,43.9,43.5,28.8,22.0,7.54,6.8,5.85,4.79,0.0,0.69,0.8021978021978022,0.05494505494505486,83
Oklahoma,2018,12,2,8.6,48.4,6.13,33.3,0.507,0.464,0.688,0.667,-0.14,1.0,3.5,3.5,0.8571428571428571,0.8534798534798534,0.01098901098901095,46.75,30.200000000000003,0.10999999999999999,45.800000000000004,29.733333333333334,0.07333333333333332,43.459999999999994,27.420000000000005,0.10599999999999998,0.8571428571428571,0.8461538461538461,45.1,43.9,27.1,28.8,8.29,7.54,5.84,5.85,0.36,0.0,0.8113553113553112,0.04578754578754585,83
Oklahoma,2019,12,2,7.96,42.1,5.63,27.3,0.497,0.322,0.667,0.417,-0.57,0.0,9.2,9.2,0.8571428571428571,0.8571428571428571,0.01098901098901095,45.25,30.300000000000004,-0.355,45.199999999999996,29.233333333333334,-0.11666666666666665,44.6,27.7,0.06799999999999999,0.8571428571428571,0.8571428571428571,48.4,45.1,33.3,27.1,8.6,8.29,6.13,5.84,-0.14,0.36,0.8178963893249608,0.03924646781789631,83
Oklahoma,2020,8,2,6.65,41.8,5.06,21.9,0.405,0.277,0.8,0.667,0.4,0.0,6.7,6.7,0.8,0.8380952380952381,-0.05714285714285705,41.95,24.6,-0.08499999999999996,44.1,27.5,-0.10333333333333332,44.260000000000005,27.68,0.010000000000000009,0.8571428571428571,0.8571428571428571,42.1,48.4,27.3,33.3,7.96,8.6,5.63,6.13,-0.57,-0.14,0.8156593406593406,-0.015659340659340604,83
Oklahoma,2021,11,2,6.89,39.1,5.73,25.8,0.426,0.379,0.688,0.632,0.85,2.0,7.71,7.71,0.8461538461538461,0.8344322344322345,-0.01098901098901095,40.45,23.85,0.625,41.0,25.0,0.22666666666666668,43.3,27.080000000000002,0.18,0.8,0.8571428571428571,41.8,42.1,21.9,27.3,6.65,7.96,5.06,5.63,0.4,-0.57,0.819047619047619,0.02710622710622712,83
Oklahoma,2022,6,7,6.24,32.8,5.75,30.0,0.405,0.409,0.379,0.5,0.46,19.79,14.08,2.83,0.46153846153846156,0.7025641025641026,-0.39560439560439553,35.95,27.900000000000006,0.655,37.9,25.900000000000002,0.57,40.839999999999996,27.660000000000004,0.2,0.8461538461538461,0.8,39.1,41.8,25.8,21.9,6.89,6.65,5.73,5.06,0.85,0.4,0.7832967032967033,-0.32175824175824175,83
Oklahoma,2023,10,3,6.77,41.7,5.41,23.5,0.492,0.311,0.684,0.529,0.46,18.0,4.69,4.69,0.7692307692307693,0.6923076923076924,-0.03076923076923077,37.25,26.750000000000004,0.46,37.86666666666667,26.433333333333334,0.59,39.5,25.7,0.32,0.46153846153846156,0.8461538461538461,32.8,39.1,30.0,25.8,6.24,6.89,5.75,5.73,0.46,0.85,0.782017982017982,-0.012787212787212732,83
Oklahoma St.,2013,10,3,5.91,39.1,4.77,21.6,0.388,0.314,0.455,0.5,1.15,18.74,10.47,10.47,0.7692307692307693,0.7692307692307693,0.0,39.1,21.6,1.15,39.1,21.6,1.15,39.1,21.6,1.15,0.0,0.0,0.0,0.0,0.0,0.0,0.0,0.0,0.0,0.0,0.0,0.0,0.7692307692307693,0.0,84
Oklahoma St.,2014,7,6,5.43,27.6,5.79,31.2,0.33,0.408,0.5,0.313,-0.62,21.04,3.16,3.16,0.5384615384615384,0.6538461538461539,0.0,33.35,26.4,0.26499999999999996,33.35,26.4,0.26499999999999996,33.35,26.4,0.26499999999999996,0.7692307692307693,0.0,39.1,0.0,21.6,0.0,5.91,0.0,4.77,0.0,1.15,0.0,0.6538461538461539,-0.11538461538461542,84
Oklahoma St.,2015,10,3,6.39,39.5,5.69,30.5,0.435,0.422,0.8,0.609,1.0,23.01,4.7,4.7,0.7692307692307693,0.6923076923076924,0.0,33.55,30.85,0.19,35.4,27.766666666666666,0.5099999999999999,35.4,27.766666666666666,0.5099999999999999,0.5384615384615384,0.7692307692307693,27.6,39.1,31.2,21.6,5.43,5.91,5.79,4.77,-0.62,1.15,0.6923076923076924,0.07692307692307687,84
Oklahoma St.,2016,10,3,6.73,38.6,5.93,26.5,0.43,0.39,0.417,0.407,0.85,0.0,0.94,0.94,0.7692307692307693,0.6923076923076924,0.0,39.05,28.5,0.925,35.23333333333333,29.400000000000002,0.41,36.2,27.45,0.595,0.7692307692307693,0.5384615384615384,39.5,27.6,30.5,31.2,6.39,5.43,5.69,5.79,1.0,-0.62,0.7115384615384616,0.05769230769230771,84
Oklahoma St.,2017,10,3,7.34,45.0,5.51,29.4,0.456,0.388,0.65,0.529,0.23,1.0,6.85,6.85,0.7692307692307693,0.7692307692307693,0.23076923076923084,41.8,27.95,0.54,41.03333333333333,28.799999999999997,0.6933333333333334,37.96,27.839999999999996,0.522,0.7692307692307693,0.7692307692307693,38.6,39.5,26.5,30.5,6.73,6.39,5.93,5.69,0.85,1.0,0.7230769230769231,0.04615384615384621,84
Oklahoma St.,2018,7,6,6.43,38.4,6.04,32.5,0.448,0.376,0.625,0.526,-0.69,0.0,7.05,7.05,0.5384615384615384,0.6923076923076924,-0.23076923076923084,41.7,30.95,-0.22999999999999998,40.666666666666664,29.466666666666665,0.13000000000000003,37.82000000000001,30.020000000000003,0.154,0.7692307692307693,0.7692307692307693,45.0,38.6,29.4,26.5,7.34,6.73,5.51,5.93,0.23,0.85,0.6923076923076924,-0.15384615384615397,84
Oklahoma St.,2019,8,5,6.39,32.5,5.79,26.8,0.389,0.393,0.524,0.381,-0.08,0.0,1.64,1.64,0.6153846153846154,0.6410256410256411,-0.15384615384615385,35.45,29.65,-0.38499999999999995,38.63333333333333,29.566666666666663,-0.17999999999999994,38.8,29.140000000000004,0.262,0.5384615384615384,0.7692307692307693,38.4,45.0,32.5,29.4,6.43,7.34,6.04,5.51,-0.69,0.23,0.6813186813186813,-0.06593406593406592,84
Oklahoma St.,2020,7,3,5.58,29.5,5.18,22.4,0.424,0.263,0.444,0.632,-0.2,1.0,-1.82,-1.82,0.7,0.6179487179487179,-0.06923076923076932,31.0,24.6,-0.14,33.46666666666667,27.233333333333334,-0.3233333333333333,36.8,27.52,0.02200000000000002,0.6153846153846154,0.5384615384615384,32.5,38.4,26.8,32.5,6.39,6.43,5.79,6.04,-0.08,-0.69,0.6836538461538462,0.016346153846153788,84
Oklahoma St.,2021,12,2,5.48,31.1,4.59,18.1,0.429,0.288,0.538,0.296,-0.14,1.0,0.8,0.8,0.8571428571428571,0.7241758241758242,0.31868131868131866,30.3,20.25,-0.17,31.03333333333333,22.433333333333334,-0.13999999999999999,35.3,25.840000000000003,-0.176,0.7,0.6153846153846154,29.5,32.5,22.4,26.8,5.58,6.39,5.18,5.79,-0.2,-0.08,0.7029304029304029,0.15421245421245422,84
Oklahoma St.,2022,7,6,5.27,30.6,5.71,28.9,0.353,0.271,0.312,0.531,-0.31,23.61,9.0,9.03,0.5384615384615384,0.6985347985347984,-0.07692307692307698,30.85,23.5,-0.225,30.400000000000002,23.133333333333336,-0.21666666666666665,32.42,25.74,-0.284,0.8571428571428571,0.7,31.1,29.5,18.1,22.4,5.48,5.58,4.59,5.18,-0.14,-0.2,0.6864835164835166,-0.14802197802197814,84
Oklahoma St.,2023,10,4,5.93,29.6,6.48,28.6,0.388,0.418,0.55,0.24,0.14,16.84,2.94,2.94,0.7142857142857143,0.7032967032967034,0.014285714285714346,30.1,28.75,-0.08499999999999999,30.433333333333337,25.2,-0.10333333333333329,30.660000000000004,24.96,-0.11799999999999997,0.5384615384615384,0.8571428571428571,30.6,31.1,28.9,18.1,5.27,5.48,5.71,4.59,-0.31,-0.14,0.689010989010989,0.025274725274725296,84
Old Dominion,2015,5,7,5.34,24.3,5.67,35.8,0.352,0.468,0.32,0.538,-0.08,19.92,9.4,9.4,0.4166666666666667,0.4166666666666667,-0.08333333333333337,24.3,35.8,-0.08,24.3,35.8,-0.08,24.3,35.8,-0.08,0.0,0.0,0.0,0.0,0.0,0.0,0.0,0.0,0.0,0.0,0.0,0.0,0.4166666666666667,0.0,85
Old Dominion,2016,10,3,6.41,35.1,5.41,27.2,0.372,0.376,0.581,0.486,1.0,0.0,16.63,16.63,0.7692307692307693,0.592948717948718,-0.08333333333333337,29.700000000000003,31.5,0.46,29.700000000000003,31.5,0.46,29.700000000000003,31.5,0.46,0.4166666666666667,0.0,24.3,0.0,35.8,0.0,5.34,0.0,5.67,0.0,-0.08,0.0,0.592948717948718,0.17628205128205132,85
Old Dominion,2017,5,7,4.92,20.7,5.8,31.7,0.344,0.454,0.32,0.526,-0.33,0.0,6.35,6.35,0.4166666666666667,0.5341880341880342,-0.08333333333333337,27.9,29.45,0.33499999999999996,26.7,31.566666666666663,0.19666666666666668,26.7,31.566666666666663,0.19666666666666668,0.7692307692307693,0.4166666666666667,35.1,24.3,27.2,35.8,6.41,5.34,5.41,5.67,1.0,-0.08,0.5341880341880342,-0.11752136752136749,85
Old Dominion,2018,4,8,5.67,30.8,6.24,35.9,0.368,0.4,0.567,0.467,-0.5,1.0,4.27,4.27,0.3333333333333333,0.5064102564102564,-0.08333333333333337,25.749999999999996,33.8,-0.41500000000000004,28.866666666666664,31.599999999999998,0.05666666666666668,27.725,32.65,0.02250000000000002,0.4166666666666667,0.7692307692307693,20.7,35.1,31.7,27.2,4.92,6.41,5.8,5.41,-0.33,1.0,0.48397435897435903,-0.15064102564102572,85
Old Dominion,2019,1,11,4.06,16.3,5.66,29.8,0.311,0.394,0.606,0.455,-0.08,0.0,6.37,6.37,0.08333333333333333,0.27777777777777785,-0.6858974358974359,23.549999999999997,32.85,-0.29,22.599999999999998,32.46666666666666,-0.3033333333333333,25.44,32.08,0.0020000000000000157,0.3333333333333333,0.4166666666666667,30.8,20.7,35.9,31.7,5.67,4.92,6.24,5.8,-0.5,-0.33,0.40384615384615385,-0.32051282051282054,85
Old Dominion,2021,6,7,5.31,27.6,5.31,27.3,0.419,0.414,0.429,0.414,-0.62,1.0,6.68,6.68,0.46153846153846156,0.29273504273504275,0.04487179487179488,21.949999999999996,28.550000000000004,-0.35,24.899999999999995,31.0,-0.3999999999999999,26.1,30.380000000000003,-0.10599999999999998,0.08333333333333333,0.3333333333333333,16.3,30.8,29.8,35.9,4.06,5.67,5.66,6.24,-0.08,-0.5,0.4134615384615385,0.04807692307692307,85
Old Dominion,2022,3,9,5.56,19.5,5.73,26.6,0.294,0.412,0.364,0.615,0.0,19.76,8.0,3.06,0.25,0.26495726495726496,-0.08333333333333331,23.549999999999997,26.950000000000003,-0.31000000000000005,21.13333333333333,27.900000000000002,-0.23333333333333328,22.979999999999997,30.26,-0.30599999999999994,0.46153846153846156,0.08333333333333333,27.6,16.3,27.3,29.8,5.31,4.06,5.31,5.66,-0.62,-0.08,0.3901098901098901,-0.1401098901098901,85
Old Dominion,2023,6,7,5.42,23.8,5.22,27.2,0.371,0.377,0.269,0.519,0.23,22.4,11.74,11.74,0.46153846153846156,0.39102564102564114,0.37820512820512825,21.65,26.900000000000006,0.11499999999999995,23.633333333333336,27.033333333333335,-0.12999999999999998,23.6,29.360000000000003,-0.194,0.25,0.46153846153846156,19.5,27.6,26.6,27.3,5.56,5.31,5.73,5.31,0.0,-0.62,0.39903846153846156,0.0625,85
Ole Miss,2013,8,5,6.04,30.0,5.25,23.7,0.457,0.401,0.536,0.55,0.08,21.94,8.29,8.29,0.6153846153846154,0.6153846153846154,-0.19871794871794873,30.0,23.7,0.08,30.0,23.7,0.08,30.0,23.7,0.08,0.0,0.0,0.0,0.0,0.0,0.0,0.0,0.0,0.0,0.0,0.0,0.0,0.6153846153846154,0.0,86
Ole Miss,2014,9,4,6.03,28.3,4.67,16.0,0.393,0.33,0.45,0.533,0.54,21.26,3.47,3.47,0.6923076923076923,0.6538461538461539,-0.19871794871794873,29.15,19.85,0.31,29.15,19.85,0.31,29.15,19.85,0.31,0.6153846153846154,0.0,30.0,0.0,23.7,0.0,6.04,0.0,5.25,0.0,0.08,0.0,0.6538461538461539,0.038461538461538436,86
Ole Miss,2015,10,3,7.07,40.8,4.87,22.6,0.414,0.389,0.467,0.304,0.0,19.13,5.94,5.94,0.7692307692307693,0.6923076923076924,-0.19871794871794873,34.55,19.3,0.27,33.03333333333333,20.766666666666666,0.20666666666666667,33.03333333333333,20.766666666666666,0.20666666666666667,0.6923076923076923,0.6153846153846154,28.3,30.0,16.0,23.7,6.03,6.04,4.67,5.25,0.54,0.08,0.6923076923076924,0.07692307692307687,86
Ole Miss,2016,5,7,6.16,32.6,6.18,34.0,0.402,0.417,0.375,0.643,-0.25,0.0,11.8,11.8,0.4166666666666667,0.6260683760683761,-0.19871794871794873,36.7,28.3,-0.125,33.9,24.2,0.09666666666666668,32.925,24.075,0.0925,0.7692307692307693,0.6923076923076923,40.8,28.3,22.6,16.0,7.07,6.03,4.87,4.67,0.0,0.54,0.6233974358974359,-0.20673076923076922,86
Ole Miss,2017,6,6,6.9,32.8,6.16,34.6,0.381,0.415,0.4,0.632,-0.42,0.0,9.91,9.91,0.5,0.561965811965812,-0.1923076923076923,32.7,34.3,-0.33499999999999996,35.4,30.399999999999995,-0.2233333333333333,32.9,26.18,-0.009999999999999998,0.4166666666666667,0.7692307692307693,32.6,40.8,34.0,22.6,6.16,7.07,6.18,4.87,-0.25,0.0,0.5987179487179487,-0.0987179487179487,86
Ole Miss,2018,5,7,7.12,33.9,6.32,36.2,0.353,0.405,0.5,0.522,0.08,1.0,15.0,15.0,0.4166666666666667,0.4444444444444444,-0.3525641025641026,33.349999999999994,35.400000000000006,-0.16999999999999998,33.1,34.93333333333334,-0.19666666666666666,33.67999999999999,28.68,-0.01,0.5,0.4166666666666667,32.8,32.6,34.6,34.0,6.9,6.16,6.16,6.18,-0.42,-0.25,0.5683760683760684,-0.15170940170940167,86
Ole Miss,2019,4,8,6.0,26.6,5.82,26.5,0.368,0.399,0.531,0.6,0.08,0.0,11.67,11.67,0.3333333333333333,0.4166666666666667,-0.08333333333333337,30.25,31.35,0.08,31.099999999999994,32.43333333333334,-0.08666666666666667,33.339999999999996,30.78,-0.10200000000000002,0.4166666666666667,0.5,33.9,32.8,36.2,34.6,7.12,6.9,6.32,6.16,0.08,-0.42,0.5347985347985348,-0.20146520146520147,86
Ole Miss,2020,4,5,7.06,40.7,6.96,40.3,0.504,0.475,0.645,0.714,-0.78,0.0,10.8,10.8,0.4444444444444444,0.3981481481481481,-0.05555555555555558,33.650000000000006,33.4,-0.35000000000000003,33.733333333333334,34.333333333333336,-0.2066666666666667,33.32,34.32,-0.258,0.3333333333333333,0.4166666666666667,26.6,33.9,26.5,36.2,6.0,7.12,5.82,6.32,0.08,0.08,0.5235042735042735,-0.07905982905982911,86
Ole Miss,2021,10,3,6.29,33.7,5.51,24.7,0.382,0.385,0.633,0.486,0.62,0.0,4.47,4.47,0.7692307692307693,0.5156695156695156,0.3525641025641026,37.2,32.5,-0.08000000000000002,33.66666666666667,30.5,-0.02666666666666669,33.540000000000006,32.46,-0.08400000000000003,0.4444444444444444,0.3333333333333333,40.7,26.6,40.3,26.5,7.06,6.0,6.96,5.82,-0.78,0.08,0.5508072174738842,0.2184235517568851,86
Ole Miss,2022,8,5,6.45,33.5,5.32,25.5,0.471,0.386,0.472,0.472,-0.08,17.88,6.94,6.45,0.6153846153846154,0.6096866096866097,0.2820512820512821,33.6,25.1,0.27,35.96666666666667,30.166666666666668,-0.08000000000000003,33.68,30.640000000000004,-0.016000000000000035,0.7692307692307693,0.4444444444444444,33.7,40.7,24.7,40.3,6.29,7.06,5.51,6.96,0.62,-0.78,0.5572649572649573,0.058119658119658135,86
Ole Miss,2023,11,2,6.46,35.1,5.46,22.1,0.371,0.39,0.694,0.414,0.85,14.25,9.93,9.93,0.8461538461538461,0.7435897435897436,0.4017094017094017,34.3,23.8,0.385,34.1,24.099999999999998,0.4633333333333333,33.92,27.82,0.13799999999999996,0.6153846153846154,0.7692307692307693,33.5,33.7,25.5,24.7,6.45,6.29,5.32,5.51,-0.08,0.62,0.5835275835275836,0.26262626262626254,86
Oregon,2013,11,2,7.55,45.5,4.62,20.5,0.431,0.403,0.484,0.464,0.77,21.65,3.25,3.25,0.8461538461538461,0.8461538461538461,-0.5128205128205128,45.5,20.5,0.77,45.5,20.5,0.77,45.5,20.5,0.77,0.0,0.0,0.0,0.0,0.0,0.0,0.0,0.0,0.0,0.0,0.0,0.0,0.8461538461538461,0.0,87
Oregon,2014,13,2,7.34,45.4,5.52,23.6,0.495,0.423,0.607,0.487,1.53,21.39,5.75,5.75,0.8666666666666667,0.8564102564102565,-0.5128205128205128,45.45,22.05,1.15,45.45,22.05,1.15,45.45,22.05,1.15,0.8461538461538461,0.0,45.5,0.0,20.5,0.0,7.55,0.0,4.62,0.0,0.77,0.0,0.8564102564102565,0.01025641025641022,87
Oregon,2015,9,4,7.05,43.0,6.03,37.5,0.391,0.422,0.571,0.708,0.38,22.42,15.28,15.28,0.6923076923076923,0.8017094017094016,-0.5128205128205128,44.2,30.55,0.9550000000000001,44.63333333333333,27.2,0.8933333333333334,44.63333333333333,27.2,0.8933333333333334,0.8666666666666667,0.8461538461538461,45.4,45.5,23.6,20.5,7.34,7.55,5.52,4.62,1.53,0.77,0.8017094017094016,-0.10940170940170935,87
Oregon,2016,4,8,6.61,35.4,6.41,41.4,0.391,0.485,0.621,0.438,-0.25,0.0,7.94,7.94,0.3333333333333333,0.6307692307692307,-0.5128205128205128,39.2,39.45,0.065,41.266666666666666,34.166666666666664,0.5533333333333333,42.325,30.75,0.6075,0.6923076923076923,0.8666666666666667,43.0,45.4,37.5,23.6,7.05,7.34,6.03,5.52,0.38,1.53,0.6846153846153846,-0.3512820512820513,87
Oregon,2017,7,6,6.1,36.0,5.07,29.0,0.41,0.333,0.412,0.417,0.0,0.0,6.55,6.55,0.5384615384615384,0.5213675213675213,-0.32820512820512826,35.7,35.2,-0.125,38.13333333333333,35.96666666666667,0.043333333333333335,41.06,30.4,0.48600000000000004,0.3333333333333333,0.6923076923076923,35.4,43.0,41.4,37.5,6.61,7.05,6.41,6.03,-0.25,0.38,0.6553846153846153,-0.11692307692307691,87
Oregon,2018,9,4,5.86,34.8,5.25,25.4,0.429,0.371,0.607,0.4,0.38,0.0,7.36,7.36,0.6923076923076923,0.5213675213675213,0.0,35.4,27.2,0.19,35.4,31.933333333333337,0.043333333333333335,38.92,31.380000000000003,0.40800000000000003,0.5384615384615384,0.3333333333333333,36.0,35.4,29.0,41.4,6.1,6.61,5.07,6.41,0.0,-0.25,0.6615384615384615,0.03076923076923077,87
Oregon,2019,12,2,6.34,35.4,4.73,16.5,0.418,0.332,0.52,0.424,1.14,1.0,7.42,7.42,0.8571428571428571,0.6959706959706958,0.5238095238095237,35.099999999999994,20.95,0.76,35.4,23.633333333333336,0.5066666666666667,36.92,29.96,0.32999999999999996,0.6923076923076923,0.5384615384615384,34.8,36.0,25.4,29.0,5.86,6.1,5.25,5.07,0.38,0.0,0.6894819466248038,0.16766091051805332,87
Oregon,2020,4,2,6.75,33.7,5.51,27.3,0.471,0.381,0.6,0.65,-0.83,0.0,7.44,7.44,0.6666666666666666,0.7387057387057386,0.1282051282051282,34.55,21.9,0.15499999999999997,34.63333333333333,23.066666666666666,0.22999999999999995,35.059999999999995,27.919999999999998,0.08800000000000001,0.8571428571428571,0.6923076923076923,35.4,34.8,16.5,25.4,6.34,5.86,4.73,5.25,1.14,0.38,0.6866300366300366,-0.019963369963370003,87
Oregon,2021,10,4,6.27,31.4,5.46,27.0,0.511,0.46,0.45,0.667,0.57,0.0,11.07,11.07,0.7142857142857143,0.746031746031746,0.02197802197802201,32.55,27.15,-0.13000000000000012,33.5,23.599999999999998,0.2933333333333333,34.26,25.04,0.25199999999999995,0.6666666666666666,0.8571428571428571,33.7,35.4,27.3,16.5,6.75,6.34,5.51,4.73,-0.83,1.14,0.6897028897028897,0.02458282458282457,87
Oregon,2022,10,3,6.92,38.8,5.8,27.4,0.463,0.468,0.606,0.481,0.69,18.81,4.92,13.6,0.7692307692307693,0.7167277167277167,-0.08791208791208782,35.099999999999994,27.2,0.6299999999999999,34.63333333333333,27.233333333333334,0.14333333333333328,34.82000000000001,24.72,0.38999999999999996,0.7142857142857143,0.6666666666666666,31.4,33.7,27.0,27.3,6.27,6.75,5.46,5.51,0.57,-0.83,0.6976556776556777,0.07157509157509157,87
Oregon,2023,12,2,7.82,44.2,4.99,16.5,0.51,0.358,0.76,0.474,0.79,16.19,13.71,13.71,0.8571428571428571,0.7802197802197801,0.19047619047619047,41.5,21.95,0.7399999999999999,38.13333333333333,23.633333333333336,0.6833333333333332,36.7,22.939999999999998,0.472,0.7692307692307693,0.7142857142857143,38.8,31.4,27.4,27.0,6.92,6.27,5.8,5.46,0.69,0.57,0.7121545121545121,0.144988344988345,87
Oregon St.,2013,7,6,6.19,34.8,6.14,31.4,0.406,0.404,0.538,0.529,0.23,21.36,6.77,6.77,0.5384615384615384,0.5384615384615384,-0.20512820512820512,34.8,31.4,0.23,34.8,31.4,0.23,34.8,31.4,0.23,0.0,0.0,0.0,0.0,0.0,0.0,0.0,0.0,0.0,0.0,0.0,0.0,0.5384615384615384,0.0,88
Oregon St.,2014,5,7,5.57,25.7,5.76,31.6,0.319,0.398,0.421,0.625,0.33,20.56,6.29,6.29,0.4166666666666667,0.47756410256410253,-0.20512820512820512,30.25,31.5,0.28,30.25,31.5,0.28,30.25,31.5,0.28,0.5384615384615384,0.0,34.8,0.0,31.4,0.0,6.19,0.0,6.14,0.0,0.23,0.0,0.47756410256410253,-0.06089743589743585,88
Oregon St.,2015,2,10,5.12,19.0,6.44,37.0,0.317,0.455,0.176,0.474,-0.33,21.5,10.44,10.44,0.16666666666666666,0.37393162393162394,-0.20512820512820512,22.35,34.3,0.0,26.5,33.333333333333336,0.07666666666666666,26.5,33.333333333333336,0.07666666666666666,0.4166666666666667,0.5384615384615384,25.7,34.8,31.6,31.4,5.57,6.19,5.76,6.14,0.33,0.23,0.37393162393162394,-0.20726495726495728,88
Oregon St.,2016,4,8,5.52,26.2,5.76,30.5,0.372,0.418,0.2,0.522,0.08,0.0,3.61,3.61,0.3333333333333333,0.3055555555555555,-0.20512820512820512,22.6,33.75,-0.12500000000000003,23.633333333333336,33.03333333333333,0.026666666666666658,26.424999999999997,32.625,0.0775,0.16666666666666666,0.4166666666666667,19.0,25.7,37.0,31.6,5.12,5.57,6.44,5.76,-0.33,0.33,0.36378205128205127,-0.03044871794871795,88
Oregon St.,2017,1,11,5.18,20.7,6.61,43.0,0.402,0.532,0.615,0.733,-1.17,0.0,5.5,5.5,0.08333333333333333,0.19444444444444442,-0.33333333333333337,23.45,36.75,-0.5449999999999999,21.966666666666665,36.833333333333336,-0.47333333333333333,25.279999999999998,34.7,-0.172,0.3333333333333333,0.16666666666666666,26.2,19.0,30.5,37.0,5.52,5.12,5.76,6.44,0.08,-0.33,0.30769230769230765,-0.22435897435897434,88
Oregon St.,2018,2,10,5.31,26.1,7.42,45.7,0.364,0.5,0.694,0.636,-0.83,0.0,5.85,5.85,0.16666666666666666,0.19444444444444442,0.0,23.4,44.35,-1.0,24.333333333333332,39.733333333333334,-0.64,23.54,37.56,-0.384,0.08333333333333333,0.3333333333333333,20.7,26.2,43.0,30.5,5.18,5.52,6.61,5.76,-1.17,0.08,0.2841880341880342,-0.11752136752136752,88
Oregon St.,2019,5,7,5.95,31.2,6.05,32.5,0.423,0.444,0.542,0.778,0.83,1.0,10.22,10.22,0.4166666666666667,0.2222222222222222,0.08333333333333337,28.65,39.1,0.0,26.0,40.4,-0.38999999999999996,24.639999999999997,37.739999999999995,-0.284,0.16666666666666666,0.08333333333333333,26.1,20.7,45.7,43.0,5.31,5.18,7.42,6.61,-0.83,-1.17,0.3031135531135531,0.1135531135531136,88
Oregon St.,2020,2,5,5.83,28.9,6.49,33.3,0.404,0.467,0.632,0.556,-0.29,0.0,20.71,20.71,0.2857142857142857,0.28968253968253965,0.20238095238095238,30.049999999999997,32.9,0.27,28.73333333333333,37.166666666666664,-0.09666666666666666,26.619999999999997,37.0,-0.27599999999999997,0.4166666666666667,0.16666666666666666,31.2,26.1,32.5,45.7,5.95,5.31,6.05,7.42,0.83,-0.83,0.3009386446886447,-0.015224358974358976,88
Oregon St.,2021,7,6,6.43,31.2,5.7,25.8,0.488,0.503,0.478,0.381,0.08,0.0,8.14,8.14,0.5384615384615384,0.41361416361416364,0.3717948717948718,30.049999999999997,29.549999999999997,-0.10499999999999998,30.433333333333334,30.53333333333333,0.20666666666666667,27.619999999999997,36.06,-0.27599999999999997,0.2857142857142857,0.4166666666666667,28.9,31.2,33.3,32.5,5.83,5.95,6.49,6.05,-0.29,0.83,0.32733007733007735,0.21113146113146108,88
Oregon St.,2022,10,3,6.09,32.2,5.19,20.0,0.435,0.388,0.696,0.308,-0.08,23.0,16.0,10.4,0.7692307692307693,0.5311355311355311,0.3525641025641026,31.7,22.9,0.0,30.766666666666666,26.366666666666664,-0.09666666666666668,29.920000000000005,31.46,-0.057999999999999996,0.5384615384615384,0.2857142857142857,31.2,28.9,25.8,33.3,6.43,5.83,5.7,6.49,0.08,-0.29,0.37152014652014653,0.39771062271062274,88
Oregon St.,2023,8,5,6.45,31.8,5.42,22.9,0.385,0.394,0.567,0.565,0.46,18.0,4.31,4.31,0.6153846153846154,0.6410256410256411,0.3296703296703297,32.0,21.45,0.19,31.733333333333334,22.900000000000002,0.15333333333333332,31.060000000000002,26.9,0.2,0.7692307692307693,0.5384615384615384,32.2,31.2,20.0,25.8,6.09,6.43,5.19,5.7,-0.08,0.08,0.39368964368964365,0.22169497169497177,88
Penn St.,2013,7,5,5.71,28.7,5.3,26.2,0.343,0.365,0.542,0.429,-0.17,24.2,3.33,3.33,0.5833333333333334,0.5833333333333334,0.20238095238095233,28.7,26.2,-0.17,28.7,26.2,-0.17,28.7,26.2,-0.17,0.0,0.0,0.0,0.0,0.0,0.0,0.0,0.0,0.0,0.0,0.0,0.0,0.5833333333333334,0.0,89
Penn St.,2014,7,6,4.6,20.6,4.27,18.6,0.395,0.302,0.368,0.263,-0.38,26.11,4.48,4.48,0.5384615384615384,0.5608974358974359,0.20238095238095233,24.65,22.4,-0.275,24.65,22.4,-0.275,24.65,22.4,-0.275,0.5833333333333334,0.0,28.7,0.0,26.2,0.0,5.71,0.0,5.3,0.0,-0.17,0.0,0.5608974358974359,-0.022435897435897467,89
Penn St.,2015,7,6,5.47,23.2,4.78,21.8,0.276,0.366,0.522,0.154,0.31,24.79,6.13,6.13,0.5384615384615384,0.5534188034188033,0.20238095238095233,21.9,20.200000000000003,-0.035,24.166666666666668,22.2,-0.08000000000000002,24.166666666666668,22.2,-0.08000000000000002,0.5384615384615384,0.5833333333333334,20.6,28.7,18.6,26.2,4.6,5.71,4.27,5.3,-0.38,-0.17,0.5534188034188033,-0.014957264957264904,89
Penn St.,2016,11,3,6.5,37.6,5.04,25.4,0.326,0.384,0.5,0.381,0.07,0.0,6.95,6.95,0.7857142857142857,0.6208791208791208,0.20238095238095233,30.400000000000002,23.6,0.19,27.133333333333336,21.933333333333334,-9.25185853854297e-18,27.525,23.0,-0.04250000000000001,0.5384615384615384,0.5384615384615384,23.2,20.6,21.8,18.6,5.47,4.6,4.78,4.27,0.31,-0.38,0.611492673992674,0.17422161172161166,89
Penn St.,2017,11,2,6.58,41.1,4.77,16.5,0.48,0.349,0.571,0.44,0.92,0.0,4.29,4.29,0.8461538461538461,0.7234432234432234,0.3076923076923077,39.35000000000001,20.95,0.495,33.96666666666667,21.233333333333334,0.43333333333333335,30.24,21.7,0.15,0.7857142857142857,0.5384615384615384,37.6,23.2,25.4,21.8,6.5,5.47,5.04,4.78,0.07,0.31,0.6584249084249084,0.18772893772893773,89
Penn St.,2018,9,4,6.11,33.8,4.72,20.5,0.371,0.336,0.529,0.423,-0.08,1.0,8.57,8.57,0.6923076923076923,0.7747252747252747,0.15384615384615385,37.45,18.5,0.42000000000000004,37.5,20.8,0.30333333333333334,31.26,20.56,0.168,0.8461538461538461,0.7857142857142857,41.1,37.6,16.5,25.4,6.58,6.5,4.77,5.04,0.92,0.07,0.664072039072039,0.028235653235653246,89
Penn St.,2019,11,2,6.05,35.8,4.82,16.0,0.424,0.36,0.611,0.577,0.62,0.0,1.7,1.7,0.8461538461538461,0.7948717948717948,0.06043956043956045,34.8,18.25,0.2700000000000001,36.9,17.666666666666668,0.48666666666666664,34.3,20.04,0.36800000000000005,0.6923076923076923,0.8461538461538461,33.8,41.1,20.5,16.5,6.11,6.58,4.72,4.77,-0.08,0.92,0.6900837257980115,0.15607012035583467,89
Penn St.,2020,4,5,5.46,29.8,5.06,27.7,0.421,0.37,0.5,0.357,-0.78,0.0,7.1,7.1,0.4444444444444444,0.6609686609686609,-0.4017094017094017,32.8,21.85,-0.07999999999999996,33.13333333333333,21.400000000000002,-0.08,35.620000000000005,21.220000000000002,0.15000000000000002,0.8461538461538461,0.6923076923076923,35.8,33.8,16.0,20.5,6.05,6.11,4.82,4.72,0.62,-0.08,0.6593788156288156,-0.2149343711843712,89
Penn St.,2021,7,6,5.3,25.0,4.75,17.3,0.386,0.358,0.462,0.625,0.46,0.0,2.79,2.79,0.5384615384615384,0.6096866096866096,-0.15384615384615385,27.4,22.5,-0.15999999999999995,30.2,20.333333333333332,0.10000000000000002,33.1,19.6,0.22800000000000004,0.4444444444444444,0.8461538461538461,29.8,35.8,27.7,16.0,5.46,6.05,5.06,4.82,-0.78,0.62,0.6459435626102292,-0.10748202414869079,89
Penn St.,2022,11,2,6.19,35.8,4.61,18.2,0.378,0.332,0.7,0.517,0.85,22.35,4.38,6.79,0.8461538461538461,0.6096866096866097,0.0,30.4,17.75,0.655,30.2,21.066666666666666,0.17666666666666667,32.04,19.94,0.21399999999999997,0.5384615384615384,0.4444444444444444,25.0,29.8,17.3,27.7,5.3,5.46,4.75,5.06,0.46,-0.78,0.665964590964591,0.1801892551892551,89
Penn St.,2023,10,3,5.6,36.2,4.16,13.5,0.408,0.302,0.769,0.55,1.23,16.82,4.6,4.6,0.7692307692307693,0.717948717948718,0.32478632478632485,36.0,15.85,1.04,32.333333333333336,16.333333333333332,0.8466666666666667,32.519999999999996,18.54,0.476,0.8461538461538461,0.5384615384615384,35.8,25.0,18.2,17.3,6.19,5.3,4.61,4.75,0.85,0.46,0.6753524253524253,0.09387834387834393,89
Pittsburgh,2013,7,6,5.52,26.3,5.52,27.2,0.382,0.383,0.5,0.368,-0.08,21.49,16.25,16.25,0.5384615384615384,0.5384615384615384,0.07692307692307698,26.3,27.2,-0.08,26.3,27.2,-0.08,26.3,27.2,-0.08,0.0,0.0,0.0,0.0,0.0,0.0,0.0,0.0,0.0,0.0,0.0,0.0,0.5384615384615384,0.0,90
Pittsburgh,2014,6,7,6.17,31.8,5.59,26.3,0.465,0.376,0.667,0.611,-0.38,19.89,4.71,4.71,0.46153846153846156,0.5,0.07692307692307698,29.05,26.75,-0.23,29.05,26.75,-0.23,29.05,26.75,-0.23,0.5384615384615384,0.0,26.3,0.0,27.2,0.0,5.52,0.0,5.52,0.0,-0.08,0.0,0.5,-0.038461538461538436,90
Pittsburgh,2015,8,5,5.76,28.2,5.69,26.1,0.439,0.4,0.846,0.5,0.0,19.23,4.19,4.19,0.6153846153846154,0.5384615384615384,0.07692307692307698,30.0,26.200000000000003,-0.19,28.766666666666666,26.53333333333333,-0.15333333333333335,28.766666666666666,26.53333333333333,-0.15333333333333335,0.46153846153846156,0.5384615384615384,31.8,26.3,26.3,27.2,6.17,5.52,5.59,5.52,-0.38,-0.08,0.5384615384615384,0.07692307692307698,90
Pittsburgh,2016,8,5,6.71,40.9,5.98,35.2,0.454,0.406,0.538,0.75,0.08,1.0,8.14,8.14,0.6153846153846154,0.5641025641025642,0.07692307692307698,34.55,30.650000000000006,0.04,33.63333333333333,29.2,-0.09999999999999999,31.8,28.700000000000003,-0.095,0.6153846153846154,0.46153846153846156,28.2,31.8,26.1,26.3,5.76,6.17,5.69,5.59,0.0,-0.38,0.5576923076923077,0.05769230769230771,90
Pittsburgh,2017,5,7,5.35,23.9,5.96,26.6,0.357,0.406,0.65,0.471,0.0,1.0,12.55,12.55,0.4166666666666667,0.5491452991452992,-0.04487179487179488,32.4,30.900000000000006,0.04,31.0,29.3,0.02666666666666667,30.22,28.28,-0.076,0.6153846153846154,0.6153846153846154,40.9,28.2,35.2,26.1,6.71,5.76,5.98,5.69,0.08,0.0,0.5294871794871795,-0.11282051282051281,90
Pittsburgh,2018,7,7,5.84,25.6,5.84,27.8,0.366,0.4,0.474,0.52,0.14,0.0,7.16,7.16,0.5,0.5106837606837608,-0.11538461538461542,24.750000000000004,27.200000000000003,0.07,30.133333333333336,29.86666666666667,0.07333333333333335,30.080000000000002,28.4,-0.031999999999999994,0.4166666666666667,0.6153846153846154,23.9,40.9,26.6,35.2,5.35,6.71,5.96,5.98,0.0,0.08,0.5245726495726496,-0.024572649572649596,90
Pittsburgh,2019,8,5,5.18,21.2,4.5,22.5,0.398,0.333,0.471,0.556,-0.62,0.0,10.33,10.33,0.6153846153846154,0.5106837606837608,0.0,23.400000000000006,25.150000000000006,-0.24,23.566666666666666,25.633333333333336,-0.16,27.959999999999997,27.640000000000004,-0.07999999999999999,0.5,0.4166666666666667,25.6,23.9,27.8,26.6,5.84,5.35,5.84,5.96,0.14,0.0,0.5375457875457875,0.0778388278388279,90
Pittsburgh,2020,6,5,5.13,29.0,4.88,24.5,0.364,0.353,0.5,0.55,0.36,0.0,9.22,9.22,0.5454545454545454,0.5536130536130536,0.12878787878787873,25.1,23.500000000000004,-0.13,25.266666666666666,24.933333333333334,-0.04,28.119999999999997,27.320000000000004,-0.007999999999999997,0.6153846153846154,0.5,21.2,25.6,22.5,27.8,5.18,5.84,4.5,5.84,-0.62,0.14,0.5385343822843823,0.006920163170163085,90
Pittsburgh,2021,11,3,6.37,41.4,5.07,23.6,0.441,0.335,0.68,0.269,0.57,1.0,5.27,5.27,0.7857142857142857,0.6488511488511488,0.2857142857142857,35.2,24.050000000000004,0.46499999999999997,30.53333333333333,23.533333333333335,0.10333333333333332,28.22,25.0,0.09,0.5454545454545454,0.6153846153846154,29.0,21.2,24.5,22.5,5.13,5.18,4.88,4.5,0.36,-0.62,0.5659988159988161,0.21971546971546962,90
Pittsburgh,2022,9,4,5.78,31.3,5.15,24.3,0.397,0.322,0.429,0.455,0.15,16.68,8.19,4.83,0.6923076923076923,0.6744921744921745,0.07692307692307687,36.35,23.950000000000003,0.36,33.9,24.133333333333336,0.35999999999999993,29.7,24.54,0.12,0.7857142857142857,0.5454545454545454,41.4,29.0,23.6,24.5,6.37,5.13,5.07,4.88,0.57,0.36,0.5786297036297037,0.11367798867798862,90
Pittsburgh,2023,3,9,5.33,20.2,5.36,27.3,0.318,0.369,0.5,0.48,-0.42,17.56,11.71,11.71,0.25,0.5760073260073261,-0.2954545454545454,25.750000000000004,25.800000000000004,-0.135,30.96666666666667,25.066666666666666,0.09999999999999998,28.619999999999997,24.44,0.007999999999999985,0.6923076923076923,0.7857142857142857,31.3,41.4,24.3,23.6,5.78,6.37,5.15,5.07,0.15,0.57,0.5487542760270033,-0.29875427602700333,90
Purdue,2013,1,11,4.56,14.9,6.23,38.0,0.308,0.565,0.48,0.556,-0.25,24.52,3.26,3.26,0.08333333333333333,0.08333333333333333,0.16666666666666669,14.9,38.0,-0.25,14.9,38.0,-0.25,14.9,38.0,-0.25,0.0,0.0,0.0,0.0,0.0,0.0,0.0,0.0,0.0,0.0,0.0,0.0,0.08333333333333333,0.0,91
Purdue,2014,3,9,4.95,23.8,5.58,31.7,0.362,0.467,0.387,0.222,-0.42,19.76,11.38,11.38,0.25,0.16666666666666666,0.16666666666666669,19.35,34.85,-0.33499999999999996,19.35,34.85,-0.33499999999999996,19.35,34.85,-0.33499999999999996,0.08333333333333333,0.0,14.9,0.0,38.0,0.0,4.56,0.0,6.23,0.0,-0.25,0.0,0.16666666666666666,0.08333333333333334,91
Purdue,2015,2,10,4.8,25.1,6.13,36.5,0.35,0.432,0.545,0.467,-0.42,23.79,9.0,9.0,0.16666666666666666,0.16666666666666666,0.16666666666666669,24.450000000000003,34.1,-0.42,21.266666666666666,35.4,-0.3633333333333333,21.266666666666666,35.4,-0.3633333333333333,0.25,0.08333333333333333,23.8,14.9,31.7,38.0,4.95,4.56,5.58,6.23,-0.42,-0.25,0.16666666666666666,0.0,91
Purdue,2016,3,9,5.11,24.6,6.22,38.3,0.45,0.492,0.455,0.692,-1.42,0.0,3.21,3.21,0.25,0.2222222222222222,0.16666666666666669,24.85,37.4,-0.9199999999999999,24.5,35.5,-0.7533333333333333,22.1,36.125,-0.6275,0.16666666666666666,0.25,25.1,23.8,36.5,31.7,4.8,4.95,6.13,5.58,-0.42,-0.42,0.1875,0.0625,91
Purdue,2017,7,6,5.59,25.2,5.27,20.5,0.333,0.359,0.565,0.565,0.31,0.0,6.85,6.85,0.5384615384615384,0.31837606837606836,0.28846153846153844,24.9,29.4,-0.5549999999999999,24.96666666666667,31.766666666666666,-0.5099999999999999,22.72,33.0,-0.43999999999999995,0.25,0.16666666666666666,24.6,25.1,38.3,36.5,5.11,4.8,6.22,6.13,-1.42,-0.42,0.25769230769230766,0.28076923076923077,91
Purdue,2018,6,7,6.35,30.5,5.99,30.0,0.387,0.364,0.526,0.56,-0.38,0.0,5.47,5.47,0.46153846153846156,0.4166666666666667,0.29487179487179493,27.849999999999998,25.25,-0.035,26.766666666666666,29.599999999999998,-0.49666666666666665,25.839999999999996,31.4,-0.4659999999999999,0.5384615384615384,0.25,25.2,24.6,20.5,38.3,5.59,5.11,5.27,6.22,0.31,-1.42,0.2916666666666667,0.16987179487179488,91
Purdue,2019,4,8,5.47,25.8,6.02,30.6,0.408,0.406,0.5,0.611,-0.67,0.0,5.88,5.88,0.3333333333333333,0.4444444444444444,0.08333333333333331,28.15,30.3,-0.525,27.166666666666668,27.03333333333333,-0.24666666666666667,26.24,31.18,-0.516,0.46153846153846156,0.5384615384615384,30.5,25.2,30.0,20.5,6.35,5.59,5.99,5.27,-0.38,0.31,0.2976190476190476,0.0357142857142857,91
Purdue,2020,2,4,5.7,27.2,5.38,29.8,0.375,0.437,0.545,0.462,0.17,1.0,16.71,16.71,0.3333333333333333,0.37606837606837606,-0.20512820512820512,26.5,30.200000000000003,-0.25,27.833333333333332,30.133333333333336,-0.29333333333333333,26.660000000000004,29.839999999999996,-0.398,0.3333333333333333,0.46153846153846156,25.8,30.5,30.6,30.0,5.47,6.35,6.02,5.99,-0.67,-0.38,0.3020833333333333,0.03125,91
Purdue,2021,9,4,5.91,29.1,5.56,22.4,0.436,0.369,0.5,0.364,-0.23,0.0,6.38,6.38,0.6923076923076923,0.452991452991453,0.23076923076923073,28.15,26.1,-0.03,27.366666666666664,27.599999999999998,-0.24333333333333332,27.560000000000002,26.660000000000004,-0.16,0.3333333333333333,0.3333333333333333,27.2,25.8,29.8,30.6,5.7,5.47,5.38,6.02,0.17,-0.67,0.3454415954415955,0.3468660968660968,91
Purdue,2022,8,6,5.34,26.6,5.77,27.4,0.383,0.349,0.545,0.5,-0.14,17.38,7.13,5.8,0.5714285714285714,0.5323565323565324,0.23809523809523808,27.85,24.9,-0.185,27.633333333333336,26.53333333333333,-0.06666666666666665,27.839999999999996,28.04,-0.25,0.6923076923076923,0.3333333333333333,29.1,27.2,22.4,29.8,5.91,5.7,5.56,5.38,-0.23,0.17,0.368040293040293,0.2033882783882784,91
Purdue,2023,4,8,5.34,23.9,5.72,29.9,0.358,0.412,0.393,0.455,0.0,22.0,6.27,6.27,0.3333333333333333,0.5323565323565324,0.0,25.25,28.65,-0.07,26.53333333333333,26.566666666666666,-0.12333333333333334,26.52,28.02,-0.174,0.5714285714285714,0.6923076923076923,26.6,29.1,27.4,22.4,5.34,5.91,5.77,5.56,-0.14,-0.23,0.3648851148851149,-0.031551781551781566,91
Rice,2013,10,4,5.43,29.6,5.33,24.4,0.394,0.349,0.563,0.433,0.5,21.24,9.26,9.26,0.7142857142857143,0.7142857142857143,-0.4642857142857143,29.6,24.4,0.5,29.6,24.4,0.5,29.6,24.4,0.5,0.0,0.0,0.0,0.0,0.0,0.0,0.0,0.0,0.0,0.0,0.0,0.0,0.7142857142857143,0.0,92
Rice,2014,8,5,5.62,28.8,5.74,28.5,0.448,0.414,0.333,0.25,0.62,27.44,8.17,8.17,0.6153846153846154,0.6648351648351649,-0.4642857142857143,29.200000000000003,26.45,0.56,29.200000000000003,26.45,0.56,29.200000000000003,26.45,0.56,0.7142857142857143,0.0,29.6,0.0,24.4,0.0,5.43,0.0,5.33,0.0,0.5,0.0,0.6648351648351649,-0.0494505494505495,92
Rice,2015,5,7,5.32,26.1,7.13,35.8,0.497,0.443,0.5,0.5,-1.0,23.16,10.77,10.77,0.4166666666666667,0.5821123321123322,-0.4642857142857143,27.450000000000003,32.15,-0.18999999999999995,28.166666666666668,29.566666666666663,0.040000000000000036,28.166666666666668,29.566666666666663,0.040000000000000036,0.6153846153846154,0.7142857142857143,28.8,29.6,28.5,24.4,5.62,5.43,5.74,5.33,0.62,0.5,0.5821123321123322,-0.16544566544566547,92
Rice,2016,3,9,5.16,25.3,7.43,37.3,0.368,0.395,0.647,0.588,-0.58,1.0,6.2,6.2,0.25,0.42735042735042733,-0.4642857142857143,25.700000000000003,36.55,-0.7899999999999999,26.733333333333334,33.86666666666667,-0.31999999999999995,27.450000000000003,31.5,-0.11499999999999996,0.4166666666666667,0.6153846153846154,26.1,28.8,35.8,28.5,5.32,5.62,7.13,5.74,-1.0,0.62,0.4990842490842491,-0.2490842490842491,92
Rice,2017,1,11,5.44,16.3,6.43,35.8,0.388,0.486,0.368,0.625,-1.92,0.0,11.57,11.57,0.08333333333333333,0.25,-0.532051282051282,20.8,36.55,-1.25,22.566666666666666,36.29999999999999,-1.1666666666666667,25.220000000000002,32.36,-0.476,0.25,0.4166666666666667,25.3,26.1,37.3,35.8,5.16,5.32,7.43,7.13,-0.58,-1.0,0.41593406593406596,-0.33260073260073264,92
Rice,2018,2,11,4.82,18.9,6.89,36.0,0.287,0.42,0.6,0.462,-0.31,0.0,8.47,8.47,0.15384615384615385,0.1623931623931624,-0.26282051282051283,17.6,35.9,-1.1149999999999998,20.166666666666668,36.36666666666667,-0.9366666666666665,23.08,34.67999999999999,-0.638,0.08333333333333333,0.25,16.3,25.3,35.8,37.3,5.44,5.16,6.43,7.43,-1.92,-0.58,0.37225274725274726,-0.2184065934065934,92
Rice,2019,3,9,4.69,17.9,5.97,25.9,0.382,0.455,0.444,0.6,-0.42,1.0,3.72,3.72,0.25,0.1623931623931624,0.0,18.4,30.95,-0.3649999999999999,17.7,32.56666666666666,-0.8833333333333332,20.9,34.16,-0.8460000000000001,0.15384615384615385,0.08333333333333333,18.9,16.3,36.0,35.8,4.82,5.44,6.89,6.43,-0.31,-1.92,0.35478806907378335,-0.10478806907378335,92
Rice,2020,2,3,4.75,23.4,5.69,18.8,0.382,0.409,0.545,0.0,0.2,0.0,5.29,5.29,0.4,0.26794871794871794,0.3166666666666667,20.65,22.35,-0.10999999999999988,20.066666666666666,26.900000000000002,-0.1766666666666666,20.36,30.76,-0.606,0.25,0.15384615384615385,17.9,18.9,25.9,36.0,4.69,4.82,5.97,6.89,-0.42,-0.31,0.36043956043956044,0.039560439560439586,92
Rice,2021,4,8,5.31,21.5,6.68,36.2,0.354,0.39,0.533,0.667,-0.25,1.0,7.57,7.57,0.3333333333333333,0.3277777777777778,0.17948717948717946,22.45,27.500000000000004,-0.024999999999999883,20.933333333333334,26.96666666666667,-0.1566666666666666,19.6,30.54,-0.5399999999999999,0.4,0.25,23.4,17.9,18.8,25.9,4.75,4.69,5.69,5.97,0.2,-0.42,0.35742775742775745,-0.02409442409442414,92
Rice,2022,5,8,5.65,25.2,6.48,34.2,0.41,0.412,0.464,0.474,-1.0,17.42,8.94,8.94,0.38461538461538464,0.37264957264957266,0.13461538461538464,23.35,35.2,-0.6249999999999999,23.366666666666664,29.733333333333338,-0.3499999999999999,21.38,30.220000000000006,-0.356,0.3333333333333333,0.4,21.5,23.4,36.2,18.8,5.31,4.75,6.68,5.69,-0.25,0.2,0.36014652014652015,0.024468864468864482,92
Rice,2023,6,7,5.77,29.5,5.5,28.1,0.385,0.371,0.667,0.407,-1.08,16.39,10.38,10.38,0.46153846153846156,0.39316239316239315,0.06153846153846154,27.35,31.150000000000002,-1.04,25.399999999999995,32.833333333333336,-0.7766666666666667,23.5,28.640000000000004,-0.51,0.38461538461538464,0.3333333333333333,25.2,21.5,34.2,36.2,5.65,5.31,6.48,6.68,-1.0,-0.25,0.36936396936396937,0.0921744921744922,92
Rutgers,2013,6,7,5.29,26.5,5.68,29.8,0.353,0.416,0.778,0.765,-0.92,18.47,6.38,6.38,0.46153846153846156,0.46153846153846156,-0.29487179487179493,26.5,29.8,-0.92,26.5,29.8,-0.92,26.5,29.8,-0.92,0.0,0.0,0.0,0.0,0.0,0.0,0.0,0.0,0.0,0.0,0.0,0.0,0.46153846153846156,0.0,93
Rutgers,2014,8,5,5.99,26.7,6.39,30.2,0.359,0.425,0.471,0.429,-0.15,22.41,7.07,7.07,0.6153846153846154,0.5384615384615385,-0.29487179487179493,26.6,30.0,-0.535,26.6,30.0,-0.535,26.6,30.0,-0.535,0.46153846153846156,0.0,26.5,0.0,29.8,0.0,5.29,0.0,5.68,0.0,-0.92,0.0,0.5384615384615385,0.07692307692307687,93
Rutgers,2015,4,8,5.61,27.1,6.85,34.9,0.365,0.445,0.45,0.364,-0.17,18.75,11.47,11.47,0.3333333333333333,0.47008547008547014,-0.29487179487179493,26.9,32.55,-0.16,26.766666666666666,31.633333333333336,-0.41333333333333333,26.766666666666666,31.633333333333336,-0.41333333333333333,0.6153846153846154,0.46153846153846156,26.7,26.5,30.2,29.8,5.99,5.29,6.39,5.68,-0.15,-0.92,0.47008547008547014,-0.13675213675213682,93
Rutgers,2016,2,10,4.14,15.7,6.35,37.5,0.308,0.405,0.438,0.524,-0.42,2.0,10.46,10.46,0.16666666666666666,0.3717948717948718,-0.29487179487179493,21.4,36.2,-0.295,23.166666666666668,34.199999999999996,-0.24666666666666667,24.0,33.1,-0.41500000000000004,0.3333333333333333,0.6153846153846154,27.1,26.7,34.9,30.2,5.61,5.99,6.85,6.39,-0.17,-0.15,0.3942307692307692,-0.22756410256410256,93
Rutgers,2017,4,8,4.43,18.0,5.72,28.3,0.321,0.384,0.286,0.6,-0.42,0.0,9.42,9.42,0.3333333333333333,0.27777777777777773,-0.2820512820512821,16.85,32.900000000000006,-0.42,20.266666666666666,33.56666666666667,-0.33666666666666667,22.8,32.14,-0.41600000000000004,0.16666666666666666,0.3333333333333333,15.7,27.1,37.5,34.9,4.14,5.61,6.35,6.85,-0.42,-0.17,0.382051282051282,-0.04871794871794871,93
Rutgers,2018,1,11,4.14,13.5,5.7,31.4,0.324,0.486,0.474,0.5,-1.17,0.0,6.08,6.08,0.08333333333333333,0.19444444444444442,-0.25,15.75,29.85,-0.7949999999999999,15.733333333333334,32.4,-0.6699999999999999,20.2,32.459999999999994,-0.466,0.3333333333333333,0.16666666666666666,18.0,15.7,28.3,37.5,4.43,4.14,5.72,6.35,-0.42,-0.42,0.33226495726495725,-0.24893162393162394,93
Rutgers,2019,2,10,4.46,13.3,6.22,36.7,0.345,0.442,0.429,0.524,-1.08,1.0,6.7,6.7,0.16666666666666666,0.19444444444444442,0.0,13.4,34.050000000000004,-1.125,14.933333333333332,32.13333333333333,-0.89,17.52,33.760000000000005,-0.652,0.08333333333333333,0.3333333333333333,13.5,18.0,31.4,28.3,4.14,4.43,5.7,5.72,-1.17,-0.42,0.30860805860805857,-0.1419413919413919,93
Rutgers,2020,3,6,4.64,26.7,5.88,32.1,0.34,0.388,0.478,0.625,0.67,1.0,3.67,3.67,0.3333333333333333,0.19444444444444442,0.0,20.0,34.400000000000006,-0.20500000000000002,17.833333333333332,33.4,-0.5266666666666667,17.44,33.2,-0.484,0.16666666666666666,0.08333333333333333,13.3,13.5,36.7,31.4,4.46,4.14,6.22,5.7,-1.08,-1.17,0.31169871794871795,0.021634615384615363,93
Rutgers,2021,5,8,4.52,19.7,5.96,25.6,0.321,0.339,0.359,0.421,0.31,0.0,2.93,2.93,0.38461538461538464,0.2948717948717949,0.3012820512820513,23.2,28.850000000000005,0.49,19.900000000000002,31.46666666666667,-0.03333333333333335,18.240000000000002,30.82,-0.33799999999999997,0.3333333333333333,0.16666666666666666,26.7,13.3,32.1,36.7,4.64,4.46,5.88,6.22,0.67,-1.08,0.3198005698005698,0.06481481481481483,93
Rutgers,2022,4,8,4.44,17.4,5.18,29.2,0.285,0.341,0.529,0.667,-0.5,20.81,7.42,-1.38,0.3333333333333333,0.35042735042735035,0.16666666666666666,18.549999999999997,27.400000000000006,-0.095,21.266666666666666,28.966666666666665,0.16,18.119999999999997,31.0,-0.354,0.38461538461538464,0.3333333333333333,19.7,26.7,25.6,32.1,4.52,4.64,5.96,5.88,0.31,0.67,0.3211538461538462,0.012179487179487136,93
Rutgers,2023,7,6,4.91,23.2,4.99,21.2,0.369,0.391,0.64,0.517,0.38,15.86,6.25,6.25,0.5384615384615384,0.4188034188034188,0.20512820512820512,20.299999999999997,25.200000000000003,-0.06,20.099999999999998,25.333333333333332,0.06333333333333331,20.06,28.96,-0.044000000000000004,0.3333333333333333,0.38461538461538464,17.4,19.7,29.2,25.6,4.44,4.52,5.18,5.96,-0.5,0.31,0.3409090909090909,0.19755244755244755,93
SMU,2013,5,7,5.53,26.8,5.58,33.3,0.389,0.412,0.481,0.45,-0.58,21.76,16.0,16.0,0.4166666666666667,0.4166666666666667,0.0,26.8,33.3,-0.58,26.8,33.3,-0.58,26.8,33.3,-0.58,0.0,0.0,0.0,0.0,0.0,0.0,0.0,0.0,0.0,0.0,0.0,0.0,0.4166666666666667,0.0,94
SMU,2014,1,11,4.08,11.1,6.62,41.3,0.326,0.438,0.5,0.55,-1.17,21.7,9.0,9.0,0.08333333333333333,0.25,0.0,18.95,37.3,-0.875,18.95,37.3,-0.875,18.95,37.3,-0.875,0.4166666666666667,0.0,26.8,0.0,33.3,0.0,5.53,0.0,5.58,0.0,-0.58,0.0,0.25,-0.16666666666666669,94
SMU,2015,2,10,5.29,27.8,7.06,45.7,0.394,0.464,0.35,0.591,-0.83,22.35,11.15,11.15,0.16666666666666666,0.22222222222222224,0.0,19.450000000000003,43.5,-1.0,21.900000000000002,40.1,-0.86,21.900000000000002,40.1,-0.86,0.08333333333333333,0.4166666666666667,11.1,26.8,41.3,33.3,4.08,5.53,6.62,5.58,-1.17,-0.58,0.22222222222222224,-0.05555555555555558,94
SMU,2016,5,7,5.49,27.7,6.0,36.3,0.433,0.377,0.375,0.609,0.17,1.0,9.32,9.32,0.4166666666666667,0.22222222222222224,0.0,27.75,41.0,-0.32999999999999996,22.200000000000003,41.1,-0.61,23.35,39.15,-0.6025,0.16666666666666666,0.08333333333333333,27.8,11.1,45.7,41.3,5.29,4.08,7.06,6.62,-0.83,-1.17,0.27083333333333337,0.14583333333333331,94
SMU,2017,7,6,6.39,37.8,6.59,36.7,0.432,0.429,0.7,0.448,0.31,0.0,6.7,6.7,0.5384615384615384,0.37393162393162394,0.4551282051282051,32.75,36.5,0.24,31.100000000000005,39.56666666666667,-0.11666666666666665,26.24,38.660000000000004,-0.42000000000000004,0.4166666666666667,0.16666666666666666,27.7,27.8,36.3,45.7,5.49,5.29,6.0,7.06,0.17,-0.83,0.3243589743589744,0.21410256410256406,94
SMU,2018,5,7,5.35,30.4,5.54,35.3,0.33,0.477,0.588,0.667,0.58,2.0,9.76,9.76,0.4166666666666667,0.45726495726495725,0.25,34.099999999999994,36.0,0.44499999999999995,31.966666666666665,36.1,0.35333333333333333,26.96,39.059999999999995,-0.188,0.5384615384615384,0.4166666666666667,37.8,27.7,36.7,36.3,6.39,5.49,6.59,6.0,0.31,0.17,0.3397435897435897,0.07692307692307698,94
SMU,2019,10,3,6.14,41.8,5.76,33.4,0.439,0.376,0.733,0.469,0.31,1.0,4.79,4.79,0.7692307692307693,0.5747863247863247,0.3525641025641026,36.099999999999994,34.349999999999994,0.44499999999999995,36.666666666666664,35.13333333333333,0.39999999999999997,33.1,37.480000000000004,0.10800000000000001,0.4166666666666667,0.5384615384615384,30.4,37.8,35.3,36.7,5.35,6.39,5.54,6.59,0.58,0.31,0.40109890109890106,0.3681318681318682,94
SMU,2020,7,3,6.57,38.6,5.64,30.9,0.469,0.434,0.389,0.591,0.5,0.0,7.5,7.5,0.7,0.6286324786324786,0.16153846153846152,40.2,32.15,0.40499999999999997,36.93333333333334,33.199999999999996,0.4633333333333333,35.26,34.519999999999996,0.374,0.7692307692307693,0.4166666666666667,41.8,30.4,33.4,35.3,6.14,5.35,5.76,5.54,0.31,0.58,0.43846153846153846,0.2615384615384615,94
SMU,2021,8,4,6.28,38.4,5.92,28.4,0.435,0.38,0.667,0.433,-0.25,1.0,9.0,9.0,0.6666666666666666,0.711965811965812,0.24999999999999994,38.5,29.65,0.12499999999999997,39.6,30.899999999999995,0.18666666666666668,37.4,32.94,0.29,0.7,0.7692307692307693,38.6,41.8,30.9,33.4,6.57,6.14,5.64,5.76,0.5,0.31,0.46381766381766387,0.20284900284900276,94
SMU,2022,7,6,6.12,37.2,6.0,33.8,0.478,0.381,0.595,0.649,-0.15,20.11,9.47,5.75,0.5384615384615384,0.635042735042735,-0.23076923076923084,37.8,31.099999999999998,-0.2,38.06666666666667,31.03333333333333,0.03333333333333333,37.279999999999994,32.36,0.198,0.6666666666666666,0.7,38.4,38.6,28.4,30.9,6.28,6.57,5.92,5.64,-0.25,0.5,0.4712820512820513,0.06717948717948713,94
SMU,2023,11,3,6.24,38.7,4.59,17.8,0.431,0.281,0.607,0.553,0.21,19.91,9.65,9.65,0.7857142857142857,0.6636141636141636,0.08571428571428574,37.95,25.799999999999997,0.02999999999999997,38.1,26.666666666666668,-0.06333333333333334,38.940000000000005,28.859999999999996,0.124,0.5384615384615384,0.6666666666666666,37.2,38.4,33.8,28.4,6.12,6.28,6.0,5.92,-0.15,-0.25,0.4998667998667999,0.2858474858474858,94
Sam Houston,2023,3,9,4.58,20.0,5.88,26.2,0.357,0.371,0.591,0.556,0.33,22.56,5.72,5.72,0.25,0.25,0.0,20.0,26.2,0.33,20.0,26.2,0.33,20.0,26.2,0.33,0.0,0.0,0.0,0.0,0.0,0.0,0.0,0.0,0.0,0.0,0.0,0.0,0.25,0.0,95
San Diego St.,2017,10,3,6.29,30.8,5.08,20.2,0.448,0.39,0.444,0.222,0.54,0.0,10.13,10.13,0.7692307692307693,0.7692307692307693,-0.2692307692307693,30.8,20.2,0.54,30.8,20.2,0.54,30.8,20.2,0.54,0.0,0.0,0.0,0.0,0.0,0.0,0.0,0.0,0.0,0.0,0.0,0.0,0.7692307692307693,0.0,96
San Diego St.,2018,7,6,5.46,20.6,5.09,22.2,0.35,0.415,0.556,0.467,-0.23,0.0,5.96,5.96,0.5384615384615384,0.6538461538461539,-0.2692307692307693,25.700000000000003,21.2,0.15500000000000003,25.700000000000003,21.2,0.15500000000000003,25.700000000000003,21.2,0.15500000000000003,0.7692307692307693,0.0,30.8,0.0,20.2,0.0,6.29,0.0,5.08,0.0,0.54,0.0,0.6538461538461539,-0.11538461538461542,96
San Diego St.,2019,10,3,4.78,21.2,4.65,12.7,0.382,0.341,0.565,0.429,1.46,0.0,7.63,7.63,0.7692307692307693,0.6923076923076924,-0.2692307692307693,20.9,17.45,0.615,24.2,18.366666666666664,0.59,24.2,18.366666666666664,0.59,0.5384615384615384,0.7692307692307693,20.6,30.8,22.2,20.2,5.46,6.29,5.09,5.08,-0.23,0.54,0.6923076923076924,0.07692307692307687,96
San Diego St.,2020,4,4,5.01,24.6,4.36,17.8,0.367,0.298,0.471,0.8,0.25,0.0,10.0,10.0,0.5,0.6025641025641026,-0.2692307692307693,22.9,15.25,0.855,22.133333333333336,17.566666666666666,0.49333333333333335,24.3,18.225,0.505,0.7692307692307693,0.5384615384615384,21.2,20.6,12.7,22.2,4.78,5.46,4.65,5.09,1.46,-0.23,0.6442307692307693,-0.14423076923076927,96
San Diego St.,2021,12,2,5.14,27.4,4.73,19.8,0.321,0.318,0.591,0.5,0.71,0.0,11.41,11.41,0.8571428571428571,0.7087912087912088,0.31868131868131866,26.0,18.8,0.48,24.399999999999995,16.766666666666666,0.8066666666666666,24.919999999999998,18.54,0.546,0.5,0.7692307692307693,24.6,21.2,17.8,12.7,5.01,4.78,4.36,4.65,0.25,1.46,0.6868131868131868,0.17032967032967028,96
San Diego St.,2022,7,6,5.19,21.5,4.92,20.5,0.294,0.35,0.714,0.308,-0.38,20.35,6.75,6.59,0.5384615384615384,0.6318681318681318,-0.23076923076923084,24.45,20.15,0.16499999999999998,24.5,19.366666666666664,0.19333333333333333,23.060000000000002,18.6,0.362,0.8571428571428571,0.5,27.4,24.6,19.8,17.8,5.14,5.01,4.73,4.36,0.71,0.25,0.6620879120879121,-0.12362637362637363,96
San Diego St.,2023,4,8,5.06,20.5,6.15,26.8,0.353,0.414,0.565,0.529,0.08,21.85,3.85,3.85,0.3333333333333333,0.5763125763125764,-0.16666666666666669,21.0,23.65,-0.15,23.133333333333336,22.366666666666664,0.13666666666666666,23.04,19.520000000000003,0.42400000000000004,0.5384615384615384,0.8571428571428571,21.5,27.4,20.5,19.8,5.19,5.14,4.92,4.73,-0.38,0.71,0.6151229722658293,-0.28178963893249603,96
San Jose St.,2017,2,11,4.6,15.8,6.21,41.7,0.305,0.454,0.429,0.85,-2.0,0.0,14.47,14.47,0.15384615384615385,0.15384615384615385,0.8461538461538461,15.8,41.7,-2.0,15.8,41.7,-2.0,15.8,41.7,-2.0,0.0,0.0,0.0,0.0,0.0,0.0,0.0,0.0,0.0,0.0,0.0,0.0,0.15384615384615385,0.0,97
San Jose St.,2018,1,11,4.82,21.3,6.22,36.6,0.328,0.411,0.286,0.69,0.08,0.0,10.24,10.24,0.08333333333333333,0.11858974358974358,0.8461538461538461,18.55,39.150000000000006,-0.96,18.55,39.150000000000006,-0.96,18.55,39.150000000000006,-0.96,0.15384615384615385,0.0,15.8,0.0,41.7,0.0,4.6,0.0,6.21,0.0,-2.0,0.0,0.11858974358974358,-0.035256410256410256,97
San Jose St.,2019,5,7,6.37,30.1,5.8,31.9,0.409,0.472,0.438,0.615,0.83,1.0,12.18,12.18,0.4166666666666667,0.21794871794871795,0.8461538461538461,25.700000000000003,34.25,0.45499999999999996,22.400000000000002,36.733333333333334,-0.36333333333333334,22.400000000000002,36.733333333333334,-0.36333333333333334,0.08333333333333333,0.15384615384615385,21.3,15.8,36.6,41.7,4.82,4.6,6.22,6.21,0.08,-2.0,0.21794871794871795,0.19871794871794873,97
San Jose St.,2020,7,0,6.8,30.9,4.84,17.9,0.416,0.39,0.4,0.5,0.57,0.0,23.0,23.0,1.0,0.5,0.8461538461538461,30.5,24.9,0.7,27.433333333333337,28.8,0.49333333333333335,24.525,32.025,-0.13000000000000003,0.4166666666666667,0.08333333333333333,30.1,21.3,31.9,36.6,6.37,4.82,5.8,6.22,0.83,0.08,0.41346153846153844,0.5865384615384616,97
San Jose St.,2021,5,7,5.41,20.0,5.12,26.5,0.335,0.4,0.333,0.611,-0.83,0.0,3.36,3.36,0.4166666666666667,0.6111111111111112,0.33333333333333337,25.45,22.2,-0.13,27.0,25.433333333333334,0.18999999999999995,23.619999999999997,30.919999999999998,-0.27,1.0,0.4166666666666667,30.9,30.1,17.9,31.9,6.8,6.37,4.84,5.8,0.57,0.83,0.41410256410256413,0.002564102564102555,97
San Jose St.,2022,7,5,5.71,27.4,5.07,22.0,0.367,0.394,0.444,0.615,0.92,17.36,6.5,13.12,0.5833333333333334,0.6666666666666666,0.16666666666666669,23.7,24.25,0.04500000000000004,26.099999999999998,22.133333333333336,0.22,25.939999999999998,26.98,0.31399999999999995,0.4166666666666667,1.0,20.0,30.9,26.5,17.9,5.41,6.8,5.12,4.84,-0.83,0.57,0.44230769230769235,0.14102564102564102,97
San Jose St.,2023,7,6,6.52,31.8,5.43,25.6,0.454,0.448,0.368,0.667,0.85,13.93,8.33,8.33,0.5384615384615384,0.5128205128205128,-0.46153846153846156,29.6,23.8,0.885,26.400000000000002,24.7,0.31333333333333335,28.04,24.78,0.46799999999999997,0.5833333333333334,0.4166666666666667,27.4,20.0,22.0,26.5,5.71,5.41,5.07,5.12,0.92,-0.83,0.4560439560439561,0.08241758241758235,97
South Alabama,2013,6,6,5.79,29.4,5.62,25.2,0.4,0.364,0.364,0.579,0.42,15.87,7.91,7.91,0.5,0.5,-0.038461538461538436,29.4,25.2,0.42,29.4,25.2,0.42,29.4,25.2,0.42,0.0,0.0,0.0,0.0,0.0,0.0,0.0,0.0,0.0,0.0,0.0,0.0,0.5,0.0,98
South Alabama,2014,6,7,5.15,22.5,5.59,26.4,0.365,0.41,0.25,0.529,-0.54,16.39,5.33,5.33,0.46153846153846156,0.4807692307692308,-0.038461538461538436,25.95,25.799999999999997,-0.060000000000000026,25.95,25.799999999999997,-0.060000000000000026,25.95,25.799999999999997,-0.060000000000000026,0.5,0.0,29.4,0.0,25.2,0.0,5.79,0.0,5.62,0.0,0.42,0.0,0.4807692307692308,-0.019230769230769218,98
South Alabama,2015,5,7,5.19,25.0,6.01,37.3,0.348,0.439,0.438,0.308,-0.42,20.14,14.0,14.0,0.4166666666666667,0.4594017094017094,-0.038461538461538436,23.75,31.849999999999994,-0.48,25.633333333333336,29.63333333333333,-0.18000000000000002,25.633333333333336,29.63333333333333,-0.18000000000000002,0.46153846153846156,0.5,22.5,29.4,26.4,25.2,5.15,5.79,5.59,5.62,-0.54,0.42,0.4594017094017094,-0.042735042735042694,98
South Alabama,2016,6,7,5.73,25.4,5.63,27.0,0.387,0.347,0.455,0.55,-0.15,0.0,2.0,2.0,0.46153846153846156,0.4465811965811966,-0.038461538461538436,25.2,32.14999999999999,-0.285,24.3,30.23333333333333,-0.36999999999999994,25.575,28.974999999999998,-0.17250000000000001,0.4166666666666667,0.46153846153846156,25.0,22.5,37.3,26.4,5.19,5.15,6.01,5.59,-0.42,-0.54,0.45993589743589747,0.0016025641025640969,98
South Alabama,2017,4,8,5.1,19.8,5.88,26.5,0.307,0.426,0.444,0.5,0.17,1.0,6.61,6.61,0.3333333333333333,0.4038461538461539,-0.12820512820512825,22.6,26.749999999999996,0.010000000000000009,23.400000000000002,30.266666666666666,-0.1333333333333333,24.419999999999998,28.479999999999997,-0.10400000000000001,0.46153846153846156,0.4166666666666667,25.4,25.0,27.0,37.3,5.73,5.19,5.63,6.01,-0.15,-0.42,0.4346153846153847,-0.10128205128205137,98
South Alabama,2018,3,9,5.26,24.2,6.7,38.8,0.35,0.374,0.615,0.476,-0.33,0.0,10.72,10.72,0.25,0.3482905982905982,-0.16666666666666669,22.0,32.64999999999999,-0.08,23.133333333333336,30.766666666666666,-0.10333333333333332,23.38,31.2,-0.254,0.3333333333333333,0.46153846153846156,19.8,25.4,26.5,27.0,5.1,5.73,5.88,5.63,0.17,-0.15,0.4038461538461539,-0.1538461538461539,98
South Alabama,2019,2,10,5.01,18.4,5.77,30.7,0.305,0.413,0.462,0.588,-0.5,0.0,12.71,12.71,0.16666666666666666,0.25,-0.29487179487179493,21.299999999999997,34.74999999999999,-0.41500000000000004,20.8,32.0,-0.21999999999999997,22.560000000000002,32.059999999999995,-0.246,0.25,0.3333333333333333,24.2,19.8,38.8,26.5,5.26,5.1,6.7,5.88,-0.33,0.17,0.36996336996337,-0.20329670329670332,98
South Alabama,2020,4,7,5.12,19.9,6.44,27.3,0.395,0.413,0.471,0.385,-0.09,0.0,12.62,12.62,0.36363636363636365,0.2601010101010101,0.03030303030303033,19.15,28.999999999999996,-0.295,20.833333333333332,32.266666666666666,-0.30666666666666664,21.54,30.060000000000002,-0.18,0.16666666666666666,0.25,18.4,24.2,30.7,38.8,5.01,5.26,5.77,6.7,-0.5,-0.33,0.3691724941724942,-0.005536130536130557,98
South Alabama,2021,5,7,5.21,24.9,5.41,26.4,0.307,0.34,0.609,0.583,0.42,2.0,8.0,8.0,0.4166666666666667,0.3156565656565657,0.16666666666666669,22.4,26.849999999999994,0.16499999999999995,21.066666666666666,28.133333333333336,-0.05666666666666664,21.439999999999998,29.939999999999998,-0.06599999999999999,0.36363636363636365,0.16666666666666666,19.9,18.4,27.3,30.7,5.12,5.01,6.44,5.77,-0.09,-0.5,0.3744496244496245,0.0422170422170422,98
South Alabama,2022,10,3,5.78,31.2,5.13,21.3,0.431,0.312,0.567,0.6,0.31,22.42,9.33,11.5,0.7692307692307693,0.5165112665112664,0.6025641025641026,28.049999999999997,23.849999999999994,0.365,25.333333333333332,25.0,0.21333333333333337,23.72,28.9,-0.03799999999999999,0.4166666666666667,0.36363636363636365,24.9,19.9,26.4,27.3,5.21,5.12,5.41,6.44,0.42,-0.09,0.4139277389277389,0.3553030303030304,98
South Alabama,2023,7,6,6.38,33.1,5.01,21.0,0.434,0.341,0.63,0.381,0.15,19.44,1.5,1.5,0.5384615384615384,0.5747863247863247,0.1748251748251748,32.150000000000006,21.15,0.22999999999999993,29.73333333333333,22.900000000000002,0.29333333333333333,25.5,25.34,0.05800000000000001,0.7692307692307693,0.4166666666666667,31.2,24.9,21.3,26.4,5.78,5.21,5.13,5.41,0.31,0.42,0.42524899343081163,0.11321254503072681,98
South Carolina,2013,11,2,6.39,34.1,5.46,20.3,0.439,0.373,0.7,0.619,1.0,22.45,8.25,8.25,0.8461538461538461,0.8461538461538461,-0.3846153846153846,34.1,20.3,1.0,34.1,20.3,1.0,34.1,20.3,1.0,0.0,0.0,0.0,0.0,0.0,0.0,0.0,0.0,0.0,0.0,0.0,0.0,0.8461538461538461,0.0,99
South Carolina,2014,7,6,6.09,32.6,6.22,30.4,0.434,0.42,0.545,0.833,-0.15,22.5,6.85,6.85,0.5384615384615384,0.6923076923076923,-0.3846153846153846,33.35,25.35,0.425,33.35,25.35,0.425,33.35,25.35,0.425,0.8461538461538461,0.0,34.1,0.0,20.3,0.0,6.39,0.0,5.46,0.0,1.0,0.0,0.6923076923076923,-0.15384615384615385,99
South Carolina,2015,3,9,5.61,21.9,6.03,27.5,0.354,0.47,0.55,0.588,0.42,19.07,8.1,8.1,0.25,0.5448717948717948,-0.3846153846153846,27.25,28.95,0.135,29.53333333333333,26.066666666666666,0.42333333333333334,29.53333333333333,26.066666666666666,0.42333333333333334,0.5384615384615384,0.8461538461538461,32.6,34.1,30.4,20.3,6.09,6.39,6.22,5.46,-0.15,1.0,0.5448717948717948,-0.2948717948717948,99
South Carolina,2016,6,7,5.15,20.8,5.62,26.5,0.342,0.426,0.52,0.583,0.54,3.0,9.58,9.58,0.46153846153846156,0.4166666666666667,-0.3846153846153846,21.35,27.0,0.48000000000000004,25.099999999999998,28.133333333333336,0.27,27.35,26.175,0.4525,0.25,0.5384615384615384,21.9,32.6,27.5,30.4,5.61,6.09,6.03,6.22,0.42,-0.15,0.5240384615384616,-0.0625,99
South Carolina,2017,9,4,5.46,24.2,5.16,20.7,0.38,0.398,0.429,0.5,0.85,0.0,5.6,5.6,0.6923076923076923,0.4679487179487179,0.15384615384615385,22.5,23.6,0.6950000000000001,22.3,24.899999999999995,0.6033333333333334,26.72,25.080000000000002,0.532,0.46153846153846156,0.25,20.8,21.9,26.5,27.5,5.15,5.61,5.62,6.03,0.54,0.42,0.5576923076923077,0.13461538461538458,99
South Carolina,2018,7,6,6.24,30.1,5.57,27.2,0.423,0.39,0.4,0.55,-0.38,0.0,7.67,7.67,0.5384615384615384,0.5641025641025641,0.28846153846153844,27.15,23.95,0.235,25.03333333333333,24.799999999999997,0.3366666666666667,25.920000000000005,26.46,0.256,0.6923076923076923,0.46153846153846156,24.2,20.8,20.7,26.5,5.46,5.15,5.16,5.62,0.85,0.54,0.5544871794871794,-0.01602564102564097,99
South Carolina,2019,4,8,5.18,22.4,5.53,26.1,0.321,0.383,0.481,0.357,0.25,0.0,13.83,13.83,0.3333333333333333,0.5213675213675214,-0.12820512820512825,26.25,26.65,-0.065,25.566666666666666,24.666666666666668,0.24,23.880000000000003,25.6,0.33599999999999997,0.5384615384615384,0.6923076923076923,30.1,24.2,27.2,20.7,6.24,5.46,5.57,5.16,-0.38,0.85,0.5228937728937729,-0.1895604395604396,99
South Carolina,2020,2,8,5.35,23.5,6.56,36.0,0.365,0.484,0.739,0.533,-0.4,1.0,12.75,12.75,0.2,0.3572649572649573,-0.4923076923076923,22.95,31.049999999999997,-0.07500000000000001,25.333333333333332,29.76666666666667,-0.17666666666666667,24.2,27.3,0.172,0.3333333333333333,0.5384615384615384,22.4,30.1,26.1,27.2,5.18,6.24,5.53,5.57,0.25,-0.38,0.4825320512820513,-0.2825320512820513,99
South Carolina,2021,7,6,5.29,22.6,5.63,24.0,0.351,0.402,0.483,0.5,0.0,0.0,11.55,11.55,0.5384615384615384,0.3572649572649573,0.0,23.05,29.999999999999996,-0.2,22.833333333333332,28.7,-0.05000000000000001,24.56,26.8,0.06399999999999999,0.2,0.3333333333333333,23.5,22.4,36.0,26.1,5.35,5.18,6.56,5.53,-0.4,0.25,0.4887464387464387,0.04971509971509974,99
South Carolina,2022,8,5,5.92,32.2,5.68,28.8,0.388,0.434,0.591,0.556,-0.31,25.13,16.57,4.6,0.6153846153846154,0.4512820512820513,0.2820512820512821,27.400000000000002,26.4,-0.155,26.100000000000005,29.600000000000005,-0.23666666666666666,26.160000000000004,28.420000000000005,-0.168,0.5384615384615384,0.2,22.6,23.5,24.0,36.0,5.29,5.35,5.63,6.56,0.0,-0.4,0.5014102564102564,0.11397435897435904,99
South Carolina,2023,5,7,5.58,26.0,5.5,26.3,0.338,0.429,0.375,0.609,0.33,18.91,3.73,3.73,0.4166666666666667,0.5235042735042735,0.21666666666666667,29.1,27.549999999999997,0.010000000000000009,26.933333333333337,26.36666666666667,0.006666666666666672,25.34,28.240000000000002,-0.026000000000000002,0.6153846153846154,0.5384615384615384,32.2,22.6,28.8,24.0,5.92,5.29,5.68,5.63,-0.31,0.0,0.4937062937062937,-0.07703962703962702,99
South Fla.,2013,2,10,4.28,13.8,5.42,28.6,0.279,0.39,0.313,0.556,-0.33,25.31,5.31,5.31,0.16666666666666666,0.16666666666666666,0.6794871794871795,13.8,28.6,-0.33,13.8,28.6,-0.33,13.8,28.6,-0.33,0.0,0.0,0.0,0.0,0.0,0.0,0.0,0.0,0.0,0.0,0.0,0.0,0.16666666666666666,0.0,100
South Fla.,2014,4,8,4.94,17.2,5.69,27.0,0.376,0.453,0.474,0.833,0.0,21.75,8.79,8.79,0.3333333333333333,0.25,0.6794871794871795,15.5,27.8,-0.165,15.5,27.8,-0.165,15.5,27.8,-0.165,0.16666666666666666,0.0,13.8,0.0,28.6,0.0,4.28,0.0,5.42,0.0,-0.33,0.0,0.25,0.08333333333333331,100
South Fla.,2015,8,5,6.43,33.6,5.24,22.9,0.369,0.371,0.579,0.591,0.77,19.94,8.24,8.24,0.6153846153846154,0.3717948717948718,0.6794871794871795,25.4,24.95,0.385,21.53333333333333,26.166666666666668,0.14666666666666667,21.53333333333333,26.166666666666668,0.14666666666666667,0.3333333333333333,0.16666666666666666,17.2,13.8,27.0,28.6,4.94,4.28,5.69,5.42,0.0,-0.33,0.3717948717948718,0.2435897435897436,100
South Fla.,2016,11,2,7.17,43.8,5.82,31.6,0.444,0.392,0.895,0.529,0.69,0.0,9.25,9.25,0.8461538461538461,0.5982905982905983,0.6794871794871795,38.7,27.25,0.73,31.53333333333333,27.166666666666668,0.48666666666666664,27.1,27.525,0.2825,0.6153846153846154,0.3333333333333333,33.6,17.2,22.9,27.0,6.43,4.94,5.24,5.69,0.77,0.0,0.4903846153846154,0.3557692307692307,100
South Fla.,2017,10,2,6.15,38.3,4.84,23.5,0.437,0.364,0.6,0.368,0.83,1.0,7.52,7.52,0.8333333333333334,0.764957264957265,0.5,41.05,27.55,0.76,38.56666666666666,26.0,0.7633333333333333,29.339999999999996,26.72,0.392,0.8461538461538461,0.6153846153846154,43.8,33.6,31.6,22.9,7.17,6.43,5.82,5.24,0.69,0.77,0.558974358974359,0.2743589743589744,100
South Fla.,2018,7,6,6.0,28.5,5.84,32.0,0.374,0.414,0.6,0.565,-0.08,0.0,10.17,10.17,0.5384615384615384,0.7393162393162394,-0.07692307692307698,33.400000000000006,27.75,0.375,36.86666666666667,29.03333333333333,0.48,32.279999999999994,27.4,0.442,0.8333333333333334,0.8461538461538461,38.3,43.8,23.5,31.6,6.15,7.17,4.84,5.82,0.83,0.69,0.5555555555555556,-0.017094017094017144,100
South Fla.,2019,4,8,5.14,20.8,5.39,28.9,0.39,0.463,0.438,0.556,0.42,1.0,9.28,9.28,0.3333333333333333,0.5683760683760684,-0.5128205128205128,24.650000000000006,30.45,0.16999999999999998,29.2,28.133333333333336,0.38999999999999996,33.0,27.78,0.526,0.5384615384615384,0.8333333333333334,28.5,38.3,32.0,23.5,6.0,6.15,5.84,4.84,-0.08,0.83,0.5238095238095238,-0.19047619047619052,100
South Fla.,2020,1,8,5.06,23.1,6.06,39.9,0.306,0.5,0.292,0.733,-0.44,1.0,15.16,15.16,0.1111111111111111,0.3276353276353276,-0.7222222222222223,21.950000000000003,34.4,-0.010000000000000009,24.133333333333336,33.6,-0.03333333333333335,30.9,31.18,0.284,0.3333333333333333,0.5384615384615384,20.8,28.5,28.9,32.0,5.14,6.0,5.39,5.84,0.42,-0.08,0.4722222222222222,-0.3611111111111111,100
South Fla.,2021,2,10,5.01,23.2,6.97,34.7,0.343,0.396,0.516,0.636,-0.33,0.0,11.0,11.0,0.16666666666666666,0.2037037037037037,-0.3717948717948718,23.150000000000006,37.3,-0.385,22.366666666666664,34.5,-0.11666666666666668,26.779999999999994,31.8,0.07999999999999999,0.1111111111111111,0.3333333333333333,23.1,20.8,39.9,28.9,5.06,5.14,6.06,5.39,-0.44,0.42,0.4382716049382716,-0.2716049382716049,100
South Fla.,2022,1,11,6.11,28.0,7.42,41.2,0.391,0.503,0.452,0.609,-0.33,21.15,8.33,9.62,0.08333333333333333,0.12037037037037036,-0.25,25.6,37.95,-0.33,24.76666666666667,38.6,-0.3666666666666667,24.720000000000002,35.34,-0.152,0.16666666666666666,0.1111111111111111,23.2,23.1,34.7,39.9,5.01,5.06,6.97,6.06,-0.33,-0.44,0.4027777777777778,-0.3194444444444445,100
South Fla.,2023,7,6,5.71,31.9,6.07,32.2,0.377,0.328,0.435,0.515,0.23,17.7,8.27,8.27,0.5384615384615384,0.26282051282051283,0.42735042735042733,29.950000000000003,36.7,-0.05,27.7,36.03333333333334,-0.14333333333333334,25.4,35.38,-0.09000000000000001,0.08333333333333333,0.16666666666666666,28.0,23.2,41.2,34.7,6.11,5.01,7.42,6.97,-0.33,-0.33,0.4151126651126651,0.12334887334887334,100
Southern California,2013,10,4,6.06,29.7,4.98,21.2,0.351,0.327,0.533,0.364,0.36,20.22,7.88,7.88,0.7142857142857143,0.7142857142857143,0.05494505494505497,29.7,21.2,0.36,29.7,21.2,0.36,29.7,21.2,0.36,0.0,0.0,0.0,0.0,0.0,0.0,0.0,0.0,0.0,0.0,0.0,0.0,0.7142857142857143,0.0,101
Southern California,2014,9,4,6.04,35.8,5.3,25.2,0.466,0.35,0.625,0.577,0.85,22.47,16.25,16.25,0.6923076923076923,0.7032967032967032,0.05494505494505497,32.75,23.2,0.605,32.75,23.2,0.605,32.75,23.2,0.605,0.7142857142857143,0.0,29.7,0.0,21.2,0.0,6.06,0.0,4.98,0.0,0.36,0.0,0.7032967032967032,-0.01098901098901095,101
Southern California,2015,8,6,6.19,33.9,5.7,25.7,0.392,0.362,0.654,0.381,0.79,20.69,13.88,13.88,0.5714285714285714,0.6593406593406593,0.05494505494505497,34.849999999999994,25.45,0.8200000000000001,33.13333333333333,24.03333333333333,0.6666666666666666,33.13333333333333,24.03333333333333,0.6666666666666666,0.6923076923076923,0.7142857142857143,35.8,29.7,25.2,21.2,6.04,6.06,5.3,4.98,0.85,0.36,0.6593406593406593,-0.08791208791208793,101
Southern California,2016,10,3,6.4,34.4,5.38,24.2,0.478,0.354,0.5,0.6,0.0,0.0,6.25,6.25,0.7692307692307693,0.6776556776556776,0.05494505494505497,34.15,24.95,0.395,34.699999999999996,25.03333333333333,0.5466666666666667,33.45,24.075,0.5,0.5714285714285714,0.6923076923076923,33.9,35.8,25.7,25.2,6.19,6.04,5.7,5.3,0.79,0.85,0.6868131868131868,0.08241758241758246,101
Southern California,2017,11,3,6.55,32.6,5.62,26.1,0.411,0.357,0.444,0.556,-0.14,1.0,9.53,9.53,0.7857142857142857,0.7087912087912088,0.09340659340659341,33.5,25.15,-0.07,33.63333333333333,25.333333333333332,0.21666666666666667,33.28,24.48,0.372,0.7692307692307693,0.5714285714285714,34.4,33.9,24.2,25.7,6.4,6.19,5.38,5.7,0.0,0.79,0.7065934065934065,0.07912087912087917,101
Southern California,2018,5,7,5.78,26.1,5.36,27.0,0.371,0.399,0.529,0.619,-0.83,0.0,10.47,10.47,0.4166666666666667,0.6572039072039072,-0.1547619047619047,29.35,26.55,-0.485,31.03333333333333,25.766666666666666,-0.3233333333333333,32.56,25.639999999999997,0.13400000000000004,0.7857142857142857,0.7692307692307693,32.6,34.4,26.1,24.2,6.55,6.4,5.62,5.38,-0.14,0.0,0.6582722832722833,-0.24160561660561658,101
Southern California,2019,8,5,6.52,32.5,5.73,29.4,0.456,0.407,0.6,0.526,-0.77,2.0,5.7,5.7,0.6153846153846154,0.6059218559218559,-0.15384615384615385,29.3,28.2,-0.8,30.400000000000002,27.5,-0.58,31.9,26.48,-0.19,0.4166666666666667,0.7857142857142857,26.1,32.6,27.0,26.1,5.78,6.55,5.36,5.62,-0.83,-0.14,0.652145473574045,-0.036760858189429535,101
Southern California,2020,5,1,5.57,33.3,5.49,26.0,0.438,0.392,0.667,0.417,0.83,0.0,12.2,12.2,0.8333333333333334,0.6217948717948718,0.04761904761904767,32.9,27.7,0.02999999999999997,30.633333333333336,27.46666666666667,-0.2566666666666667,31.779999999999994,26.54,-0.182,0.6153846153846154,0.4166666666666667,32.5,26.1,29.4,27.0,6.52,5.78,5.73,5.36,-0.77,-0.83,0.6747939560439561,0.15853937728937728,101
Southern California,2021,4,8,5.91,28.7,6.4,31.8,0.453,0.428,0.625,0.684,-0.08,1.0,6.0,6.0,0.3333333333333333,0.594017094017094,-0.08333333333333337,31.0,28.9,0.375,31.5,29.066666666666666,-0.006666666666666686,30.639999999999997,28.060000000000002,-0.198,0.8333333333333334,0.6153846153846154,33.3,32.5,26.0,29.4,5.57,6.52,5.49,5.73,0.83,-0.77,0.6368538868538869,-0.30352055352055357,101
Southern California,2022,11,3,7.18,41.4,6.53,29.2,0.536,0.429,0.682,0.655,1.57,18.19,5.47,11.43,0.7857142857142857,0.6507936507936508,0.17032967032967028,35.05,30.5,0.7450000000000001,34.46666666666667,29.0,0.7733333333333334,32.4,28.68,0.14400000000000002,0.3333333333333333,0.8333333333333334,28.7,33.3,31.8,26.0,5.91,5.57,6.4,5.49,-0.08,0.83,0.6517399267399268,0.13397435897435894,101
Southern California,2023,8,5,7.39,41.8,6.1,34.4,0.434,0.436,0.611,0.607,-0.08,22.02,5.0,5.0,0.6153846153846154,0.5781440781440782,-0.21794871794871795,41.599999999999994,31.799999999999997,0.745,37.300000000000004,31.8,0.47,35.54,30.160000000000004,0.294,0.7857142857142857,0.3333333333333333,41.4,28.7,29.2,31.8,7.18,5.91,6.53,6.4,1.57,-0.08,0.6484348984348984,-0.033050283050283014,101
Southern Miss.,2013,1,11,4.62,17.1,5.87,41.9,0.296,0.459,0.438,0.8,-1.58,20.53,13.87,13.87,0.08333333333333333,0.08333333333333333,0.4551282051282051,17.1,41.9,-1.58,17.1,41.9,-1.58,17.1,41.9,-1.58,0.0,0.0,0.0,0.0,0.0,0.0,0.0,0.0,0.0,0.0,0.0,0.0,0.08333333333333333,0.0,102
Southern Miss.,2014,3,9,5.1,19.0,6.41,35.4,0.346,0.444,0.231,0.6,-0.83,29.74,6.72,6.72,0.25,0.16666666666666666,0.4551282051282051,18.05,38.65,-1.205,18.05,38.65,-1.205,18.05,38.65,-1.205,0.08333333333333333,0.0,17.1,0.0,41.9,0.0,4.62,0.0,5.87,0.0,-1.58,0.0,0.16666666666666666,0.08333333333333334,102
Southern Miss.,2015,9,5,6.91,39.9,5.32,25.6,0.462,0.37,0.516,0.478,-0.07,18.88,8.94,8.94,0.6428571428571429,0.3253968253968254,0.4551282051282051,29.45,30.5,-0.44999999999999996,25.333333333333332,34.300000000000004,-0.8266666666666667,25.333333333333332,34.300000000000004,-0.8266666666666667,0.25,0.08333333333333333,19.0,17.1,35.4,41.9,5.1,4.62,6.41,5.87,-0.83,-1.58,0.3253968253968254,0.3174603174603175,102
Southern Miss.,2016,7,6,6.01,32.8,5.71,29.5,0.409,0.24,0.629,0.417,-1.31,0.0,5.38,5.38,0.5384615384615384,0.477106227106227,0.4551282051282051,36.349999999999994,27.55,-0.69,30.566666666666663,30.166666666666668,-0.7366666666666667,27.2,33.1,-0.9475,0.6428571428571429,0.25,39.9,19.0,25.6,35.4,6.91,5.1,5.32,6.41,-0.07,-0.83,0.37866300366300365,0.15979853479853479,102
Southern Miss.,2017,8,5,5.89,29.2,5.05,24.5,0.373,0.346,0.522,0.444,-0.08,0.0,5.8,5.8,0.6153846153846154,0.5989010989010989,0.3653846153846154,31.0,27.0,-0.695,33.96666666666666,26.53333333333333,-0.48666666666666664,27.6,31.380000000000003,-0.774,0.5384615384615384,0.6428571428571429,32.8,39.9,29.5,25.6,6.01,6.91,5.71,5.32,-1.31,-0.07,0.426007326007326,0.18937728937728943,102
Southern Miss.,2018,6,5,5.13,26.2,4.56,19.8,0.359,0.344,0.444,0.714,-0.09,0.0,3.13,3.13,0.5454545454545454,0.5664335664335663,-0.09740259740259749,27.7,22.15,-0.08499999999999988,29.399999999999995,24.599999999999998,-0.49333333333333335,29.419999999999998,26.959999999999997,-0.476,0.6153846153846154,0.5384615384615384,29.2,32.8,24.5,29.5,5.89,6.01,5.05,5.71,-0.08,-1.31,0.4459151959151959,0.09953934953934951,102
Southern Miss.,2019,7,6,6.07,26.6,5.71,26.2,0.386,0.311,0.471,0.688,-0.85,1.0,6.92,6.92,0.5384615384615384,0.5664335664335665,0.0,26.4,23.0,-0.46999999999999986,27.333333333333332,23.5,-0.34,30.939999999999998,25.119999999999997,-0.48,0.5454545454545454,0.6153846153846154,26.2,29.2,19.8,24.5,5.13,5.89,4.56,5.05,-0.09,-0.08,0.45913610199324484,0.0793254364682936,102
Southern Miss.,2020,3,7,5.79,25.3,5.76,32.3,0.422,0.479,0.353,0.667,-0.3,0.0,4.0,4.0,0.3,0.46130536130536126,-0.31538461538461543,25.950000000000003,29.25,-0.5749999999999998,26.03333333333333,26.099999999999998,-0.41333333333333333,28.02,26.46,-0.526,0.5384615384615384,0.5454545454545454,26.6,26.2,26.2,19.8,6.07,5.13,5.71,4.56,-0.85,-0.09,0.43924408924408925,-0.13924408924408926,102
Southern Miss.,2021,3,9,4.25,17.7,5.8,27.9,0.293,0.377,0.412,0.429,-0.58,2.0,11.09,11.09,0.25,0.3628205128205128,-0.2954545454545454,21.5,30.099999999999998,-0.4399999999999999,23.2,28.8,-0.5766666666666667,25.0,26.139999999999997,-0.38,0.3,0.5384615384615384,25.3,26.6,32.3,26.2,5.79,6.07,5.76,5.71,-0.3,-0.85,0.41821696821696824,-0.16821696821696824,102
Southern Miss.,2022,7,6,5.5,25.3,5.4,23.5,0.341,0.364,0.632,0.231,-0.23,20.61,11.92,6.4,0.5384615384615384,0.36282051282051286,0.0,21.5,25.7,-0.4049999999999999,22.766666666666666,27.899999999999995,-0.37000000000000005,24.22,25.939999999999998,-0.41,0.25,0.3,17.7,25.3,27.9,32.3,4.25,5.79,5.8,5.76,-0.58,-0.3,0.43024142524142517,0.10822011322011327,102
Southern Miss.,2023,3,9,5.0,23.2,6.74,35.8,0.38,0.379,0.423,0.5,0.17,24.51,8.54,8.54,0.25,0.3461538461538461,-0.04999999999999999,24.25,29.65,-0.029999999999999888,22.066666666666666,29.066666666666663,-0.2133333333333333,23.62,29.139999999999997,-0.358,0.5384615384615384,0.25,25.3,17.7,23.5,27.9,5.5,4.25,5.4,5.8,-0.23,-0.58,0.4138558411285684,-0.16385584112856838,102
Stanford,2013,11,3,6.34,32.3,4.86,19.0,0.497,0.322,0.571,0.516,0.0,18.12,7.14,7.14,0.7857142857142857,0.7857142857142857,-0.016483516483516425,32.3,19.0,0.0,32.3,19.0,0.0,32.3,19.0,0.0,0.0,0.0,0.0,0.0,0.0,0.0,0.0,0.0,0.0,0.0,0.0,0.0,0.7857142857142857,0.0,103
Stanford,2014,8,5,5.89,27.2,4.21,16.4,0.424,0.358,0.3,0.444,-0.38,21.16,6.91,6.91,0.6153846153846154,0.7005494505494505,-0.016483516483516425,29.75,17.7,-0.19,29.75,17.7,-0.19,29.75,17.7,-0.19,0.7857142857142857,0.0,32.3,0.0,19.0,0.0,6.34,0.0,4.86,0.0,0.0,0.0,0.7005494505494505,-0.08516483516483508,103
Stanford,2015,12,2,6.57,37.8,5.57,22.6,0.5,0.363,0.813,0.625,0.07,21.04,8.45,8.45,0.8571428571428571,0.7527472527472527,-0.016483516483516425,32.5,19.5,-0.155,32.43333333333333,19.333333333333332,-0.10333333333333333,32.43333333333333,19.333333333333332,-0.10333333333333333,0.6153846153846154,0.7857142857142857,27.2,32.3,16.4,19.0,5.89,6.34,4.21,4.86,-0.38,0.0,0.7527472527472527,0.10439560439560436,103
Stanford,2016,10,3,5.77,26.3,5.35,20.4,0.421,0.372,0.5,0.571,0.15,0.0,7.53,7.53,0.7692307692307693,0.7472527472527473,-0.016483516483516425,32.05,21.5,0.11,30.433333333333334,19.8,-0.05333333333333334,30.9,19.6,-0.04,0.8571428571428571,0.6153846153846154,37.8,27.2,22.6,16.4,6.57,5.89,5.57,4.21,0.07,-0.38,0.7568681318681318,0.01236263736263743,103
Stanford,2017,9,5,6.45,32.4,5.98,22.7,0.426,0.435,0.583,0.389,1.14,0.0,9.84,9.84,0.6428571428571429,0.7564102564102564,0.027472527472527486,29.35,21.549999999999997,0.6449999999999999,32.166666666666664,21.900000000000002,0.4533333333333333,31.2,20.22,0.19599999999999998,0.7692307692307693,0.8571428571428571,26.3,37.8,20.4,22.6,5.77,6.57,5.35,5.57,0.15,0.07,0.7340659340659341,-0.09120879120879122,103
Stanford,2018,9,4,6.13,28.4,5.66,22.9,0.394,0.377,0.667,0.548,0.23,1.0,5.43,5.43,0.6923076923076923,0.7014652014652015,-0.1648351648351648,30.400000000000002,22.799999999999997,0.6849999999999999,29.03333333333333,22.0,0.5066666666666666,30.419999999999998,21.0,0.242,0.6428571428571429,0.7692307692307693,32.4,26.3,22.7,20.4,6.45,5.77,5.98,5.35,1.14,0.15,0.7271062271062272,-0.0347985347985349,103
Stanford,2019,4,8,5.59,21.7,6.3,29.8,0.392,0.452,0.308,0.625,-0.08,0.0,8.0,8.0,0.3333333333333333,0.5561660561660562,-0.43589743589743596,25.049999999999997,26.35,0.07500000000000001,27.5,25.133333333333336,0.42999999999999994,29.32,23.68,0.30199999999999994,0.6923076923076923,0.6428571428571429,28.4,32.4,22.9,22.7,6.13,6.45,5.66,5.98,0.23,1.14,0.6708529565672423,-0.337519623233909,103
Stanford,2020,4,2,6.0,29.3,6.58,31.7,0.482,0.513,0.857,1.0,0.33,0.0,5.43,5.43,0.6666666666666666,0.5641025641025641,0.023809523809523725,25.5,30.75,0.125,26.46666666666667,28.13333333333333,0.16,27.619999999999997,25.5,0.354,0.3333333333333333,0.6923076923076923,21.7,28.4,29.8,22.9,5.59,6.13,6.3,5.66,-0.08,0.23,0.6703296703296704,-0.003663003663003761,103
Stanford,2021,3,9,5.2,20.4,6.49,32.4,0.331,0.434,0.6,0.583,-0.83,0.0,11.21,11.21,0.25,0.4166666666666667,-0.4423076923076923,24.85,32.05,-0.24999999999999992,23.8,31.3,-0.19333333333333333,26.439999999999998,27.9,0.15799999999999997,0.6666666666666666,0.3333333333333333,29.3,21.7,31.7,29.8,6.0,5.59,6.58,6.3,0.33,-0.08,0.6236263736263736,-0.37362637362637363,103
Stanford,2022,3,9,5.27,21.3,6.56,32.2,0.378,0.342,0.524,0.739,-0.83,19.73,4.38,7.0,0.25,0.3888888888888889,-0.08333333333333331,20.85,32.3,-0.83,23.666666666666668,32.1,-0.4433333333333333,24.22,29.8,-0.23600000000000004,0.25,0.6666666666666666,20.4,29.3,32.4,31.7,5.2,6.0,6.49,6.58,-0.83,0.33,0.5862637362637363,-0.3362637362637363,103
Stanford,2023,3,9,5.03,20.6,6.57,37.2,0.361,0.513,0.333,0.619,-0.33,18.8,9.38,9.38,0.25,0.25,-0.41666666666666663,20.950000000000003,34.7,-0.58,20.766666666666666,33.93333333333334,-0.6633333333333333,22.66,32.660000000000004,-0.348,0.25,0.25,21.3,20.4,32.2,32.4,5.27,5.2,6.56,6.49,-0.83,-0.83,0.5556943056943058,-0.3056943056943058,103
Syracuse,2013,7,6,5.11,22.7,5.32,25.4,0.388,0.335,0.471,0.421,0.15,16.89,9.0,9.0,0.5384615384615384,0.5384615384615384,-0.20512820512820512,22.7,25.4,0.15,22.7,25.4,0.15,22.7,25.4,0.15,0.0,0.0,0.0,0.0,0.0,0.0,0.0,0.0,0.0,0.0,0.0,0.0,0.5384615384615384,0.0,104
Syracuse,2014,3,9,4.91,17.1,5.0,24.3,0.341,0.393,0.5,0.7,-0.08,19.91,14.3,14.3,0.25,0.3942307692307692,-0.20512820512820512,19.9,24.85,0.034999999999999996,19.9,24.85,0.034999999999999996,19.9,24.85,0.034999999999999996,0.5384615384615384,0.0,22.7,0.0,25.4,0.0,5.11,0.0,5.32,0.0,0.15,0.0,0.3942307692307692,-0.14423076923076922,104
Syracuse,2015,4,8,5.11,27.3,6.21,31.0,0.335,0.369,0.733,1.0,0.42,21.89,8.5,8.5,0.3333333333333333,0.37393162393162394,-0.20512820512820512,22.200000000000003,27.65,0.16999999999999998,22.366666666666664,26.900000000000002,0.16333333333333333,22.366666666666664,26.900000000000002,0.16333333333333333,0.25,0.5384615384615384,17.1,22.7,24.3,25.4,4.91,5.11,5.0,5.32,-0.08,0.15,0.37393162393162394,-0.04059829059829062,104
Syracuse,2016,4,8,5.45,25.7,6.91,38.6,0.396,0.414,0.63,0.529,-0.08,2.0,8.11,8.11,0.3333333333333333,0.3055555555555555,-0.20512820512820512,26.5,34.800000000000004,0.16999999999999998,23.366666666666664,31.3,0.08666666666666666,23.2,29.825,0.1025,0.3333333333333333,0.25,27.3,17.1,31.0,24.3,5.11,4.91,6.21,5.0,0.42,-0.08,0.36378205128205127,-0.03044871794871795,104
Syracuse,2017,4,8,5.33,27.4,6.4,32.2,0.397,0.311,0.579,0.5,-1.0,0.0,2.67,2.67,0.3333333333333333,0.3333333333333333,0.08333333333333331,26.549999999999997,35.400000000000006,-0.54,26.8,33.93333333333334,-0.22,24.04,30.3,-0.11800000000000002,0.3333333333333333,0.3333333333333333,25.7,27.3,38.6,31.0,5.45,5.11,6.91,6.21,-0.08,0.42,0.35769230769230764,-0.024358974358974328,104
Syracuse,2018,10,3,5.68,40.2,5.83,27.0,0.398,0.286,0.556,0.44,1.0,0.0,9.88,9.88,0.7692307692307693,0.47863247863247865,0.43589743589743596,33.8,29.600000000000005,0.0,31.100000000000005,32.6,-0.02666666666666669,27.54,30.619999999999997,0.05199999999999998,0.3333333333333333,0.3333333333333333,27.4,25.7,32.2,38.6,5.33,5.45,6.4,6.91,-1.0,-0.08,0.42628205128205127,0.342948717948718,104
Syracuse,2019,5,7,5.21,28.3,6.07,30.7,0.38,0.427,0.393,0.368,0.75,0.0,1.7,1.7,0.4166666666666667,0.5064102564102565,0.08333333333333337,34.25,28.85,0.875,31.96666666666667,29.966666666666665,0.25,29.78,31.9,0.21799999999999997,0.7692307692307693,0.3333333333333333,40.2,27.4,27.0,32.2,5.68,5.33,5.83,6.4,1.0,-1.0,0.4249084249084249,-0.008241758241758212,104
Syracuse,2020,1,10,4.45,17.8,5.82,32.7,0.261,0.474,0.333,0.647,0.27,0.0,6.54,6.54,0.09090909090909091,0.42560217560217556,-0.2424242424242424,23.049999999999997,31.700000000000003,0.51,28.76666666666667,30.13333333333333,0.6733333333333333,27.880000000000003,32.24,0.188,0.4166666666666667,0.7692307692307693,28.3,40.2,30.7,27.0,5.21,5.68,6.07,5.83,0.75,1.0,0.38315850815850816,-0.2922494172494172,104
Syracuse,2021,5,7,5.73,24.9,5.11,26.3,0.327,0.372,0.5,0.526,-0.58,1.0,8.56,8.56,0.4166666666666667,0.3080808080808081,-0.3525641025641026,21.349999999999994,29.5,-0.15500000000000003,23.666666666666668,29.899999999999995,0.1466666666666667,27.720000000000006,29.78,0.08799999999999997,0.09090909090909091,0.4166666666666667,17.8,28.3,32.7,30.7,4.45,5.21,5.82,6.07,0.27,0.75,0.3868816368816369,0.029785029785029782,104
Syracuse,2022,7,6,5.97,27.7,4.9,23.1,0.37,0.402,0.385,0.455,0.38,26.16,7.8,7.68,0.5384615384615384,0.3486790986790987,0.12179487179487175,26.299999999999997,24.700000000000003,-0.10000000000000003,23.46666666666667,27.366666666666664,0.023333333333333355,27.78,27.96,0.364,0.4166666666666667,0.09090909090909091,24.9,17.8,26.3,32.7,5.73,4.45,5.11,5.82,-0.58,0.27,0.40203962703962703,0.1364219114219114,104
Syracuse,2023,6,7,5.28,23.5,5.35,25.4,0.392,0.406,0.5,0.467,-0.15,18.75,14.2,14.2,0.46153846153846156,0.47222222222222227,0.3706293706293706,25.599999999999994,24.25,0.11499999999999995,25.36666666666667,24.933333333333326,-0.11666666666666665,24.44,27.640000000000004,0.13399999999999998,0.5384615384615384,0.4166666666666667,27.7,24.9,23.1,26.3,5.97,5.73,4.9,5.11,0.38,-0.58,0.40744861199406657,0.054089849544395,104
TCU,2013,4,8,5.03,25.1,4.83,25.3,0.32,0.36,0.4,0.615,-0.17,25.39,10.76,10.76,0.3333333333333333,0.3333333333333333,0.12820512820512825,25.1,25.3,-0.17,25.1,25.3,-0.17,25.1,25.3,-0.17,0.0,0.0,0.0,0.0,0.0,0.0,0.0,0.0,0.0,0.0,0.0,0.0,0.3333333333333333,0.0,105
TCU,2014,12,1,6.68,46.5,4.66,19.0,0.431,0.279,0.5,0.545,1.38,20.19,-1.0,-1.0,0.9230769230769231,0.6282051282051282,0.12820512820512825,35.8,22.15,0.605,35.8,22.15,0.605,35.8,22.15,0.605,0.3333333333333333,0.0,25.1,0.0,25.3,0.0,5.03,0.0,4.83,0.0,-0.17,0.0,0.6282051282051282,0.29487179487179493,105
TCU,2015,11,2,6.79,42.1,5.16,27.2,0.434,0.278,0.467,0.5,0.0,20.43,2.54,2.54,0.8461538461538461,0.7008547008547009,0.12820512820512825,44.3,23.1,0.69,37.9,23.833333333333332,0.4033333333333333,37.9,23.833333333333332,0.4033333333333333,0.9230769230769231,0.3333333333333333,46.5,25.1,19.0,25.3,6.68,5.03,4.66,4.83,1.38,-0.17,0.7008547008547009,0.14529914529914523,105
TCU,2016,6,7,6.08,31.0,5.49,28.0,0.406,0.436,0.588,0.556,-0.31,0.0,3.95,3.95,0.46153846153846156,0.7435897435897436,0.12820512820512825,36.55,27.6,-0.155,39.86666666666667,24.733333333333334,0.35666666666666663,36.175,24.875,0.22499999999999998,0.8461538461538461,0.9230769230769231,42.1,46.5,27.2,19.0,6.79,6.68,5.16,4.66,0.0,1.38,0.641025641025641,-0.1794871794871794,105
TCU,2017,11,3,6.09,33.6,5.07,19.0,0.457,0.313,0.357,0.48,0.21,0.0,8.25,8.25,0.7857142857142857,0.6978021978021979,-0.13736263736263743,32.3,23.5,-0.05,35.56666666666666,24.733333333333334,-0.03333333333333333,35.660000000000004,23.7,0.22199999999999998,0.46153846153846156,0.8461538461538461,31.0,42.1,28.0,27.2,6.08,6.79,5.49,5.16,-0.31,0.0,0.66996336996337,0.11575091575091567,105
TCU,2018,7,6,5.29,23.5,4.85,23.1,0.368,0.315,0.375,0.48,-0.38,0.0,4.86,4.86,0.5384615384615384,0.5952380952380952,-0.3076923076923077,28.55,21.05,-0.085,29.366666666666664,23.366666666666664,-0.16,35.34,23.26,0.18,0.7857142857142857,0.46153846153846156,33.6,31.0,19.0,28.0,6.09,6.08,5.07,5.49,0.21,-0.31,0.6480463980463981,-0.10958485958485964,105
TCU,2019,5,7,5.41,30.3,5.26,26.4,0.47,0.349,0.417,0.4,0.0,0.0,6.36,6.36,0.4166666666666667,0.5802808302808303,-0.04487179487179488,26.9,24.75,-0.19,29.133333333333336,22.833333333333332,-0.056666666666666664,32.1,24.740000000000002,-0.096,0.5384615384615384,0.7857142857142857,23.5,33.6,23.1,19.0,5.29,6.09,4.85,5.07,-0.38,0.21,0.6149921507064364,-0.19832548403976974,105
TCU,2020,6,4,6.0,30.8,5.32,24.2,0.375,0.329,0.538,0.615,0.2,0.0,6.44,6.44,0.6,0.5183760683760683,-0.18571428571428572,30.55,25.299999999999997,0.1,28.2,24.566666666666666,-0.06,29.839999999999996,24.14,-0.055999999999999994,0.4166666666666667,0.5384615384615384,30.3,23.5,26.4,23.1,5.41,5.29,5.26,4.85,0.0,-0.38,0.6131181318681318,-0.013118131868131822,105
TCU,2021,5,7,6.68,28.7,7.21,34.9,0.461,0.469,0.389,0.556,-0.33,0.0,1.67,1.67,0.4166666666666667,0.4777777777777778,-0.12179487179487175,29.75,29.55,-0.065,29.933333333333334,28.5,-0.043333333333333335,29.380000000000003,25.52,-0.06,0.6,0.4166666666666667,30.8,30.3,24.2,26.4,6.0,5.41,5.32,5.26,0.2,0.0,0.5912901912901912,-0.17462352462352454,105
TCU,2022,13,2,6.69,38.8,5.71,29.0,0.398,0.365,0.519,0.476,0.4,20.16,12.04,6.43,0.8666666666666667,0.6277777777777778,0.45,33.75,31.950000000000003,0.035,32.766666666666666,29.366666666666664,0.09000000000000001,30.420000000000005,27.52,-0.022,0.4166666666666667,0.6,28.7,30.8,34.9,24.2,6.68,6.0,7.21,5.32,-0.33,0.2,0.6188278388278389,0.24783882783882782,105
TCU,2023,5,7,6.16,31.3,5.65,27.8,0.466,0.394,0.5,0.387,-0.58,23.63,7.9,7.9,0.4166666666666667,0.5666666666666667,-0.1833333333333333,35.05,28.4,-0.08999999999999997,32.93333333333333,30.566666666666663,-0.17,31.98,28.46,-0.061999999999999986,0.8666666666666667,0.4166666666666667,38.8,28.7,29.0,34.9,6.69,6.68,5.71,7.21,0.4,-0.33,0.6004495504495504,-0.1837828837828837,105
Temple,2013,2,10,5.7,24.9,6.4,29.8,0.422,0.409,0.478,0.526,-0.5,21.28,4.54,4.54,0.16666666666666666,0.16666666666666666,0.5476190476190477,24.9,29.8,-0.5,24.9,29.8,-0.5,24.9,29.8,-0.5,0.0,0.0,0.0,0.0,0.0,0.0,0.0,0.0,0.0,0.0,0.0,0.0,0.16666666666666666,0.0,106
Temple,2014,6,6,4.79,23.1,4.75,17.5,0.235,0.35,0.5,0.333,0.25,19.02,2.95,2.95,0.5,0.3333333333333333,0.5476190476190477,24.0,23.65,-0.125,24.0,23.65,-0.125,24.0,23.65,-0.125,0.16666666666666666,0.0,24.9,0.0,29.8,0.0,5.7,0.0,6.4,0.0,-0.5,0.0,0.3333333333333333,0.16666666666666669,106
Temple,2015,10,4,5.37,29.8,5.04,20.1,0.412,0.319,0.478,0.45,0.21,20.02,8.75,8.75,0.7142857142857143,0.4603174603174603,0.5476190476190477,26.450000000000003,18.8,0.22999999999999998,25.933333333333334,22.46666666666667,-0.013333333333333336,25.933333333333334,22.46666666666667,-0.013333333333333336,0.5,0.16666666666666666,23.1,24.9,17.5,29.8,4.79,5.7,4.75,6.4,0.25,-0.5,0.4603174603174603,0.253968253968254,106
Temple,2016,10,4,5.99,32.4,4.64,18.4,0.416,0.347,0.435,0.5,0.43,1.0,3.71,3.71,0.7142857142857143,0.6428571428571428,0.5476190476190477,31.099999999999998,19.25,0.32,28.433333333333337,18.666666666666668,0.29666666666666663,27.55,21.45,0.0975,0.7142857142857143,0.5,29.8,23.1,20.1,17.5,5.37,4.79,5.04,4.75,0.21,0.25,0.5238095238095238,0.19047619047619047,106
Temple,2017,7,6,5.52,25.1,5.4,25.8,0.414,0.383,0.5,0.478,-0.31,0.0,6.93,6.93,0.5384615384615384,0.6556776556776557,0.038461538461538436,28.749999999999996,22.1,0.060000000000000026,29.100000000000005,21.433333333333337,0.10999999999999999,27.060000000000002,22.32,0.015999999999999993,0.7142857142857143,0.7142857142857143,32.4,29.8,18.4,20.1,5.99,5.37,4.64,5.04,0.43,0.21,0.5267399267399268,0.01172161172161168,106
Temple,2018,8,5,5.68,34.9,4.67,27.1,0.389,0.421,0.481,0.571,0.46,0.0,10.59,10.59,0.6153846153846154,0.6227106227106227,-0.09890109890109888,30.0,26.450000000000003,0.07500000000000001,30.8,23.766666666666666,0.19333333333333333,29.060000000000002,21.78,0.20800000000000002,0.5384615384615384,0.7142857142857143,25.1,32.4,25.8,18.4,5.52,5.99,5.4,4.64,-0.31,0.43,0.5415140415140415,0.07387057387057394,106
Temple,2019,8,5,5.36,26.3,4.93,25.9,0.378,0.379,0.417,0.5,0.0,0.0,7.5,7.5,0.6153846153846154,0.5897435897435898,-0.09890109890109888,30.6,26.5,0.23,28.766666666666666,26.26666666666667,0.05000000000000001,29.7,23.46,0.158,0.6153846153846154,0.5384615384615384,34.9,25.1,27.1,25.8,5.68,5.52,4.67,5.4,0.46,-0.31,0.5520669806384092,0.06331763474620622,106
Temple,2020,1,6,4.65,19.9,6.41,37.1,0.379,0.44,0.571,0.909,-0.29,1.0,11.59,11.59,0.14285714285714285,0.45787545787545786,-0.3956043956043956,23.1,31.5,-0.145,27.03333333333333,30.03333333333333,0.05666666666666668,27.72,26.860000000000003,0.05800000000000001,0.6153846153846154,0.6153846153846154,26.3,34.9,25.9,27.1,5.36,5.68,4.93,4.67,0.0,0.46,0.5009157509157509,-0.35805860805860806,106
Temple,2021,3,9,4.77,16.3,5.56,37.5,0.28,0.421,0.44,0.774,-0.17,0.0,11.41,11.41,0.25,0.33608058608058605,-0.3653846153846154,18.1,37.3,-0.22999999999999998,20.833333333333332,33.5,-0.15333333333333332,24.5,30.68,-0.06200000000000001,0.14285714285714285,0.6153846153846154,19.9,26.3,37.1,25.9,4.65,5.36,6.41,4.93,-0.29,0.0,0.47303622303622306,-0.22303622303622306,106
Temple,2022,3,9,5.24,21.9,5.64,29.2,0.329,0.362,0.424,0.5,-0.92,16.41,3.46,4.15,0.25,0.21428571428571427,-0.3653846153846154,19.1,33.35,-0.545,19.366666666666667,34.6,-0.45999999999999996,23.860000000000003,31.359999999999996,-0.18400000000000002,0.25,0.14285714285714285,16.3,19.9,37.5,37.1,4.77,4.65,5.56,6.41,-0.17,-0.29,0.45073260073260074,-0.20073260073260074,106
Temple,2023,3,9,5.33,21.1,6.3,35.7,0.382,0.47,0.511,0.611,-1.67,18.3,15.12,15.12,0.25,0.25,0.10714285714285715,21.5,32.45,-1.295,19.76666666666667,34.13333333333333,-0.9199999999999999,21.1,33.08,-0.61,0.25,0.25,21.9,16.3,29.2,37.5,5.24,4.77,5.64,5.56,-0.92,-0.17,0.43248418248418247,-0.18248418248418247,106
Tennessee,2013,5,7,5.27,23.8,6.07,29.0,0.358,0.425,0.455,0.75,0.08,25.43,9.91,9.91,0.4166666666666667,0.4166666666666667,0.2756410256410256,23.8,29.0,0.08,23.8,29.0,0.08,23.8,29.0,0.08,0.0,0.0,0.0,0.0,0.0,0.0,0.0,0.0,0.0,0.0,0.0,0.0,0.4166666666666667,0.0,107
Tennessee,2014,7,6,4.93,28.9,5.31,24.2,0.389,0.344,0.583,0.4,0.15,18.81,3.23,3.23,0.5384615384615384,0.47756410256410253,0.2756410256410256,26.35,26.6,0.11499999999999999,26.35,26.6,0.11499999999999999,26.35,26.6,0.11499999999999999,0.4166666666666667,0.0,23.8,0.0,29.0,0.0,5.27,0.0,6.07,0.0,0.08,0.0,0.47756410256410253,0.0608974358974359,107
Tennessee,2015,9,4,5.56,35.2,5.21,20.0,0.46,0.276,0.765,0.75,0.54,18.24,11.26,11.26,0.6923076923076923,0.5491452991452991,0.2756410256410256,32.050000000000004,22.1,0.345,29.3,24.400000000000002,0.25666666666666665,29.3,24.400000000000002,0.25666666666666665,0.5384615384615384,0.4166666666666667,28.9,23.8,24.2,29.0,4.93,5.27,5.31,6.07,0.15,0.08,0.5491452991452991,0.1431623931623932,107
Tennessee,2016,9,4,6.44,36.4,5.84,28.8,0.411,0.379,0.222,0.308,-0.15,0.0,12.67,12.67,0.6923076923076923,0.641025641025641,0.2756410256410256,35.800000000000004,24.4,0.195,33.5,24.333333333333332,0.18000000000000002,31.075000000000003,25.5,0.155,0.6923076923076923,0.5384615384615384,35.2,28.9,20.0,24.2,5.56,4.93,5.21,5.31,0.54,0.15,0.5849358974358975,0.10737179487179482,107
Tennessee,2017,4,8,4.77,19.8,5.94,29.1,0.307,0.452,0.3,0.4,-0.25,0.0,7.33,7.33,0.3333333333333333,0.5726495726495727,-0.20512820512820512,28.1,28.950000000000003,-0.2,30.46666666666667,25.96666666666667,0.04666666666666668,28.82,26.22,0.074,0.6923076923076923,0.6923076923076923,36.4,35.2,28.8,20.0,6.44,5.56,5.84,5.21,-0.15,0.54,0.5346153846153846,-0.2012820512820513,107
Tennessee,2018,5,7,5.46,22.8,5.67,27.9,0.382,0.39,0.455,0.538,-0.08,0.0,2.0,2.0,0.4166666666666667,0.48076923076923084,-0.2756410256410256,21.300000000000004,28.5,-0.16499999999999998,26.333333333333332,28.599999999999998,-0.16,28.620000000000005,26.0,0.042,0.3333333333333333,0.6923076923076923,19.8,36.4,29.1,28.8,4.77,6.44,5.94,5.84,-0.25,-0.15,0.514957264957265,-0.09829059829059833,107
Tennessee,2019,8,5,5.79,24.2,5.01,21.7,0.432,0.393,0.167,0.464,-0.08,0.0,6.21,6.21,0.6153846153846154,0.4551282051282051,-0.07692307692307687,23.500000000000004,24.799999999999997,-0.08,22.266666666666666,26.233333333333334,-0.1366666666666667,27.68,25.5,-0.003999999999999992,0.4166666666666667,0.3333333333333333,22.8,19.8,27.9,29.1,5.46,4.77,5.67,5.94,-0.08,-0.25,0.5293040293040293,0.08608058608058611,107
Tennessee,2020,3,7,5.25,21.5,5.83,30.1,0.302,0.476,0.667,0.444,-0.5,0.0,1.0,1.0,0.3,0.44401709401709405,-0.033333333333333326,22.85,25.9,-0.29,22.833333333333332,26.566666666666666,-0.22,24.94,27.52,-0.21200000000000002,0.6153846153846154,0.4166666666666667,24.2,22.8,21.7,27.9,5.79,5.46,5.01,5.67,-0.08,-0.08,0.5006410256410256,-0.20064102564102565,107
Tennessee,2021,7,6,6.49,39.3,5.43,29.1,0.447,0.421,0.469,0.514,0.23,1.0,2.0,2.0,0.5384615384615384,0.48461538461538467,0.12179487179487175,30.4,29.6,-0.135,28.333333333333332,26.96666666666667,-0.1166666666666667,25.520000000000003,27.580000000000002,-0.136,0.3,0.6153846153846154,21.5,24.2,30.1,21.7,5.25,5.79,5.83,5.01,-0.5,-0.08,0.5048433048433049,0.03361823361823357,107
Tennessee,2022,11,2,7.23,46.1,5.32,22.8,0.416,0.342,0.667,0.424,0.85,19.88,16.55,2.5,0.8461538461538461,0.5615384615384617,0.23076923076923073,42.7,25.950000000000003,0.54,35.63333333333333,27.333333333333332,0.19333333333333333,30.78,26.320000000000004,0.08399999999999999,0.5384615384615384,0.3,39.3,21.5,29.1,30.1,6.49,5.25,5.43,5.83,0.23,-0.5,0.538974358974359,0.3071794871794872,107
Tennessee,2023,9,4,6.48,31.8,4.97,20.3,0.42,0.365,0.389,0.269,0.46,21.31,0.5,0.5,0.6923076923076923,0.6923076923076924,0.3923076923076923,38.95,21.55,0.655,39.06666666666666,24.066666666666666,0.5133333333333333,32.58,24.8,0.192,0.8461538461538461,0.5384615384615384,46.1,39.3,22.8,29.1,7.23,6.49,5.32,5.43,0.85,0.23,0.5529137529137529,0.1393939393939394,107
Texas,2013,8,5,5.29,29.3,5.48,25.8,0.405,0.368,0.458,0.385,0.31,24.95,8.64,8.64,0.6153846153846154,0.6153846153846154,-0.19871794871794873,29.3,25.8,0.31,29.3,25.8,0.31,29.3,25.8,0.31,0.0,0.0,0.0,0.0,0.0,0.0,0.0,0.0,0.0,0.0,0.0,0.0,0.6153846153846154,0.0,108
Texas,2014,6,7,4.92,21.4,4.68,23.8,0.343,0.353,0.5,0.542,-0.23,30.07,10.18,10.18,0.46153846153846156,0.5384615384615385,-0.19871794871794873,25.35,24.8,0.039999999999999994,25.35,24.8,0.039999999999999994,25.35,24.8,0.039999999999999994,0.6153846153846154,0.0,29.3,0.0,25.8,0.0,5.29,0.0,5.48,0.0,0.31,0.0,0.5384615384615385,-0.07692307692307698,108
Texas,2015,5,7,5.7,26.4,5.63,30.3,0.353,0.442,0.4,0.529,0.92,26.33,3.85,3.85,0.4166666666666667,0.49786324786324787,-0.19871794871794873,23.9,27.05,0.34500000000000003,25.7,26.633333333333336,0.3333333333333333,25.7,26.633333333333336,0.3333333333333333,0.46153846153846156,0.6153846153846154,21.4,29.3,23.8,25.8,4.92,5.29,4.68,5.48,-0.23,0.31,0.49786324786324787,-0.08119658119658119,108
Texas,2016,5,7,5.9,31.9,5.63,31.5,0.361,0.383,0.5,0.471,-0.25,0.0,4.89,4.89,0.4166666666666667,0.43162393162393164,-0.19871794871794873,29.15,30.9,0.335,26.566666666666666,28.533333333333335,0.14666666666666664,27.25,27.85,0.1875,0.4166666666666667,0.46153846153846156,26.4,21.4,30.3,23.8,5.7,4.92,5.63,4.68,0.92,-0.23,0.4775641025641026,-0.0608974358974359,108
Texas,2017,7,6,5.15,29.5,5.19,21.2,0.381,0.271,0.467,0.3,0.62,0.0,6.59,6.59,0.5384615384615384,0.45726495726495725,0.07692307692307687,30.7,26.35,0.185,29.266666666666666,27.666666666666668,0.43,27.7,26.52,0.274,0.4166666666666667,0.4166666666666667,31.9,26.4,31.5,30.3,5.9,5.7,5.63,5.63,-0.25,0.92,0.4897435897435898,0.048717948717948656,108
Texas,2018,10,4,5.51,31.1,5.6,25.9,0.464,0.443,0.8,0.545,0.64,0.0,8.71,8.71,0.7142857142857143,0.5564713064713064,0.2976190476190476,30.3,23.549999999999997,0.63,30.833333333333332,26.2,0.33666666666666667,28.060000000000002,26.54,0.33999999999999997,0.5384615384615384,0.4166666666666667,29.5,31.9,21.2,31.5,5.15,5.9,5.19,5.63,0.62,-0.25,0.5271672771672772,0.18711843711843712,108
Texas,2019,8,5,6.37,35.2,6.11,27.5,0.489,0.391,0.368,0.4,0.38,1.0,3.33,3.33,0.6153846153846154,0.6227106227106227,0.19871794871794873,33.150000000000006,26.7,0.51,31.933333333333334,24.866666666666664,0.5466666666666667,30.82,27.279999999999994,0.462,0.7142857142857143,0.5384615384615384,31.1,29.5,25.9,21.2,5.51,5.15,5.6,5.19,0.64,0.62,0.5397697540554683,0.07561486132914708,108
Texas,2020,6,3,6.36,41.3,5.27,29.1,0.39,0.366,0.6,0.231,0.78,0.0,9.42,9.42,0.6666666666666666,0.6654456654456654,0.1282051282051282,38.25,28.3,0.5800000000000001,35.86666666666667,27.5,0.6,33.8,27.04,0.434,0.6153846153846154,0.7142857142857143,35.2,31.1,27.5,25.9,6.37,5.51,6.11,5.6,0.38,0.64,0.5556318681318682,0.11103479853479847,108
Texas,2021,5,7,6.34,35.2,6.03,31.1,0.438,0.419,0.45,0.579,-0.33,0.0,2.86,2.86,0.4166666666666667,0.5662393162393162,-0.2976190476190476,38.25,30.1,0.225,37.233333333333334,29.233333333333334,0.27666666666666667,34.46,26.96,0.418,0.6666666666666666,0.6153846153846154,41.3,35.2,29.1,27.5,6.36,6.37,5.27,6.11,0.78,0.38,0.5401912901912902,-0.12352462352462351,108
Texas,2022,8,5,6.38,34.5,4.94,21.6,0.388,0.411,0.522,0.541,0.15,22.48,9.26,3.09,0.6153846153846154,0.5662393162393163,0.0,34.85,26.35,-0.09000000000000001,37.0,27.26666666666667,0.19999999999999998,35.46,27.040000000000003,0.32399999999999995,0.4166666666666667,0.6666666666666666,35.2,41.3,31.1,29.1,6.34,6.36,6.03,5.27,-0.33,0.78,0.5477106227106228,0.06767399267399266,108
Texas,2023,12,2,6.67,35.8,5.24,18.9,0.384,0.266,0.613,0.464,0.43,19.81,5.43,5.43,0.8571428571428571,0.6297313797313797,0.19047619047619047,35.15,20.25,0.29,35.166666666666664,23.866666666666664,0.08333333333333333,36.4,25.639999999999997,0.28200000000000003,0.6153846153846154,0.4166666666666667,34.5,35.2,21.6,31.1,6.38,6.34,4.94,6.03,0.15,-0.33,0.5758408258408259,0.28130203130203124,108
Texas A&M,2013,9,4,7.34,44.2,6.36,32.2,0.503,0.41,0.611,0.56,0.08,18.27,10.69,10.69,0.6923076923076923,0.6923076923076923,-0.07692307692307687,44.2,32.2,0.08,44.2,32.2,0.08,44.2,32.2,0.08,0.0,0.0,0.0,0.0,0.0,0.0,0.0,0.0,0.0,0.0,0.0,0.0,0.6923076923076923,0.0,109
Texas A&M,2014,8,5,6.33,35.2,5.91,28.1,0.408,0.402,0.579,0.6,-0.54,19.69,7.46,7.46,0.6153846153846154,0.6538461538461539,-0.07692307692307687,39.7,30.150000000000002,-0.23,39.7,30.150000000000002,-0.23,39.7,30.150000000000002,-0.23,0.6923076923076923,0.0,44.2,0.0,32.2,0.0,7.34,0.0,6.36,0.0,0.08,0.0,0.6538461538461539,-0.038461538461538436,109
Texas A&M,2015,8,5,5.59,27.8,5.42,22.0,0.423,0.33,0.3,0.2,-0.46,19.03,10.95,10.95,0.6153846153846154,0.6410256410256411,-0.07692307692307687,31.5,25.05,-0.5,35.733333333333334,27.433333333333337,-0.3066666666666667,35.733333333333334,27.433333333333337,-0.3066666666666667,0.6153846153846154,0.6923076923076923,35.2,44.2,28.1,32.2,6.33,7.34,5.91,6.36,-0.54,0.08,0.6410256410256411,-0.02564102564102566,109
Texas A&M,2016,8,5,6.37,34.8,5.55,24.5,0.392,0.389,0.556,0.333,0.23,0.0,5.2,5.2,0.6153846153846154,0.6153846153846154,-0.07692307692307687,31.299999999999997,23.25,-0.115,32.6,24.866666666666664,-0.25666666666666665,35.5,26.700000000000003,-0.17250000000000001,0.6153846153846154,0.6153846153846154,27.8,35.2,22.0,28.1,5.59,6.33,5.42,5.91,-0.46,-0.54,0.6346153846153846,-0.019230769230769162,109
Texas A&M,2017,7,6,5.54,32.7,5.63,30.7,0.38,0.347,0.5,0.667,0.23,1.0,8.11,8.11,0.5384615384615384,0.5897435897435898,-0.07692307692307698,33.75,27.6,0.23,31.766666666666666,25.733333333333334,1.850371707708594e-17,34.94,27.5,-0.092,0.6153846153846154,0.6153846153846154,34.8,27.8,24.5,22.0,6.37,5.59,5.55,5.42,0.23,-0.46,0.6153846153846154,-0.07692307692307698,109
Texas A&M,2018,9,4,6.26,36.0,5.77,25.3,0.412,0.302,0.5,0.5,-0.54,0.0,6.29,6.29,0.6923076923076923,0.6153846153846154,0.07692307692307687,34.35,28.0,-0.15500000000000003,34.5,26.833333333333332,-0.026666666666666655,33.3,26.119999999999997,-0.21600000000000003,0.5384615384615384,0.6153846153846154,32.7,34.8,30.7,24.5,5.54,6.37,5.63,5.55,0.23,0.23,0.6282051282051282,0.0641025641025641,109
Texas A&M,2019,8,5,5.82,29.5,5.25,22.5,0.4,0.316,0.636,0.643,-0.46,0.0,15.61,15.61,0.6153846153846154,0.6153846153846154,0.0,32.75,23.9,-0.5,32.733333333333334,26.166666666666668,-0.25666666666666665,32.160000000000004,25.0,-0.2,0.6923076923076923,0.5384615384615384,36.0,32.7,25.3,30.7,6.26,5.54,5.77,5.63,-0.54,0.23,0.6263736263736265,-0.010989010989011061,109
Texas A&M,2020,8,1,6.38,31.7,5.4,21.1,0.567,0.352,0.286,0.636,0.56,0.0,-2.0,-2.0,0.8888888888888888,0.7321937321937323,0.3504273504273504,30.6,21.8,0.050000000000000044,32.4,22.96666666666667,-0.14666666666666664,32.94,24.82,0.0040000000000000036,0.6153846153846154,0.6923076923076923,29.5,36.0,22.5,25.3,5.82,6.26,5.25,5.77,-0.46,-0.54,0.6591880341880342,0.22970085470085466,109
Texas A&M,2021,8,4,5.96,29.3,4.66,15.9,0.378,0.328,0.6,0.353,0.08,0.0,5.11,5.11,0.6666666666666666,0.7236467236467236,-0.02564102564102566,30.5,18.5,0.32,30.166666666666668,19.833333333333332,0.06000000000000003,31.839999999999996,23.1,-0.02599999999999999,0.8888888888888888,0.6153846153846154,31.7,29.5,21.1,22.5,6.38,5.82,5.4,5.25,0.56,-0.46,0.6600189933523267,0.006647673314339908,109
Texas A&M,2022,5,7,5.72,22.8,5.17,20.7,0.359,0.356,0.364,0.5,-0.08,22.17,5.5,4.46,0.4166666666666667,0.6574074074074073,-0.19871794871794873,26.05,18.3,0.0,27.933333333333334,19.233333333333334,0.18666666666666668,29.860000000000003,21.1,-0.088,0.6666666666666666,0.8888888888888888,29.3,31.7,15.9,21.1,5.96,6.38,4.66,5.4,0.08,0.56,0.6356837606837606,-0.21901709401709396,109
Texas A&M,2023,7,6,6.0,33.3,5.23,22.1,0.434,0.322,0.579,0.412,-0.15,23.0,6.18,6.18,0.5384615384615384,0.5405982905982906,-0.3504273504273504,28.049999999999997,21.400000000000002,-0.11499999999999999,28.466666666666665,19.566666666666666,-0.04999999999999998,29.32,20.46,-0.009999999999999986,0.4166666666666667,0.6666666666666666,22.8,29.3,20.7,15.9,5.72,5.96,5.17,4.66,-0.08,0.08,0.6268453768453768,-0.08838383838383834,109
Texas St.,2013,6,6,5.08,23.9,5.41,27.3,0.339,0.395,0.524,0.31,0.17,21.94,12.43,12.43,0.5,0.5,-0.33333333333333337,23.9,27.3,0.17,23.9,27.3,0.17,23.9,27.3,0.17,0.0,0.0,0.0,0.0,0.0,0.0,0.0,0.0,0.0,0.0,0.0,0.0,0.5,0.0,110
Texas St.,2014,7,5,6.06,33.8,5.71,27.7,0.39,0.4,0.6,0.615,0.58,21.17,4.56,4.56,0.5833333333333334,0.5416666666666667,-0.33333333333333337,28.849999999999998,27.5,0.375,28.849999999999998,27.5,0.375,28.849999999999998,27.5,0.375,0.5,0.0,23.9,0.0,27.3,0.0,5.08,0.0,5.41,0.0,0.17,0.0,0.5416666666666667,0.04166666666666663,110
Texas St.,2015,3,9,5.55,26.9,7.01,39.2,0.364,0.491,0.615,0.5,-0.58,36.06,8.7,8.7,0.25,0.4444444444444445,-0.33333333333333337,30.349999999999998,33.45,0.0,28.2,31.400000000000002,0.05666666666666668,28.2,31.400000000000002,0.05666666666666668,0.5833333333333334,0.5,33.8,23.9,27.7,27.3,6.06,5.08,5.71,5.41,0.58,0.17,0.4444444444444445,-0.19444444444444448,110
Texas St.,2016,2,10,4.31,18.6,6.19,41.1,0.31,0.423,0.478,0.714,-1.17,1.0,6.78,6.78,0.16666666666666666,0.3333333333333333,-0.33333333333333337,22.75,40.150000000000006,-0.875,26.433333333333334,36.0,-0.38999999999999996,25.799999999999997,33.825,-0.24999999999999997,0.25,0.5833333333333334,26.9,33.8,39.2,27.7,5.55,6.06,7.01,5.71,-0.58,0.58,0.375,-0.20833333333333334,110
Texas St.,2017,2,10,4.77,17.3,6.18,33.6,0.337,0.361,0.231,0.25,-1.25,1.0,8.23,8.23,0.16666666666666666,0.19444444444444442,-0.41666666666666674,17.950000000000003,37.35,-1.21,20.933333333333334,37.96666666666667,-1.0,24.1,33.78,-0.45,0.16666666666666666,0.25,18.6,26.9,41.1,39.2,4.31,5.55,6.19,7.01,-1.17,-0.58,0.33333333333333337,-0.1666666666666667,110
Texas St.,2018,3,9,5.09,19.8,5.3,27.7,0.319,0.39,0.467,0.591,-0.42,0.0,7.65,7.65,0.25,0.19444444444444442,0.0,18.55,30.65,-0.835,18.566666666666666,34.13333333333333,-0.9466666666666667,23.279999999999998,33.86,-0.568,0.16666666666666666,0.16666666666666666,17.3,18.6,33.6,41.1,4.77,4.31,6.18,6.19,-1.25,-1.17,0.3194444444444445,-0.06944444444444448,110
Texas St.,2019,3,9,4.97,18.4,5.72,32.6,0.341,0.462,0.308,0.6,-0.75,0.0,6.79,6.79,0.25,0.22222222222222224,0.08333333333333334,19.1,30.150000000000002,-0.585,18.5,31.3,-0.8066666666666666,20.2,34.839999999999996,-0.834,0.25,0.16666666666666666,19.8,17.3,27.7,33.6,5.09,4.77,5.3,6.18,-0.42,-1.25,0.3095238095238095,-0.05952380952380948,110
Texas St.,2020,2,10,5.7,27.7,6.32,38.2,0.331,0.492,0.385,0.667,-0.25,0.0,8.13,8.13,0.16666666666666666,0.2222222222222222,0.0,23.049999999999997,35.400000000000006,-0.5,21.96666666666667,32.833333333333336,-0.47333333333333333,20.36,34.64,-0.768,0.25,0.25,18.4,19.8,32.6,27.7,4.97,5.09,5.72,5.3,-0.75,-0.42,0.2916666666666667,-0.12500000000000003,110
Texas St.,2021,4,8,4.96,23.1,5.8,33.0,0.341,0.464,0.696,0.682,-0.67,0.0,6.14,6.14,0.3333333333333333,0.25,0.08333333333333331,25.4,35.6,-0.46,23.066666666666666,34.6,-0.5566666666666666,21.259999999999998,33.019999999999996,-0.6679999999999999,0.16666666666666666,0.25,27.7,18.4,38.2,32.6,5.7,4.97,6.32,5.72,-0.25,-0.75,0.2962962962962963,0.037037037037037035,110
Texas St.,2022,4,8,4.72,21.1,5.27,26.3,0.368,0.354,0.333,0.586,0.25,17.36,8.75,7.15,0.3333333333333333,0.27777777777777773,0.08333333333333331,22.1,29.65,-0.21000000000000002,23.96666666666667,32.5,-0.22333333333333336,22.02,31.560000000000002,-0.368,0.3333333333333333,0.16666666666666666,23.1,27.7,33.0,38.2,4.96,5.7,5.8,6.32,-0.67,-0.25,0.3,0.033333333333333326,110
Texas St.,2023,8,5,6.21,36.7,5.71,32.8,0.44,0.468,0.656,0.469,-0.08,23.12,6.42,6.42,0.6153846153846154,0.42735042735042733,0.4487179487179488,28.900000000000002,29.549999999999997,0.08499999999999999,26.96666666666667,30.7,-0.16666666666666666,25.4,32.58,-0.3,0.3333333333333333,0.3333333333333333,21.1,23.1,26.3,33.0,4.72,4.96,5.27,5.8,0.25,-0.67,0.3286713286713287,0.2867132867132867,110
Texas Tech,2013,8,5,5.85,35.8,5.36,30.5,0.45,0.343,0.444,0.448,-1.08,21.81,10.82,10.82,0.6153846153846154,0.6153846153846154,-0.19871794871794873,35.8,30.5,-1.08,35.8,30.5,-1.08,35.8,30.5,-1.08,0.0,0.0,0.0,0.0,0.0,0.0,0.0,0.0,0.0,0.0,0.0,0.0,0.6153846153846154,0.0,111
Texas Tech,2014,4,8,6.62,30.5,6.24,41.3,0.437,0.469,0.435,0.619,-1.08,20.97,3.57,3.57,0.3333333333333333,0.47435897435897434,-0.19871794871794873,33.15,35.9,-1.08,33.15,35.9,-1.08,33.15,35.9,-1.08,0.6153846153846154,0.0,35.8,0.0,30.5,0.0,5.85,0.0,5.36,0.0,-1.08,0.0,0.47435897435897434,-0.14102564102564102,111
Texas Tech,2015,7,6,6.95,45.1,6.91,43.6,0.517,0.497,0.478,0.438,0.15,25.05,12.38,12.38,0.5384615384615384,0.49572649572649574,-0.19871794871794873,37.8,42.45,-0.465,37.13333333333333,38.46666666666667,-0.67,37.13333333333333,38.46666666666667,-0.67,0.3333333333333333,0.6153846153846154,30.5,35.8,41.3,30.5,6.62,5.85,6.24,5.36,-1.08,-1.08,0.49572649572649574,0.042735042735042694,111
Texas Tech,2016,5,7,6.5,43.7,7.05,43.5,0.518,0.433,0.44,0.524,-0.33,1.0,8.4,8.4,0.4166666666666667,0.4294871794871795,-0.19871794871794873,44.400000000000006,43.55,-0.09000000000000002,39.76666666666667,42.800000000000004,-0.4200000000000001,38.775,39.725,-0.5850000000000001,0.5384615384615384,0.3333333333333333,45.1,30.5,43.6,41.3,6.95,6.62,6.91,6.24,0.15,-1.08,0.4759615384615385,-0.059294871794871806,111
Texas Tech,2017,6,7,6.17,34.3,5.78,32.2,0.446,0.421,0.429,0.625,0.85,0.0,5.58,5.58,0.46153846153846156,0.47222222222222227,0.12820512820512825,39.0,37.85,0.25999999999999995,41.03333333333333,39.76666666666667,0.2233333333333333,37.88,38.22,-0.29800000000000004,0.4166666666666667,0.5384615384615384,43.7,45.1,43.5,43.6,6.5,6.95,7.05,6.91,-0.33,0.15,0.47307692307692306,-0.011538461538461497,111
Texas Tech,2018,5,7,5.99,37.3,5.95,31.1,0.473,0.377,0.611,0.381,-0.33,1.0,6.17,6.17,0.4166666666666667,0.43162393162393164,-0.12179487179487175,35.8,31.650000000000002,0.26,38.43333333333334,35.6,0.0633333333333333,38.18,38.339999999999996,-0.14800000000000005,0.46153846153846156,0.4166666666666667,34.3,43.7,32.2,43.5,6.17,6.5,5.78,7.05,0.85,-0.33,0.46367521367521364,-0.04700854700854695,111
Texas Tech,2019,4,8,6.09,30.5,6.59,30.3,0.382,0.417,0.48,0.533,0.33,1.0,5.22,5.22,0.3333333333333333,0.4038461538461538,-0.08333333333333337,33.9,30.700000000000003,0.0,34.03333333333333,31.200000000000003,0.2833333333333334,38.17999999999999,36.14,0.13399999999999998,0.4166666666666667,0.46153846153846156,37.3,34.3,31.1,32.2,5.99,6.17,5.95,5.78,-0.33,0.85,0.4450549450549451,-0.11172161172161177,111
Texas Tech,2020,4,6,5.84,29.1,5.73,36.7,0.369,0.414,0.583,0.571,-0.9,1.0,13.58,13.58,0.4,0.38333333333333336,-0.06153846153846154,29.8,33.5,-0.28500000000000003,32.300000000000004,32.7,-0.30000000000000004,34.98,34.760000000000005,-0.07600000000000003,0.3333333333333333,0.4166666666666667,30.5,37.3,30.3,31.1,6.09,5.99,6.59,5.95,0.33,-0.33,0.4394230769230769,-0.039423076923076894,111
Texas Tech,2021,7,6,6.57,30.3,5.86,30.2,0.427,0.447,0.483,0.733,-0.31,0.0,8.44,8.44,0.5384615384615384,0.4239316239316239,0.12179487179487175,29.700000000000003,33.45,-0.605,29.96666666666667,32.4,-0.2933333333333334,32.3,32.1,-0.07200000000000001,0.4,0.3333333333333333,29.1,30.5,36.7,30.3,5.84,6.09,5.73,6.59,-0.9,0.33,0.4504273504273504,0.08803418803418805,111
Texas Tech,2022,8,5,5.48,34.2,5.88,29.2,0.37,0.386,0.635,0.333,-0.46,22.7,6.47,15.7,0.6153846153846154,0.517948717948718,0.2820512820512821,32.25,29.700000000000003,-0.38499999999999995,31.200000000000003,32.03333333333333,-0.5566666666666668,32.279999999999994,31.5,-0.33399999999999996,0.5384615384615384,0.4,30.3,29.1,30.2,36.7,6.57,5.84,5.86,5.73,-0.31,-0.9,0.46692307692307694,0.14846153846153848,111
Texas Tech,2023,7,6,5.33,27.4,5.49,26.0,0.395,0.414,0.649,0.44,-0.46,21.09,7.64,7.64,0.5384615384615384,0.564102564102564,0.1384615384615384,30.800000000000004,27.6,-0.46,30.633333333333336,28.46666666666667,-0.4100000000000001,30.3,30.48,-0.36000000000000004,0.6153846153846154,0.5384615384615384,34.2,30.3,29.2,30.2,5.48,6.57,5.88,5.86,-0.46,-0.31,0.47342657342657346,0.06503496503496498,111
Toledo,2013,7,5,6.37,33.0,5.82,28.6,0.421,0.455,0.5,0.647,0.33,20.6,8.92,8.92,0.5833333333333334,0.5833333333333334,0.10897435897435892,33.0,28.6,0.33,33.0,28.6,0.33,33.0,28.6,0.33,0.0,0.0,0.0,0.0,0.0,0.0,0.0,0.0,0.0,0.0,0.0,0.0,0.5833333333333334,0.0,112
Toledo,2014,9,4,6.55,36.6,5.81,30.5,0.46,0.432,0.643,0.625,-0.23,18.89,7.38,7.38,0.6923076923076923,0.6378205128205128,0.10897435897435892,34.8,29.55,0.05,34.8,29.55,0.05,34.8,29.55,0.05,0.5833333333333334,0.0,33.0,0.0,28.6,0.0,6.37,0.0,5.82,0.0,0.33,0.0,0.6378205128205128,0.054487179487179516,112
Toledo,2015,10,2,6.13,35.0,5.07,20.8,0.462,0.403,0.455,0.421,0.67,19.13,8.62,8.62,0.8333333333333334,0.702991452991453,0.10897435897435892,35.8,25.65,0.22000000000000003,34.86666666666667,26.633333333333336,0.25666666666666665,34.86666666666667,26.633333333333336,0.25666666666666665,0.6923076923076923,0.5833333333333334,36.6,33.0,30.5,28.6,6.55,6.37,5.81,5.82,-0.23,0.33,0.702991452991453,0.13034188034188032,112
Toledo,2016,9,4,7.2,38.0,5.81,25.7,0.511,0.347,0.4,0.467,-0.31,1.0,6.6,6.6,0.6923076923076923,0.7393162393162394,0.10897435897435892,36.5,23.25,0.18000000000000002,36.53333333333333,25.666666666666668,0.043333333333333335,35.65,26.4,0.115,0.8333333333333334,0.6923076923076923,35.0,36.6,20.8,30.5,6.13,6.55,5.07,5.81,0.67,-0.23,0.7003205128205128,-0.008012820512820484,112
Toledo,2017,11,3,6.91,36.4,5.63,26.2,0.391,0.344,0.444,0.423,0.07,0.0,3.5,3.5,0.7857142857142857,0.7704517704517705,0.09340659340659341,37.2,25.95,-0.12,36.46666666666667,24.233333333333334,0.14333333333333334,35.8,26.360000000000003,0.10600000000000001,0.6923076923076923,0.8333333333333334,38.0,35.0,25.7,20.8,7.2,6.13,5.81,5.07,-0.31,0.67,0.7173992673992674,0.0683150183150183,112
Toledo,2018,7,6,6.22,40.4,5.84,30.5,0.369,0.344,0.45,0.435,0.23,0.0,11.0,11.0,0.5384615384615384,0.6721611721611721,-0.29487179487179493,38.4,28.35,0.15000000000000002,38.26666666666667,27.46666666666667,-0.0033333333333333457,37.28,26.740000000000002,0.08600000000000001,0.7857142857142857,0.6923076923076923,36.4,38.0,26.2,25.7,6.91,7.2,5.63,5.81,0.07,-0.31,0.6875763125763127,-0.14911477411477425,112
Toledo,2019,6,6,6.09,27.3,6.62,32.2,0.38,0.42,0.581,0.435,-0.67,0.0,8.18,8.18,0.5,0.608058608058608,-0.1923076923076923,33.85,31.35,-0.22,34.7,29.633333333333336,-0.12333333333333336,35.42,27.080000000000002,-0.0020000000000000018,0.5384615384615384,0.7857142857142857,40.4,36.4,30.5,26.2,6.22,6.91,5.84,5.63,0.23,0.07,0.6607796964939823,-0.16077969649398227,112
Toledo,2020,4,2,6.42,35.0,5.35,24.3,0.482,0.274,0.462,0.538,-0.5,0.0,3.83,3.83,0.6666666666666666,0.5683760683760682,-0.11904761904761907,31.150000000000002,28.25,-0.585,34.233333333333334,29.0,-0.31333333333333335,35.42,27.78,-0.23600000000000004,0.5,0.5384615384615384,27.3,40.4,32.2,30.5,6.09,6.22,6.62,5.84,-0.67,0.23,0.6615155677655677,0.005151098901098883,112
Toledo,2021,7,6,6.58,33.4,4.87,21.8,0.356,0.379,0.417,0.458,0.54,0.0,9.88,9.88,0.5384615384615384,0.5683760683760684,0.0,34.2,23.05,0.020000000000000018,31.900000000000002,26.100000000000005,-0.21000000000000005,34.5,27.0,-0.06599999999999999,0.6666666666666666,0.5,35.0,27.3,24.3,32.2,6.42,6.09,5.35,6.62,-0.5,-0.67,0.6478428978428978,-0.1093813593813594,112
Toledo,2022,9,5,5.52,31.3,4.8,25.1,0.402,0.335,0.593,0.417,-0.57,15.55,8.13,4.56,0.6428571428571429,0.615995115995116,0.1428571428571429,32.35,23.450000000000003,-0.014999999999999958,33.233333333333334,23.733333333333334,-0.17666666666666664,33.480000000000004,26.78,-0.194,0.5384615384615384,0.6666666666666666,33.4,35.0,21.8,24.3,6.58,6.42,4.87,5.35,0.54,-0.5,0.6473443223443224,-0.004487179487179471,112
Toledo,2023,11,3,6.51,32.3,4.96,20.3,0.444,0.374,0.591,0.462,-0.21,16.0,6.38,6.38,0.7857142857142857,0.6556776556776557,0.11904761904761907,31.8,22.700000000000003,-0.38999999999999996,32.333333333333336,22.400000000000002,-0.07999999999999997,31.860000000000003,24.740000000000002,-0.282,0.6428571428571429,0.5384615384615384,31.3,33.4,25.1,21.8,5.52,6.58,4.8,4.87,-0.57,0.54,0.6599234099234099,0.12579087579087578,112
Troy,2013,6,6,6.04,34.1,6.67,35.9,0.441,0.436,0.667,0.421,-0.67,22.05,8.59,8.59,0.5,0.5,0.2692307692307693,34.1,35.9,-0.67,34.1,35.9,-0.67,34.1,35.9,-0.67,0.0,0.0,0.0,0.0,0.0,0.0,0.0,0.0,0.0,0.0,0.0,0.0,0.5,0.0,113
Troy,2014,3,9,5.34,21.8,6.38,36.2,0.389,0.509,0.48,0.588,0.33,25.03,8.6,8.6,0.25,0.375,0.2692307692307693,27.950000000000003,36.05,-0.17,27.950000000000003,36.05,-0.17,27.950000000000003,36.05,-0.17,0.5,0.0,34.1,0.0,35.9,0.0,6.04,0.0,6.67,0.0,-0.67,0.0,0.375,-0.125,113
Troy,2015,4,8,5.41,27.9,5.25,28.3,0.351,0.36,0.368,0.613,0.0,17.5,10.0,10.0,0.3333333333333333,0.3611111111111111,0.2692307692307693,24.85,32.25,0.165,27.933333333333334,33.46666666666667,-0.11333333333333334,27.933333333333334,33.46666666666667,-0.11333333333333334,0.25,0.5,21.8,34.1,36.2,35.9,5.34,6.04,6.38,6.67,0.33,-0.67,0.3611111111111111,-0.02777777777777779,113
Troy,2016,10,3,5.72,33.7,5.05,22.1,0.37,0.353,0.654,0.545,0.77,0.0,7.47,7.47,0.7692307692307693,0.45085470085470086,0.2692307692307693,30.800000000000004,25.200000000000003,0.385,27.8,28.866666666666664,0.3666666666666667,29.375,30.625,0.1075,0.3333333333333333,0.25,27.9,21.8,28.3,36.2,5.41,5.34,5.25,6.38,0.0,0.33,0.46314102564102566,0.3060897435897436,113
Troy,2017,11,2,6.24,31.5,4.78,18.5,0.429,0.389,0.632,0.467,0.54,0.0,9.41,9.41,0.8461538461538461,0.6495726495726496,0.5961538461538461,32.60000000000001,20.3,0.655,31.03333333333333,22.96666666666667,0.4366666666666667,29.8,28.2,0.194,0.7692307692307693,0.3333333333333333,33.7,27.9,22.1,28.3,5.72,5.41,5.05,5.25,0.77,0.0,0.5397435897435898,0.3064102564102563,113
Troy,2018,10,3,5.91,30.7,5.05,22.0,0.381,0.387,0.478,0.65,0.77,0.0,6.0,6.0,0.7692307692307693,0.794871794871795,0.43589743589743596,31.1,20.25,0.655,31.966666666666665,20.86666666666667,0.6933333333333334,29.119999999999997,25.419999999999998,0.48200000000000004,0.8461538461538461,0.7692307692307693,31.5,33.7,18.5,22.1,6.24,5.72,4.78,5.05,0.54,0.77,0.577991452991453,0.19123931623931623,113
Troy,2019,5,7,6.13,33.8,6.2,34.8,0.469,0.463,0.591,0.529,-0.17,1.0,5.88,5.88,0.4166666666666667,0.6773504273504273,-0.3525641025641026,32.25,28.4,0.3,31.999999999999996,25.099999999999998,0.38000000000000006,31.52,25.14,0.382,0.7692307692307693,0.8461538461538461,30.7,31.5,22.0,18.5,5.91,6.24,5.05,4.78,0.77,0.54,0.554945054945055,-0.1382783882783883,113
Troy,2020,5,6,5.51,27.4,5.53,25.7,0.457,0.381,0.588,0.464,-0.36,0.0,2.91,2.91,0.45454545454545453,0.5468142968142967,-0.3916083916083916,30.599999999999998,30.25,-0.265,30.633333333333326,27.5,0.08,31.419999999999998,24.619999999999997,0.31,0.4166666666666667,0.7692307692307693,33.8,30.7,34.8,22.0,6.13,5.91,6.2,5.05,-0.17,0.77,0.5423951048951049,-0.08784965034965037,113
Troy,2021,5,7,5.17,22.8,5.08,26.1,0.399,0.333,0.6,0.719,0.25,0.0,6.28,6.28,0.4166666666666667,0.4292929292929293,-0.3525641025641026,25.1,25.9,-0.05499999999999999,27.999999999999996,28.866666666666664,-0.09333333333333334,29.24,25.419999999999998,0.20600000000000002,0.45454545454545453,0.4166666666666667,27.4,33.8,25.7,34.8,5.51,6.13,5.53,6.2,-0.36,-0.17,0.5284252784252784,-0.11175861175861174,113
Troy,2022,12,2,5.62,25.6,4.69,17.1,0.333,0.395,0.63,0.517,0.43,17.26,9.43,6.72,0.8571428571428571,0.5761183261183261,0.4404761904761904,24.200000000000003,21.6,0.33999999999999997,25.266666666666662,22.96666666666667,0.10666666666666665,28.060000000000002,25.14,0.184,0.4166666666666667,0.45454545454545453,22.8,27.4,26.1,25.7,5.17,5.51,5.08,5.53,0.25,-0.36,0.5612970362970363,0.2958458208458208,113
Troy,2023,11,3,6.23,29.6,4.76,17.1,0.402,0.325,0.467,0.333,0.36,20.84,5.64,5.64,0.7857142857142857,0.6865079365079364,0.33116883116883117,27.6,17.1,0.395,25.999999999999996,20.099999999999998,0.3466666666666667,27.839999999999996,24.16,0.10200000000000001,0.8571428571428571,0.4166666666666667,25.6,22.8,17.1,26.1,5.62,5.17,4.69,5.08,0.43,0.25,0.5816986044258772,0.20401568128840852,113
Tulane,2013,7,6,4.66,24.8,4.92,21.4,0.359,0.394,0.545,0.6,0.85,20.62,7.8,7.8,0.5384615384615384,0.5384615384615384,-0.20512820512820512,24.8,21.4,0.85,24.8,21.4,0.85,24.8,21.4,0.85,0.0,0.0,0.0,0.0,0.0,0.0,0.0,0.0,0.0,0.0,0.0,0.0,0.5384615384615384,0.0,114
Tulane,2014,3,9,4.83,16.0,5.65,28.4,0.332,0.381,0.259,0.389,0.25,25.62,7.3,7.3,0.25,0.3942307692307692,-0.20512820512820512,20.4,24.9,0.55,20.4,24.9,0.55,20.4,24.9,0.55,0.5384615384615384,0.0,24.8,0.0,21.4,0.0,4.66,0.0,4.92,0.0,0.85,0.0,0.3942307692307692,-0.14423076923076922,114
Tulane,2015,3,9,4.76,19.7,5.81,36.3,0.346,0.464,0.313,0.591,0.08,23.82,13.08,13.08,0.25,0.3461538461538461,-0.20512820512820512,17.85,32.349999999999994,0.165,20.166666666666668,28.7,0.3933333333333333,20.166666666666668,28.7,0.3933333333333333,0.25,0.5384615384615384,16.0,24.8,28.4,21.4,4.83,4.66,5.65,4.92,0.25,0.85,0.3461538461538461,-0.09615384615384609,114
Tulane,2016,4,8,4.83,24.1,5.36,27.7,0.278,0.429,0.556,0.333,0.75,0.0,2.07,2.07,0.3333333333333333,0.27777777777777773,-0.20512820512820512,21.9,32.0,0.41500000000000004,19.933333333333334,30.799999999999997,0.36000000000000004,21.15,28.45,0.4825,0.25,0.25,19.7,16.0,36.3,28.4,4.76,4.83,5.81,5.65,0.08,0.25,0.34294871794871795,-0.009615384615384637,114
Tulane,2017,5,7,5.76,27.5,6.68,29.2,0.399,0.444,0.64,0.478,0.67,0.0,6.33,6.33,0.4166666666666667,0.3333333333333333,0.16666666666666669,25.8,28.45,0.7100000000000001,23.766666666666666,31.066666666666663,0.5,22.419999999999998,28.6,0.52,0.3333333333333333,0.25,24.1,19.7,27.7,36.3,4.83,4.76,5.36,5.81,0.75,0.08,0.35769230769230764,0.05897435897435904,114
Tulane,2018,7,6,5.77,26.8,5.56,27.5,0.354,0.337,0.357,0.483,-0.08,0.0,9.42,9.42,0.5384615384615384,0.42948717948717946,0.28846153846153844,27.15,28.35,0.2950000000000001,26.133333333333336,28.133333333333336,0.4466666666666666,22.82,29.82,0.33399999999999996,0.4166666666666667,0.3333333333333333,27.5,24.1,29.2,27.7,5.76,4.83,6.68,5.36,0.67,0.75,0.3878205128205128,0.15064102564102566,114
Tulane,2019,7,6,6.16,33.1,5.49,26.3,0.389,0.39,0.588,0.538,-0.15,0.0,12.18,12.18,0.5384615384615384,0.49786324786324787,0.20512820512820512,29.950000000000003,26.9,-0.11499999999999994,29.133333333333336,27.666666666666668,0.1466666666666667,26.24,29.4,0.254,0.5384615384615384,0.4166666666666667,26.8,27.5,27.5,29.2,5.77,5.76,5.56,6.68,-0.08,0.67,0.40934065934065933,0.1291208791208791,114
Tulane,2020,6,6,5.7,34.7,5.63,28.1,0.34,0.4,0.545,0.485,0.42,1.0,6.68,6.68,0.5,0.5256410256410257,0.08333333333333331,33.900000000000006,27.200000000000003,0.13500000000000006,31.53333333333333,27.3,0.06333333333333334,29.24,27.76,0.322,0.5384615384615384,0.5384615384615384,33.1,26.8,26.3,27.5,6.16,5.77,5.49,5.56,-0.15,-0.08,0.4206730769230769,0.07932692307692307,114
Tulane,2021,2,10,5.64,27.6,5.81,34.0,0.361,0.4,0.5,0.793,-0.75,0.0,6.17,6.17,0.16666666666666666,0.40170940170940167,-0.3717948717948718,31.150000000000002,31.050000000000004,-0.16499999999999995,31.8,29.46666666666667,-0.16,29.940000000000005,29.02,0.02200000000000002,0.5,0.5384615384615384,34.7,33.1,28.1,26.3,5.7,6.16,5.63,5.49,0.42,-0.15,0.3924501424501424,-0.22578347578347577,114
Tulane,2022,12,2,6.6,36.0,5.0,22.2,0.384,0.374,0.593,0.568,0.36,22.85,9.87,1.12,0.8571428571428571,0.5079365079365079,0.31868131868131866,31.8,28.1,-0.19499999999999995,32.766666666666666,28.100000000000005,0.00999999999999999,31.640000000000004,27.619999999999997,-0.039999999999999994,0.16666666666666666,0.5,27.6,34.7,34.0,28.1,5.64,5.7,5.81,5.63,-0.75,0.42,0.43891941391941386,0.41822344322344324,114
Tulane,2023,11,3,5.79,26.4,5.2,20.5,0.378,0.366,0.594,0.459,0.5,19.0,7.0,7.0,0.7857142857142857,0.6031746031746031,0.2857142857142857,31.2,21.35,0.43000000000000005,30.0,25.566666666666666,0.03666666666666666,31.560000000000002,26.22,0.07600000000000001,0.8571428571428571,0.16666666666666666,36.0,27.6,22.2,34.0,6.6,5.64,5.0,5.81,0.36,-0.75,0.4704462204462205,0.3152680652680652,114
Tulsa,2013,3,9,4.69,21.1,5.52,33.9,0.35,0.44,0.567,0.583,-0.83,23.73,9.71,9.71,0.25,0.25,0.5192307692307693,21.1,33.9,-0.83,21.1,33.9,-0.83,21.1,33.9,-0.83,0.0,0.0,0.0,0.0,0.0,0.0,0.0,0.0,0.0,0.0,0.0,0.0,0.25,0.0,115
Tulsa,2014,2,10,5.17,24.7,6.95,39.3,0.384,0.417,0.393,0.688,-0.67,15.62,7.0,7.0,0.16666666666666666,0.20833333333333331,0.5192307692307693,22.9,36.599999999999994,-0.75,22.9,36.599999999999994,-0.75,22.9,36.599999999999994,-0.75,0.25,0.0,21.1,0.0,33.9,0.0,4.69,0.0,5.52,0.0,-0.83,0.0,0.20833333333333331,-0.04166666666666666,115
Tulsa,2015,6,7,6.09,37.2,6.59,39.8,0.441,0.447,0.538,0.524,0.31,22.46,11.0,11.0,0.46153846153846156,0.29273504273504275,0.5192307692307693,30.95,39.55,-0.18000000000000002,27.666666666666668,37.666666666666664,-0.39666666666666667,27.666666666666668,37.666666666666664,-0.39666666666666667,0.16666666666666666,0.25,24.7,21.1,39.3,33.9,5.17,4.69,6.95,5.52,-0.67,-0.83,0.29273504273504275,0.16880341880341881,115
Tulsa,2016,10,3,6.15,42.5,5.47,29.8,0.462,0.373,0.6,0.531,0.0,0.0,8.29,8.29,0.7692307692307693,0.46581196581196577,0.5192307692307693,39.85,34.8,0.155,34.800000000000004,36.3,-0.12000000000000001,31.375,35.699999999999996,-0.2975,0.46153846153846156,0.16666666666666666,37.2,24.7,39.8,39.3,6.09,5.17,6.59,6.95,0.31,-0.67,0.41185897435897434,0.35737179487179493,115
Tulsa,2017,2,10,5.71,29.3,7.31,37.5,0.437,0.443,0.609,0.471,0.08,0.0,8.5,8.5,0.16666666666666666,0.46581196581196577,0.0,35.9,33.65,0.04,36.333333333333336,35.699999999999996,0.13,30.96,36.06,-0.22200000000000003,0.7692307692307693,0.46153846153846156,42.5,37.2,29.8,39.8,6.15,6.09,5.47,6.59,0.0,0.31,0.3628205128205128,-0.19615384615384615,115
Tulsa,2018,3,9,5.04,24.1,5.63,29.6,0.43,0.458,0.581,0.364,-0.33,0.0,10.65,10.65,0.25,0.3952991452991453,-0.21153846153846156,26.700000000000003,33.55,-0.125,31.966666666666665,32.300000000000004,-0.08333333333333333,31.560000000000002,35.2,-0.12200000000000003,0.16666666666666666,0.7692307692307693,29.3,42.5,37.5,29.8,5.71,6.15,7.31,5.47,0.08,0.0,0.34401709401709396,-0.09401709401709396,115
Tulsa,2019,4,8,5.32,26.4,5.67,31.3,0.429,0.341,0.565,0.677,-0.08,1.0,9.04,9.04,0.3333333333333333,0.25,-0.43589743589743596,25.25,30.450000000000003,-0.20500000000000002,26.599999999999998,32.800000000000004,-0.11,31.9,33.6,-0.004000000000000001,0.25,0.16666666666666666,24.1,29.3,29.6,37.5,5.04,5.71,5.63,7.31,-0.33,0.08,0.3424908424908425,-0.00915750915750918,115
Tulsa,2020,6,2,5.63,27.2,4.72,20.8,0.385,0.328,0.562,0.538,0.0,0.0,16.5,16.5,0.75,0.4444444444444445,0.5833333333333334,26.799999999999997,26.05,-0.04,25.899999999999995,27.233333333333334,-0.1366666666666667,29.9,29.8,-0.066,0.3333333333333333,0.25,26.4,24.1,31.3,29.6,5.32,5.04,5.67,5.63,-0.08,-0.33,0.39342948717948717,0.35657051282051283,115
Tulsa,2021,7,6,5.98,26.4,5.45,26.6,0.384,0.385,0.474,0.478,-0.46,4.0,14.31,14.31,0.5384615384615384,0.5405982905982906,0.28846153846153844,26.799999999999997,23.700000000000003,-0.23,26.66666666666666,26.233333333333334,-0.18000000000000002,26.68,29.160000000000004,-0.158,0.75,0.3333333333333333,27.2,26.4,20.8,31.3,5.63,5.32,4.72,5.67,0.0,-0.08,0.4095441595441595,0.12891737891737892,115
Tulsa,2022,5,7,5.86,30.6,5.88,33.1,0.394,0.367,0.647,0.583,-0.17,15.95,5.0,12.74,0.4166666666666667,0.5683760683760685,0.08333333333333337,28.5,29.85,-0.315,28.066666666666663,26.833333333333332,-0.21,26.939999999999998,28.28,-0.20800000000000002,0.5384615384615384,0.75,26.4,27.2,26.6,20.8,5.98,5.63,5.45,4.72,-0.46,0.0,0.41025641025641024,0.006410256410256443,115
Tulsa,2023,4,8,5.37,23.4,6.58,33.8,0.446,0.4,0.438,0.625,-0.25,21.39,7.5,7.5,0.3333333333333333,0.4294871794871795,-0.4166666666666667,27.0,33.45,-0.21,26.799999999999997,31.166666666666668,-0.29333333333333333,26.8,29.120000000000005,-0.192,0.4166666666666667,0.5384615384615384,30.6,26.4,33.1,26.6,5.86,5.98,5.88,5.45,-0.17,-0.46,0.40326340326340326,-0.06993006993006995,115
UAB,2013,2,10,5.84,26.3,7.21,43.8,0.375,0.46,0.476,0.833,-0.5,21.29,7.9,7.9,0.16666666666666666,0.16666666666666666,0.6190476190476191,26.3,43.8,-0.5,26.3,43.8,-0.5,26.3,43.8,-0.5,0.0,0.0,0.0,0.0,0.0,0.0,0.0,0.0,0.0,0.0,0.0,0.0,0.16666666666666666,0.0,116
UAB,2014,6,6,5.51,33.2,5.68,29.9,0.432,0.354,0.429,0.5,-0.17,25.06,8.22,8.22,0.5,0.3333333333333333,0.6190476190476191,29.75,36.849999999999994,-0.335,29.75,36.849999999999994,-0.335,29.75,36.849999999999994,-0.335,0.16666666666666666,0.0,26.3,0.0,43.8,0.0,5.84,0.0,7.21,0.0,-0.5,0.0,0.3333333333333333,0.16666666666666669,116
UAB,2017,8,5,5.42,27.8,5.39,25.6,0.454,0.364,0.333,0.474,0.31,1.0,10.32,10.32,0.6153846153846154,0.42735042735042733,0.6190476190476191,30.5,27.75,0.07,29.099999999999998,33.1,-0.12,29.099999999999998,33.1,-0.12,0.5,0.16666666666666666,33.2,26.3,29.9,43.8,5.51,5.84,5.68,7.21,-0.17,-0.5,0.42735042735042733,0.1880341880341881,116
UAB,2018,11,3,5.9,29.9,4.79,17.0,0.447,0.26,0.385,0.318,0.0,0.0,8.88,8.88,0.7857142857142857,0.6336996336996337,0.6190476190476191,28.85,21.3,0.15500000000000003,30.3,24.166666666666668,0.04666666666666667,29.3,29.075,-0.09,0.6153846153846154,0.5,27.8,33.2,25.6,29.9,5.42,5.51,5.39,5.68,0.31,-0.17,0.5169413919413919,0.2687728937728938,116
UAB,2019,9,5,5.5,23.1,4.71,21.6,0.313,0.283,0.4,0.414,-0.57,0.0,5.74,5.74,0.6428571428571429,0.6813186813186812,0.1428571428571429,26.5,19.3,-0.285,26.933333333333334,21.400000000000002,-0.08666666666666663,28.060000000000002,27.580000000000002,-0.186,0.7857142857142857,0.6153846153846154,29.9,27.8,17.0,25.6,5.9,5.42,4.79,5.39,0.0,0.31,0.5421245421245422,0.10073260073260071,116
UAB,2020,6,3,5.92,28.4,4.69,21.4,0.423,0.298,0.667,0.583,-0.22,1.0,6.42,6.42,0.6666666666666666,0.6984126984126983,0.05128205128205121,25.75,21.5,-0.39499999999999996,27.133333333333336,20.0,-0.2633333333333333,28.48,23.1,-0.12999999999999998,0.6428571428571429,0.7857142857142857,23.1,29.9,21.6,17.0,5.5,5.9,4.71,4.79,-0.57,0.0,0.5628815628815629,0.10378510378510375,116
UAB,2021,9,4,6.29,29.5,5.02,23.2,0.408,0.346,0.667,0.519,0.15,0.0,7.86,7.86,0.6923076923076923,0.6672771672771672,-0.09340659340659341,28.95,22.299999999999997,-0.035,27.0,22.066666666666666,-0.2133333333333333,27.74,21.759999999999998,-0.06599999999999998,0.6666666666666666,0.6428571428571429,28.4,23.1,21.4,21.6,5.92,5.5,4.69,4.71,-0.22,-0.57,0.5813710099424385,0.11093668236525378,116
UAB,2022,7,6,6.71,30.1,5.34,23.2,0.452,0.402,0.481,0.543,0.0,21.38,7.82,11.94,0.5384615384615384,0.6324786324786325,-0.10439560439560447,29.8,23.2,0.075,29.333333333333332,22.599999999999998,-0.023333333333333334,28.2,21.28,-0.12799999999999997,0.6923076923076923,0.6666666666666666,29.5,28.4,23.2,21.4,6.29,5.92,5.02,4.69,0.15,-0.22,0.576007326007326,-0.03754578754578752,116
UAB,2023,4,8,6.33,29.9,6.17,36.9,0.403,0.494,0.481,0.593,0.08,20.47,9.25,9.25,0.3333333333333333,0.5213675213675214,-0.3333333333333333,30.0,30.049999999999997,0.04,29.833333333333332,27.766666666666666,0.07666666666666666,28.2,25.259999999999998,-0.11199999999999999,0.5384615384615384,0.6923076923076923,30.1,29.5,23.2,23.2,6.71,6.29,5.34,5.02,0.0,0.15,0.549043549043549,-0.2157102157102157,116
UCF,2013,12,1,6.56,34.6,5.35,21.3,0.487,0.412,0.375,0.4,0.38,20.31,5.06,5.06,0.9230769230769231,0.9230769230769231,-0.46153846153846156,34.6,21.3,0.38,34.6,21.3,0.38,34.6,21.3,0.38,0.0,0.0,0.0,0.0,0.0,0.0,0.0,0.0,0.0,0.0,0.0,0.0,0.9230769230769231,0.0,117
UCF,2014,9,4,5.02,28.1,4.47,19.2,0.415,0.373,0.52,0.286,-0.08,21.11,6.29,6.29,0.6923076923076923,0.8076923076923077,-0.46153846153846156,31.35,20.25,0.15,31.35,20.25,0.15,31.35,20.25,0.15,0.9230769230769231,0.0,34.6,0.0,21.3,0.0,6.56,0.0,5.35,0.0,0.38,0.0,0.8076923076923077,-0.11538461538461542,117
UCF,2015,0,12,4.12,13.9,6.54,37.7,0.292,0.475,0.333,0.667,-1.67,20.57,7.52,7.52,0.0,0.5384615384615384,-0.46153846153846156,21.0,28.450000000000003,-0.875,25.533333333333335,26.066666666666666,-0.4566666666666666,25.533333333333335,26.066666666666666,-0.4566666666666666,0.6923076923076923,0.9230769230769231,28.1,34.6,19.2,21.3,5.02,6.56,4.47,5.35,-0.08,0.38,0.5384615384615384,-0.5384615384615384,117
UCF,2016,6,7,4.68,28.8,4.78,24.6,0.297,0.29,0.429,0.452,0.08,0.0,10.61,10.61,0.46153846153846156,0.3846153846153846,-0.46153846153846156,21.35,31.150000000000002,-0.7949999999999999,23.600000000000005,27.166666666666668,-0.5566666666666666,26.35,25.700000000000003,-0.32249999999999995,0.0,0.6923076923076923,13.9,28.1,37.7,19.2,4.12,5.02,6.54,4.47,-1.67,-0.08,0.5192307692307693,-0.05769230769230771,117
UCF,2017,13,0,7.46,48.2,5.74,25.3,0.455,0.408,0.5,0.484,1.31,1.0,6.83,6.83,1.0,0.48717948717948717,0.3076923076923077,38.5,24.950000000000003,0.6950000000000001,30.3,29.200000000000003,-0.09333333333333327,30.720000000000006,25.619999999999997,0.004000000000000048,0.46153846153846156,0.0,28.8,13.9,24.6,37.7,4.68,4.12,4.78,6.54,0.08,-1.67,0.6153846153846154,0.3846153846153846,117
UCF,2018,12,1,6.89,43.2,5.47,22.7,0.503,0.419,0.6,0.433,1.08,0.0,9.54,9.54,0.9230769230769231,0.7948717948717948,0.9230769230769231,45.7,24.0,1.195,40.06666666666667,24.2,0.8233333333333334,32.440000000000005,25.9,0.14400000000000007,1.0,0.46153846153846156,48.2,28.8,25.3,24.6,7.46,4.68,5.74,4.78,1.31,0.08,0.6666666666666666,0.2564102564102565,117
UCF,2019,10,3,6.92,43.4,4.57,23.0,0.405,0.293,0.576,0.64,0.46,1.0,13.7,13.7,0.7692307692307693,0.8974358974358974,0.3076923076923077,43.3,22.85,0.77,44.93333333333334,23.666666666666668,0.9500000000000001,35.50000000000001,26.660000000000004,0.25200000000000006,0.9230769230769231,1.0,43.2,48.2,22.7,25.3,6.89,7.46,5.47,5.74,1.08,1.31,0.6813186813186813,0.08791208791208793,117
UCF,2020,6,4,6.61,42.2,6.19,33.2,0.487,0.432,0.545,0.55,1.2,0.0,10.91,10.91,0.6,0.764102564102564,-0.4,42.8,28.1,0.83,42.93333333333334,26.3,0.9133333333333334,41.160000000000004,25.76,0.826,0.7692307692307693,0.9230769230769231,43.4,43.2,23.0,22.7,6.92,6.89,4.57,5.47,0.46,1.08,0.6711538461538462,-0.07115384615384623,117
UCF,2021,9,4,6.04,31.9,5.08,24.5,0.379,0.378,0.846,0.483,0.46,0.0,8.71,8.71,0.6923076923076923,0.6871794871794871,-0.23076923076923084,37.05,28.85,0.83,39.166666666666664,26.900000000000002,0.7066666666666667,41.78,25.740000000000002,0.9019999999999999,0.6,0.7692307692307693,42.2,43.4,33.2,23.0,6.61,6.92,6.19,4.57,1.2,0.46,0.6735042735042734,0.018803418803418848,117
UCF,2022,9,5,6.17,32.9,5.65,23.6,0.464,0.381,0.633,0.433,-0.36,18.79,8.75,8.53,0.6428571428571429,0.645054945054945,-0.12637362637362637,32.4,24.05,0.05000000000000002,35.666666666666664,27.100000000000005,0.43333333333333335,38.72,25.4,0.568,0.6923076923076923,0.6,31.9,42.2,24.5,33.2,6.04,6.61,5.08,6.19,0.46,1.2,0.6704395604395604,-0.02758241758241753,117
UCF,2023,6,7,7.07,31.3,5.76,25.8,0.5,0.395,0.565,0.583,-0.15,22.83,11.79,11.79,0.46153846153846156,0.5989010989010989,-0.1384615384615384,32.1,24.700000000000003,-0.255,32.03333333333334,24.633333333333336,-0.016666666666666653,36.339999999999996,26.020000000000003,0.32199999999999995,0.6428571428571429,0.6923076923076923,32.9,31.9,23.6,24.5,6.17,6.04,5.65,5.08,-0.36,0.46,0.6514485514485515,-0.18991008991008995,117
UCLA,2013,10,3,6.1,36.9,5.08,23.2,0.49,0.349,0.417,0.478,0.77,18.67,3.94,3.94,0.7692307692307693,0.7692307692307693,-0.43589743589743596,36.9,23.2,0.77,36.9,23.2,0.77,36.9,23.2,0.77,0.0,0.0,0.0,0.0,0.0,0.0,0.0,0.0,0.0,0.0,0.0,0.0,0.7692307692307693,0.0,118
UCLA,2014,10,3,6.13,33.5,5.17,28.1,0.431,0.399,0.563,0.682,0.0,21.53,4.8,4.8,0.7692307692307693,0.7692307692307693,-0.43589743589743596,35.2,25.65,0.385,35.2,25.65,0.385,35.2,25.65,0.385,0.7692307692307693,0.0,36.9,0.0,23.2,0.0,6.1,0.0,5.08,0.0,0.77,0.0,0.7692307692307693,0.0,118
UCLA,2015,8,5,6.25,32.2,5.0,26.0,0.451,0.396,0.615,0.577,0.0,23.83,6.67,6.67,0.6153846153846154,0.7179487179487181,-0.43589743589743596,32.85,27.05,0.0,34.199999999999996,25.766666666666666,0.25666666666666665,34.199999999999996,25.766666666666666,0.25666666666666665,0.7692307692307693,0.7692307692307693,33.5,36.9,28.1,23.2,6.13,6.1,5.17,5.08,0.0,0.77,0.7179487179487181,-0.10256410256410264,118
UCLA,2016,4,8,5.43,24.9,4.86,27.5,0.352,0.347,0.455,0.7,-0.17,1.0,11.22,11.22,0.3333333333333333,0.5726495726495727,-0.43589743589743596,28.55,26.75,-0.085,30.2,27.2,-0.05666666666666667,31.875,26.2,0.15,0.6153846153846154,0.7692307692307693,32.2,33.5,26.0,28.1,6.25,6.13,5.0,5.17,0.0,0.0,0.6217948717948718,-0.2884615384615385,118
UCLA,2017,6,7,6.39,32.5,6.26,36.6,0.412,0.384,0.65,0.48,-0.69,0.0,12.63,12.63,0.46153846153846156,0.47008547008547014,-0.3076923076923077,28.7,32.05,-0.43,29.866666666666664,30.033333333333335,-0.2866666666666667,32.0,28.28,-0.017999999999999995,0.3333333333333333,0.6153846153846154,24.9,32.2,27.5,26.0,5.43,6.25,4.86,5.0,-0.17,0.0,0.5897435897435898,-0.1282051282051282,118
UCLA,2018,3,9,5.52,24.6,5.99,34.1,0.377,0.48,0.538,0.526,0.08,0.0,17.11,17.11,0.25,0.34829059829059833,-0.3653846153846154,28.55,35.35,-0.305,27.333333333333332,32.73333333333334,-0.26,29.54,30.46,-0.156,0.46153846153846156,0.3333333333333333,32.5,24.9,36.6,27.5,6.39,5.43,6.26,4.86,-0.69,-0.17,0.5331196581196581,-0.2831196581196581,118
UCLA,2019,4,8,5.31,26.7,6.71,34.8,0.421,0.442,0.448,0.412,-0.67,0.0,10.62,10.62,0.3333333333333333,0.34829059829059833,0.0,25.65,34.45,-0.29500000000000004,27.933333333333334,35.166666666666664,-0.4266666666666667,28.18,31.8,-0.29000000000000004,0.25,0.46153846153846156,24.6,32.5,34.1,36.6,5.52,6.39,5.99,6.26,0.08,-0.69,0.5045787545787546,-0.17124542124542125,118
UCLA,2020,3,4,6.14,35.4,5.44,30.7,0.443,0.458,0.412,0.333,-0.29,0.0,7.5,7.5,0.42857142857142855,0.33730158730158727,-0.032967032967033016,31.05,32.75,-0.48,28.900000000000002,33.199999999999996,-0.2933333333333334,28.820000000000004,32.74,-0.348,0.3333333333333333,0.25,26.7,24.6,34.8,34.1,5.31,5.52,6.71,5.99,-0.67,0.08,0.49507783882783885,-0.0665064102564103,118
UCLA,2021,8,4,6.2,36.5,5.48,26.8,0.46,0.436,0.645,0.4,0.58,0.0,4.5,4.5,0.6666666666666666,0.4761904761904761,0.41666666666666663,35.95,28.75,0.14499999999999996,32.86666666666667,30.76666666666667,-0.12666666666666668,31.139999999999997,32.6,-0.19800000000000004,0.42857142857142855,0.3333333333333333,35.4,26.7,30.7,34.8,6.14,5.31,5.44,6.71,-0.29,-0.67,0.5141432641432642,0.15252340252340246,118
UCLA,2022,9,4,7.01,39.2,5.64,29.0,0.509,0.394,0.577,0.7,-0.23,20.57,5.09,10.6,0.6923076923076923,0.5958485958485958,0.358974358974359,37.85,27.9,0.17499999999999993,37.03333333333333,28.833333333333332,0.020000000000000007,32.480000000000004,31.080000000000002,-0.10600000000000002,0.6666666666666666,0.42857142857142855,36.5,35.4,26.8,30.7,6.2,6.14,5.48,5.44,0.58,-0.29,0.531959706959707,0.16034798534798533,118
UCLA,2023,8,5,5.93,26.5,4.63,18.4,0.451,0.354,0.469,0.421,0.15,21.77,5.4,5.4,0.6153846153846154,0.6581196581196581,0.18681318681318687,32.85,23.7,-0.04000000000000001,34.06666666666667,24.73333333333333,0.16666666666666666,32.86,27.939999999999998,-0.09200000000000003,0.6923076923076923,0.6666666666666666,39.2,36.5,29.0,26.8,7.01,6.2,5.64,5.48,-0.23,0.58,0.5395437895437896,0.07584082584082585,118
UConn,2013,3,9,4.62,20.6,5.52,30.3,0.342,0.384,0.55,0.4,-0.08,24.47,7.04,7.04,0.25,0.25,0.0,20.6,30.3,-0.08,20.6,30.3,-0.08,20.6,30.3,-0.08,0.0,0.0,0.0,0.0,0.0,0.0,0.0,0.0,0.0,0.0,0.0,0.0,0.25,0.0,119
UConn,2014,2,10,4.5,15.5,5.22,29.8,0.305,0.398,0.571,0.579,-1.08,15.49,4.61,4.61,0.16666666666666666,0.20833333333333331,0.0,18.05,30.05,-0.5800000000000001,18.05,30.05,-0.5800000000000001,18.05,30.05,-0.5800000000000001,0.25,0.0,20.6,0.0,30.3,0.0,4.62,0.0,5.52,0.0,-0.08,0.0,0.20833333333333331,-0.04166666666666666,119
UConn,2015,6,7,4.93,17.2,5.2,19.5,0.318,0.405,0.3,0.391,0.69,21.43,4.18,4.18,0.46153846153846156,0.29273504273504275,0.0,16.35,24.65,-0.19500000000000006,17.766666666666666,26.53333333333333,-0.15666666666666673,17.766666666666666,26.53333333333333,-0.15666666666666673,0.16666666666666666,0.25,15.5,20.6,29.8,30.3,4.5,4.62,5.22,5.52,-1.08,-0.08,0.29273504273504275,0.16880341880341881,119
UConn,2016,3,9,4.81,14.8,5.72,28.1,0.337,0.408,0.478,0.591,-0.67,0.0,9.81,9.81,0.25,0.29273504273504275,0.0,16.0,23.8,0.009999999999999953,15.833333333333334,25.8,-0.35333333333333344,17.025,26.925,-0.28500000000000003,0.46153846153846156,0.16666666666666666,17.2,15.5,19.5,29.8,4.93,4.5,5.2,5.22,0.69,-1.08,0.28205128205128205,-0.03205128205128205,119
UConn,2017,3,9,5.49,23.6,6.77,37.9,0.398,0.475,0.407,0.435,-0.67,0.0,3.76,3.76,0.25,0.32051282051282054,0.08333333333333334,19.200000000000003,33.0,-0.67,18.533333333333335,28.5,-0.2166666666666667,18.34,29.119999999999997,-0.36200000000000004,0.25,0.46153846153846156,14.8,17.2,28.1,19.5,4.81,4.93,5.72,5.2,-0.67,0.69,0.27564102564102566,-0.02564102564102566,119
UConn,2018,1,11,5.34,22.2,8.81,50.4,0.424,0.5,0.542,0.684,-1.42,1.0,10.38,10.38,0.08333333333333333,0.19444444444444445,-0.37820512820512825,22.9,44.15,-1.045,20.200000000000003,38.800000000000004,-0.9199999999999999,18.66,33.14,-0.6300000000000001,0.25,0.25,23.6,14.8,37.9,28.1,5.49,4.81,6.77,5.72,-0.67,-0.67,0.24358974358974358,-0.16025641025641024,119
UConn,2019,2,10,5.11,18.9,7.0,40.5,0.294,0.5,0.4,0.4,-0.67,0.0,5.14,5.14,0.16666666666666666,0.16666666666666666,-0.08333333333333334,20.549999999999997,45.45,-1.045,21.566666666666666,42.93333333333334,-0.92,19.34,35.279999999999994,-0.548,0.08333333333333333,0.25,22.2,23.6,50.4,37.9,5.34,5.49,8.81,6.77,-1.42,-0.67,0.2326007326007326,-0.06593406593406595,119
UConn,2021,1,11,4.06,15.6,5.94,38.5,0.236,0.415,0.379,0.72,-0.67,0.0,4.41,4.41,0.08333333333333333,0.1111111111111111,-0.16666666666666669,17.25,39.5,-0.67,18.9,43.13333333333333,-0.9199999999999999,19.020000000000003,39.08,-0.82,0.16666666666666666,0.08333333333333333,18.9,22.2,40.5,50.4,5.11,5.34,7.0,8.81,-0.67,-1.42,0.21394230769230768,-0.13060897435897434,119
UConn,2022,6,7,4.92,19.4,5.51,26.2,0.369,0.428,0.389,0.28,0.0,19.43,5.19,10.35,0.46153846153846156,0.2371794871794872,0.37820512820512825,17.5,32.35,-0.335,17.966666666666665,35.06666666666666,-0.4466666666666667,19.94,38.7,-0.686,0.08333333333333333,0.16666666666666666,15.6,18.9,38.5,40.5,4.06,5.11,5.94,7.0,-0.67,-0.67,0.24145299145299143,0.22008547008547014,119
UConn,2023,3,9,5.06,19.1,6.11,29.8,0.355,0.429,0.381,0.5,-0.33,21.32,10.22,10.22,0.25,0.26495726495726496,0.08333333333333334,19.25,28.0,-0.165,18.033333333333335,31.5,-0.3333333333333333,19.04,37.08,-0.618,0.46153846153846156,0.08333333333333333,19.4,15.6,26.2,38.5,4.92,4.06,5.51,5.94,0.0,-0.67,0.24230769230769228,0.0076923076923077205,119
ULM,2020,0,10,4.84,16.3,6.85,42.0,0.256,0.57,0.515,0.684,-0.8,0.0,12.13,12.13,0.0,0.0,0.16666666666666666,16.3,42.0,-0.8,16.3,42.0,-0.8,16.3,42.0,-0.8,0.0,0.0,0.0,0.0,0.0,0.0,0.0,0.0,0.0,0.0,0.0,0.0,0.0,0.0,120
ULM,2021,4,8,4.45,20.9,6.12,33.5,0.333,0.41,0.469,0.353,0.17,0.0,7.35,7.35,0.3333333333333333,0.16666666666666666,0.16666666666666666,18.6,37.75,-0.315,18.6,37.75,-0.315,18.6,37.75,-0.315,0.0,0.0,16.3,0.0,42.0,0.0,4.84,0.0,6.85,0.0,-0.8,0.0,0.16666666666666666,0.16666666666666666,120
ULM,2022,4,8,5.22,22.3,6.19,34.4,0.401,0.427,0.333,0.464,-0.58,17.62,4.4,17.67,0.3333333333333333,0.2222222222222222,0.16666666666666666,21.6,33.95,-0.20499999999999996,19.833333333333332,36.63333333333333,-0.4033333333333333,19.833333333333332,36.63333333333333,-0.4033333333333333,0.3333333333333333,0.0,20.9,16.3,33.5,42.0,4.45,4.84,6.12,6.85,0.17,-0.8,0.2222222222222222,0.1111111111111111,120
ULM,2023,2,10,5.07,17.3,6.03,34.9,0.324,0.509,0.346,0.571,0.08,18.76,5.89,5.89,0.16666666666666666,0.27777777777777773,0.16666666666666666,19.8,34.65,-0.24999999999999997,20.166666666666668,34.266666666666666,-0.10999999999999997,19.2,36.2,-0.2825,0.3333333333333333,0.3333333333333333,22.3,20.9,34.4,33.5,5.22,4.45,6.19,6.12,-0.58,0.17,0.20833333333333331,-0.04166666666666666,120
UNLV,2017,5,7,6.2,28.8,6.27,31.8,0.407,0.438,0.6,0.538,0.33,0.0,14.25,14.25,0.4166666666666667,0.4166666666666667,-0.4166666666666667,28.8,31.8,0.33,28.8,31.8,0.33,28.8,31.8,0.33,0.0,0.0,0.0,0.0,0.0,0.0,0.0,0.0,0.0,0.0,0.0,0.0,0.4166666666666667,0.0,121
UNLV,2018,4,8,5.26,28.8,6.47,37.3,0.374,0.411,0.548,0.688,0.08,0.0,8.3,8.3,0.3333333333333333,0.375,-0.4166666666666667,28.8,34.55,0.20500000000000002,28.8,34.55,0.20500000000000002,28.8,34.55,0.20500000000000002,0.4166666666666667,0.0,28.8,0.0,31.8,0.0,6.2,0.0,6.27,0.0,0.33,0.0,0.375,-0.041666666666666685,121
UNLV,2019,4,8,5.41,24.2,6.26,33.0,0.286,0.39,0.515,0.429,-0.33,1.0,11.21,11.21,0.3333333333333333,0.3611111111111111,-0.4166666666666667,26.5,35.15,-0.125,27.266666666666666,34.03333333333333,0.026666666666666672,27.266666666666666,34.03333333333333,0.026666666666666672,0.3333333333333333,0.4166666666666667,28.8,28.8,37.3,31.8,5.26,6.2,6.47,6.27,0.08,0.33,0.3611111111111111,-0.02777777777777779,121
UNLV,2020,0,6,4.72,17.3,7.16,38.0,0.37,0.468,0.667,0.667,-0.67,0.0,4.93,4.93,0.0,0.22222222222222218,-0.4166666666666667,20.75,35.5,-0.5,23.433333333333337,36.1,-0.3066666666666667,24.775,35.025,-0.14750000000000002,0.3333333333333333,0.3333333333333333,24.2,28.8,33.0,37.3,5.41,5.26,6.26,6.47,-0.33,0.08,0.2708333333333333,-0.2708333333333333,121
UNLV,2021,2,10,5.16,20.8,6.13,32.8,0.348,0.411,0.235,0.524,-0.42,1.0,7.92,7.92,0.16666666666666666,0.16666666666666666,-0.16666666666666666,19.05,35.4,-0.545,20.766666666666666,34.6,-0.47333333333333333,23.98,34.58,-0.202,0.0,0.3333333333333333,17.3,24.2,38.0,33.0,4.72,5.41,7.16,6.26,-0.67,-0.33,0.25,-0.08333333333333334,121
UNLV,2022,5,7,5.54,26.3,5.48,28.5,0.323,0.373,0.5,0.607,0.5,20.84,6.1,8.25,0.4166666666666667,0.19444444444444442,0.08333333333333337,23.55,30.65,0.039999999999999925,21.46666666666667,33.1,-0.19666666666666663,23.48,33.919999999999995,-0.168,0.16666666666666666,0.0,20.8,17.3,32.8,38.0,5.16,4.72,6.13,7.16,-0.42,-0.67,0.27777777777777773,0.13888888888888895,121
UNLV,2023,9,5,6.13,34.4,6.25,28.6,0.493,0.365,0.45,0.522,0.57,17.51,11.0,11.0,0.6428571428571429,0.4087301587301588,0.6428571428571429,30.35,28.55,0.5349999999999999,27.166666666666668,29.96666666666667,0.21666666666666665,24.6,32.18,-0.07000000000000002,0.4166666666666667,0.16666666666666666,26.3,20.8,28.5,32.8,5.54,5.16,5.48,6.13,0.5,-0.42,0.3299319727891156,0.3129251700680273,121
UTEP,2013,2,10,5.05,21.8,7.43,39.3,0.401,0.469,0.667,0.727,-0.5,21.97,4.73,4.73,0.16666666666666666,0.16666666666666666,0.16666666666666666,21.8,39.3,-0.5,21.8,39.3,-0.5,21.8,39.3,-0.5,0.0,0.0,0.0,0.0,0.0,0.0,0.0,0.0,0.0,0.0,0.0,0.0,0.16666666666666666,0.0,122
UTEP,2014,7,6,5.3,26.6,6.3,28.1,0.422,0.366,0.333,0.286,0.69,17.47,10.39,10.39,0.5384615384615384,0.35256410256410253,0.16666666666666666,24.200000000000003,33.7,0.09499999999999997,24.200000000000003,33.7,0.09499999999999997,24.200000000000003,33.7,0.09499999999999997,0.16666666666666666,0.0,21.8,0.0,39.3,0.0,5.05,0.0,7.43,0.0,-0.5,0.0,0.35256410256410253,0.1858974358974359,122
UTEP,2015,5,7,4.92,20.7,6.82,32.9,0.397,0.357,0.5,0.467,-0.92,21.71,9.52,9.52,0.4166666666666667,0.37393162393162394,0.16666666666666666,23.65,30.5,-0.11500000000000005,23.03333333333333,33.43333333333333,-0.24333333333333337,23.03333333333333,33.43333333333333,-0.24333333333333337,0.5384615384615384,0.16666666666666666,26.6,21.8,28.1,39.3,5.3,5.05,6.3,7.43,0.69,-0.5,0.37393162393162394,0.04273504273504275,122
UTEP,2016,4,8,6.02,26.3,6.12,34.9,0.418,0.414,0.333,0.643,-0.42,0.0,6.46,6.46,0.3333333333333333,0.42948717948717946,0.16666666666666666,23.5,33.9,-0.67,24.533333333333335,31.96666666666667,-0.2166666666666667,23.85,33.8,-0.28750000000000003,0.4166666666666667,0.5384615384615384,20.7,26.6,32.9,28.1,4.92,5.3,6.82,6.3,-0.92,0.69,0.36378205128205127,-0.03044871794871795,122
UTEP,2017,0,12,4.09,11.8,6.24,36.8,0.269,0.519,0.45,0.647,-0.5,0.0,9.55,9.55,0.0,0.25,-0.5384615384615384,19.05,35.849999999999994,-0.45999999999999996,19.599999999999998,34.86666666666667,-0.6133333333333334,21.44,34.4,-0.33,0.3333333333333333,0.4166666666666667,26.3,20.7,34.9,32.9,6.02,4.92,6.12,6.82,-0.42,-0.92,0.291025641025641,-0.291025641025641,122
UTEP,2018,1,11,4.92,17.7,5.94,32.8,0.354,0.369,0.333,0.556,-1.42,0.0,5.6,5.6,0.08333333333333333,0.13888888888888887,-0.33333333333333337,14.75,34.8,-0.96,18.599999999999998,34.833333333333336,-0.7799999999999999,20.62,33.099999999999994,-0.514,0.0,0.3333333333333333,11.8,26.3,36.8,34.9,4.09,6.02,6.24,6.12,-0.5,-0.42,0.2564102564102564,-0.17307692307692307,122
UTEP,2019,1,11,5.14,19.6,6.76,35.9,0.352,0.523,0.72,0.9,-0.33,0.0,4.31,4.31,0.08333333333333333,0.05555555555555555,-0.25,18.65,34.349999999999994,-0.875,16.366666666666667,35.166666666666664,-0.75,19.22,34.66,-0.718,0.08333333333333333,0.0,17.7,11.8,32.8,36.8,4.92,4.09,5.94,6.24,-1.42,-0.5,0.2316849816849817,-0.14835164835164838,122
UTEP,2020,3,5,5.17,23.0,6.11,31.0,0.44,0.389,0.462,0.636,-0.88,0.0,8.33,8.33,0.375,0.18055555555555555,0.375,21.3,33.45,-0.605,20.099999999999998,33.23333333333333,-0.8766666666666666,19.68,34.279999999999994,-0.71,0.08333333333333333,0.08333333333333333,19.6,17.7,35.9,32.8,5.14,4.92,6.76,5.94,-0.33,-1.42,0.24959935897435898,0.12540064102564102,122
UTEP,2021,7,6,6.02,25.1,5.23,25.2,0.317,0.326,0.792,0.5,-0.85,0.0,9.77,9.77,0.5384615384615384,0.33226495726495725,0.4551282051282051,24.05,28.1,-0.865,22.566666666666666,30.700000000000003,-0.6866666666666666,19.44,32.339999999999996,-0.796,0.375,0.08333333333333333,23.0,19.6,31.0,35.9,5.17,5.14,6.11,6.76,-0.88,-0.33,0.28169515669515666,0.2567663817663818,122
UTEP,2022,5,7,5.47,24.4,5.87,27.0,0.391,0.348,0.552,0.714,-0.42,17.1,5.88,8.31,0.4166666666666667,0.44337606837606836,0.33333333333333337,24.75,26.1,-0.635,24.166666666666668,27.733333333333334,-0.7166666666666667,21.96,30.379999999999995,-0.7799999999999999,0.5384615384615384,0.375,25.1,23.0,25.2,31.0,6.02,5.17,5.23,6.11,-0.85,-0.88,0.29519230769230764,0.12147435897435904,122
UTEP,2023,3,9,5.59,19.9,6.07,28.5,0.327,0.43,0.467,0.5,-0.5,16.52,12.87,12.87,0.25,0.40170940170940167,-0.125,22.15,27.75,-0.45999999999999996,23.133333333333336,26.900000000000002,-0.59,22.4,29.52,-0.5959999999999999,0.4166666666666667,0.5384615384615384,24.4,25.1,27.0,25.2,5.47,6.02,5.87,5.23,-0.42,-0.85,0.29108391608391604,-0.04108391608391604,122
UTSA,2014,4,8,4.48,17.1,5.23,25.9,0.282,0.429,0.625,0.364,-0.25,21.16,4.79,4.79,0.3333333333333333,0.3333333333333333,0.2121212121212121,17.1,25.9,-0.25,17.1,25.9,-0.25,17.1,25.9,-0.25,0.0,0.0,0.0,0.0,0.0,0.0,0.0,0.0,0.0,0.0,0.0,0.0,0.3333333333333333,0.0,123
UTSA,2015,3,9,5.0,22.6,5.97,33.8,0.405,0.415,0.214,0.556,-0.08,23.23,6.29,6.29,0.25,0.29166666666666663,0.2121212121212121,19.85,29.849999999999998,-0.165,19.85,29.849999999999998,-0.165,19.85,29.849999999999998,-0.165,0.3333333333333333,0.0,17.1,0.0,25.9,0.0,4.48,0.0,5.23,0.0,-0.25,0.0,0.29166666666666663,-0.04166666666666663,123
UTSA,2016,6,7,5.38,29.2,5.69,27.9,0.44,0.398,0.538,0.421,0.23,2.0,6.86,6.86,0.46153846153846156,0.34829059829059833,0.2121212121212121,25.9,30.849999999999998,0.07500000000000001,22.96666666666667,29.2,-0.033333333333333326,22.96666666666667,29.2,-0.033333333333333326,0.25,0.3333333333333333,22.6,17.1,33.8,25.9,5.0,4.48,5.97,5.23,-0.08,-0.25,0.34829059829059833,0.11324786324786323,123
UTSA,2017,6,5,5.65,23.5,4.98,17.0,0.416,0.348,0.571,0.4,0.36,0.0,2.88,2.88,0.5454545454545454,0.41899766899766905,0.2121212121212121,26.35,22.45,0.29500000000000004,25.099999999999998,26.23333333333333,0.17,23.1,26.15,0.065,0.46153846153846156,0.25,29.2,22.6,27.9,33.8,5.38,5.0,5.69,5.97,0.23,-0.08,0.3975815850815851,0.14787296037296033,123
UTSA,2018,3,9,3.91,14.2,6.41,31.2,0.326,0.404,0.5,0.611,0.08,0.0,6.67,6.67,0.25,0.41899766899766905,0.0,18.85,24.1,0.22,22.3,25.366666666666664,0.2233333333333333,21.32,27.159999999999997,0.068,0.5454545454545454,0.46153846153846156,23.5,29.2,17.0,27.9,5.65,5.38,4.98,5.69,0.36,0.23,0.36806526806526807,-0.11806526806526807,123
UTSA,2019,4,8,5.05,20.3,6.52,33.9,0.363,0.379,0.548,0.526,-0.5,0.0,11.0,11.0,0.3333333333333333,0.37626262626262624,-0.12820512820512825,17.25,32.55,-0.21,19.333333333333332,27.366666666666664,-0.02,21.96,28.759999999999998,0.018000000000000016,0.25,0.5454545454545454,14.2,23.5,31.2,17.0,3.91,5.65,6.41,4.98,0.08,0.36,0.3622766122766123,-0.02894327894327897,123
UTSA,2020,7,4,5.68,28.6,5.59,25.2,0.438,0.392,0.529,0.5,0.73,0.0,16.62,16.62,0.6363636363636364,0.4065656565656566,0.09090909090909094,24.450000000000003,29.549999999999997,0.11499999999999999,21.03333333333333,30.099999999999998,0.10333333333333333,23.16,27.04,0.18,0.3333333333333333,0.25,20.3,14.2,33.9,31.2,5.05,3.91,6.52,6.41,-0.5,0.08,0.4014319014319015,0.23493173493173486,123
UTSA,2021,12,2,6.13,36.9,5.65,24.6,0.437,0.374,0.565,0.524,0.86,0.0,4.86,4.86,0.8571428571428571,0.608946608946609,0.6071428571428571,32.75,24.9,0.7949999999999999,28.600000000000005,27.900000000000002,0.3633333333333333,24.7,26.380000000000003,0.30599999999999994,0.6363636363636364,0.3333333333333333,28.6,20.3,25.2,33.9,5.68,5.05,5.59,6.52,0.73,-0.5,0.4583957708957709,0.3987470862470862,123
UTSA,2022,11,3,6.37,36.8,5.55,25.9,0.481,0.38,0.481,0.432,0.14,19.75,5.14,3.86,0.7857142857142857,0.7597402597402597,0.4523809523809524,36.849999999999994,25.25,0.5,34.1,25.233333333333334,0.5766666666666667,27.360000000000003,28.159999999999997,0.262,0.8571428571428571,0.6363636363636364,36.9,28.6,24.6,25.2,6.13,5.68,5.65,5.59,0.86,0.73,0.49476449476449474,0.29094979094979095,123
UTSA,2023,9,4,5.7,31.9,5.18,24.1,0.477,0.386,0.577,0.581,-0.38,20.92,7.43,7.43,0.6923076923076923,0.7783882783882783,0.05594405594405594,34.349999999999994,25.0,-0.12,35.199999999999996,24.86666666666667,0.20666666666666667,30.9,26.74,0.16999999999999998,0.7857142857142857,0.8571428571428571,36.8,36.9,25.9,24.6,6.37,6.13,5.55,5.65,0.14,0.86,0.5145188145188145,0.17778887778887775,123
Utah,2013,5,7,5.51,29.2,5.38,28.0,0.342,0.365,0.611,0.5,-0.83,22.91,6.74,6.74,0.4166666666666667,0.4166666666666667,0.2756410256410256,29.2,28.0,-0.83,29.2,28.0,-0.83,29.2,28.0,-0.83,0.0,0.0,0.0,0.0,0.0,0.0,0.0,0.0,0.0,0.0,0.0,0.0,0.4166666666666667,0.0,124
Utah,2014,9,4,5.35,31.3,5.34,24.9,0.408,0.372,0.538,0.429,0.38,20.77,6.72,6.72,0.6923076923076923,0.5544871794871795,0.2756410256410256,30.25,26.45,-0.22499999999999998,30.25,26.45,-0.22499999999999998,30.25,26.45,-0.22499999999999998,0.4166666666666667,0.0,29.2,0.0,28.0,0.0,5.51,0.0,5.38,0.0,-0.83,0.0,0.5544871794871795,0.13782051282051277,124
Utah,2015,10,3,5.11,30.6,5.18,22.3,0.41,0.394,0.667,0.545,1.0,20.71,7.18,7.18,0.7692307692307693,0.6260683760683761,0.2756410256410256,30.950000000000003,23.6,0.69,30.366666666666664,25.066666666666666,0.18333333333333335,30.366666666666664,25.066666666666666,0.18333333333333335,0.6923076923076923,0.4166666666666667,31.3,29.2,24.9,28.0,5.35,5.51,5.34,5.38,0.38,-0.83,0.6260683760683761,0.1431623931623932,124
Utah,2016,9,4,5.78,29.8,5.56,23.9,0.383,0.388,0.591,0.5,0.46,1.0,7.48,7.48,0.6923076923076923,0.717948717948718,0.2756410256410256,30.200000000000003,23.1,0.73,30.566666666666666,23.7,0.6133333333333333,30.225,24.775,0.2525,0.7692307692307693,0.6923076923076923,30.6,31.3,22.3,24.9,5.11,5.35,5.18,5.34,1.0,0.38,0.6426282051282052,0.049679487179487114,124
Utah,2017,7,6,5.64,29.5,5.07,23.2,0.352,0.378,0.579,0.545,0.08,0.0,3.86,3.86,0.5384615384615384,0.6666666666666666,-0.15384615384615385,29.65,23.549999999999997,0.27,29.96666666666667,23.133333333333336,0.5133333333333333,30.080000000000002,24.46,0.21800000000000003,0.6923076923076923,0.7692307692307693,29.8,30.6,23.9,22.3,5.78,5.11,5.56,5.18,0.46,1.0,0.6217948717948718,-0.08333333333333337,124
Utah,2018,9,5,5.71,28.1,4.62,19.4,0.377,0.333,0.55,0.452,-0.36,0.0,5.46,5.46,0.6428571428571429,0.6245421245421245,-0.12637362637362637,28.8,21.299999999999997,-0.13999999999999999,29.133333333333336,22.166666666666668,0.06000000000000002,29.860000000000003,22.74,0.312,0.5384615384615384,0.6923076923076923,29.5,29.8,23.2,23.9,5.64,5.78,5.07,5.56,0.08,0.46,0.6253052503052503,0.0175518925518926,124
Utah,2019,11,3,6.59,32.3,4.64,15.0,0.463,0.301,0.44,0.545,0.64,0.0,12.27,12.27,0.7857142857142857,0.6556776556776557,0.09340659340659341,30.2,17.2,0.14,29.96666666666667,19.2,0.12000000000000001,30.060000000000002,20.759999999999998,0.364,0.6428571428571429,0.5384615384615384,28.1,29.5,19.4,23.2,5.71,5.64,4.62,5.07,-0.36,0.08,0.6482208267922553,0.13749345892203035,124
Utah,2020,3,2,5.9,30.2,5.5,26.0,0.377,0.343,0.455,0.2,0.0,0.0,23.0,23.0,0.6,0.6761904761904761,0.06153846153846154,31.25,20.5,0.32,30.200000000000003,20.133333333333333,0.09333333333333334,29.98,21.5,0.164,0.7857142857142857,0.6428571428571429,32.3,28.1,15.0,19.4,6.59,5.71,4.64,4.62,0.64,-0.36,0.6421932234432235,-0.042193223443223515,124
Utah,2021,10,4,6.38,36.1,5.24,22.6,0.482,0.374,0.458,0.515,0.07,3.0,6.83,6.83,0.7142857142857143,0.7000000000000001,0.0714285714285714,33.15,24.3,0.035,32.86666666666667,21.2,0.23666666666666666,31.24,21.240000000000002,0.08600000000000001,0.6,0.7857142857142857,30.2,32.3,26.0,15.0,5.9,6.59,5.5,4.64,0.0,0.64,0.6502035002035002,0.06408221408221415,124
Utah,2022,10,4,6.5,38.6,5.8,21.4,0.506,0.315,0.621,0.367,0.43,18.0,7.55,1.0,0.7142857142857143,0.6761904761904761,-0.0714285714285714,37.349999999999994,22.0,0.25,34.96666666666667,23.333333333333332,0.16666666666666666,33.059999999999995,20.880000000000003,0.156,0.7142857142857143,0.6,36.1,30.2,22.6,26.0,6.38,5.9,5.24,5.5,0.07,0.0,0.6566117216117215,0.05767399267399276,124
Utah,2023,8,5,5.09,23.2,5.21,19.3,0.413,0.295,0.414,0.417,0.15,22.81,8.94,8.94,0.6153846153846154,0.6813186813186812,0.015384615384615441,30.9,20.35,0.29,32.63333333333333,21.099999999999998,0.21666666666666667,32.08,20.86,0.258,0.7142857142857143,0.7142857142857143,38.6,36.1,21.4,22.6,6.5,6.38,5.8,5.24,0.43,0.07,0.6528638028638029,-0.03747918747918744,124
Utah St.,2017,6,7,5.62,30.2,5.17,26.9,0.343,0.355,0.526,0.462,0.38,1.0,8.0,8.0,0.46153846153846156,0.46153846153846156,-0.29487179487179493,30.2,26.9,0.38,30.2,26.9,0.38,30.2,26.9,0.38,0.0,0.0,0.0,0.0,0.0,0.0,0.0,0.0,0.0,0.0,0.0,0.0,0.46153846153846156,0.0,125
Utah St.,2018,11,2,6.84,47.5,5.0,22.2,0.473,0.33,0.6,0.419,1.08,0.0,13.0,13.0,0.8461538461538461,0.6538461538461539,-0.29487179487179493,38.85,24.549999999999997,0.73,38.85,24.549999999999997,0.73,38.85,24.549999999999997,0.73,0.46153846153846156,0.0,30.2,0.0,26.9,0.0,5.62,0.0,5.17,0.0,0.38,0.0,0.6538461538461539,0.1923076923076923,125
Utah St.,2019,7,6,5.81,29.2,5.64,30.7,0.426,0.463,0.333,0.333,-0.15,0.0,10.89,10.89,0.5384615384615384,0.6153846153846154,-0.29487179487179493,38.35,26.45,0.465,35.63333333333333,26.599999999999998,0.4366666666666667,35.63333333333333,26.599999999999998,0.4366666666666667,0.8461538461538461,0.46153846153846156,47.5,30.2,22.2,26.9,6.84,5.62,5.0,5.17,1.08,0.38,0.6153846153846154,-0.07692307692307698,125
Utah St.,2020,1,5,4.57,15.5,6.56,35.2,0.38,0.463,0.5,0.786,-1.0,0.0,1.44,1.44,0.16666666666666666,0.517094017094017,-0.29487179487179493,22.35,32.95,-0.575,30.733333333333334,29.366666666666664,-0.023333333333333317,30.6,28.75,0.07750000000000001,0.5384615384615384,0.8461538461538461,29.2,47.5,30.7,22.2,5.81,6.84,5.64,5.0,-0.15,1.08,0.5032051282051282,-0.33653846153846156,125
Utah St.,2021,11,3,5.84,32.6,5.81,24.4,0.448,0.346,0.533,0.238,0.14,1.0,4.33,4.33,0.7857142857142857,0.49694749694749696,-0.06043956043956045,24.049999999999997,29.8,-0.43,25.766666666666666,30.099999999999998,-0.3366666666666666,31.0,27.880000000000003,0.09000000000000001,0.16666666666666666,0.5384615384615384,15.5,29.2,35.2,30.7,4.57,5.81,6.56,5.64,-1.0,-0.15,0.5597069597069597,0.22600732600732598,125
Utah St.,2022,6,7,4.86,22.2,5.75,31.2,0.328,0.414,0.514,0.571,-0.69,20.0,8.9,5.38,0.46153846153846156,0.47130647130647124,-0.07692307692307687,27.4,27.799999999999997,-0.27499999999999997,23.433333333333334,30.266666666666666,-0.5166666666666666,29.4,28.74,-0.12399999999999997,0.7857142857142857,0.16666666666666666,32.6,15.5,24.4,35.2,5.84,4.57,5.81,6.56,0.14,-1.0,0.5433455433455433,-0.08180708180708174,125
Utah St.,2023,6,7,6.12,33.2,5.79,34.7,0.364,0.424,0.562,0.471,-0.38,20.38,14.87,14.87,0.46153846153846156,0.5695970695970696,0.29487179487179493,27.7,32.95,-0.5349999999999999,29.333333333333332,30.099999999999998,-0.30999999999999994,26.54,31.24,-0.41600000000000004,0.46153846153846156,0.7857142857142857,22.2,32.6,31.2,24.4,4.86,5.84,5.75,5.81,-0.69,0.14,0.531658817373103,-0.07012035583464149,125
Vanderbilt,2013,9,4,5.41,30.1,5.07,24.6,0.331,0.368,0.786,0.583,0.46,18.4,6.61,6.61,0.6923076923076923,0.6923076923076923,-0.23076923076923073,30.1,24.6,0.46,30.1,24.6,0.46,30.1,24.6,0.46,0.0,0.0,0.0,0.0,0.0,0.0,0.0,0.0,0.0,0.0,0.0,0.0,0.6923076923076923,0.0,126
Vanderbilt,2014,3,9,4.68,17.2,5.72,33.3,0.303,0.422,0.5,0.5,-1.33,21.58,7.74,7.74,0.25,0.47115384615384615,-0.23076923076923073,23.65,28.95,-0.43500000000000005,23.65,28.95,-0.43500000000000005,23.65,28.95,-0.43500000000000005,0.6923076923076923,0.0,30.1,0.0,24.6,0.0,5.41,0.0,5.07,0.0,0.46,0.0,0.47115384615384615,-0.22115384615384615,126
Vanderbilt,2015,4,8,4.5,15.2,5.17,21.0,0.373,0.282,0.389,0.235,-0.67,18.42,15.1,15.1,0.3333333333333333,0.4252136752136752,-0.23076923076923073,16.2,27.15,-1.0,20.833333333333332,26.3,-0.5133333333333333,20.833333333333332,26.3,-0.5133333333333333,0.25,0.6923076923076923,17.2,30.1,33.3,24.6,4.68,5.41,5.72,5.07,-1.33,0.46,0.4252136752136752,-0.09188034188034189,126
Vanderbilt,2016,6,7,5.19,23.0,5.9,24.0,0.355,0.403,0.333,0.316,0.31,1.0,7.05,7.05,0.46153846153846156,0.34829059829059833,-0.23076923076923073,19.1,22.5,-0.18000000000000002,18.466666666666665,26.099999999999998,-0.5633333333333334,21.375,25.725,-0.30750000000000005,0.3333333333333333,0.25,15.2,17.2,21.0,33.3,4.5,4.68,5.17,5.72,-0.67,-1.33,0.4342948717948718,0.027243589743589758,126
Vanderbilt,2017,5,7,5.6,24.6,5.85,31.3,0.417,0.373,0.45,0.529,-0.42,0.0,10.06,10.06,0.4166666666666667,0.4038461538461539,0.16666666666666669,23.8,27.65,-0.05499999999999999,20.933333333333334,25.433333333333334,-0.26,22.02,26.839999999999996,-0.33,0.46153846153846156,0.3333333333333333,23.0,15.2,24.0,21.0,5.19,4.5,5.9,5.17,0.31,-0.67,0.43076923076923074,-0.014102564102564052,126
Vanderbilt,2018,6,7,6.29,28.5,6.14,26.6,0.368,0.456,0.5,0.632,0.62,0.0,8.13,8.13,0.46153846153846156,0.4465811965811966,0.12820512820512825,26.55,28.950000000000003,0.1,25.366666666666664,27.3,0.17,21.7,27.240000000000002,-0.29800000000000004,0.4166666666666667,0.46153846153846156,24.6,23.0,31.3,24.0,5.6,5.19,5.85,5.9,-0.42,0.31,0.4358974358974359,0.02564102564102566,126
Vanderbilt,2019,3,9,4.83,16.5,6.57,31.8,0.295,0.391,0.381,0.429,-0.17,0.0,6.38,6.38,0.25,0.37606837606837606,-0.21153846153846156,22.5,29.200000000000003,0.22499999999999998,23.2,29.900000000000002,0.01,21.560000000000002,26.939999999999998,-0.06600000000000002,0.46153846153846156,0.4166666666666667,28.5,24.6,26.6,31.3,6.29,5.6,6.14,5.85,0.62,-0.42,0.40934065934065933,-0.15934065934065933,126
Vanderbilt,2020,0,9,4.71,14.8,7.28,37.3,0.399,0.439,0.6,0.6,-0.89,0.0,12.56,12.56,0.0,0.2371794871794872,-0.4166666666666667,15.65,34.55,-0.53,19.933333333333334,31.900000000000002,-0.1466666666666667,21.48,30.2,-0.11000000000000001,0.25,0.46153846153846156,16.5,28.5,31.8,26.6,4.83,6.29,6.57,6.14,-0.17,0.62,0.3581730769230769,-0.3581730769230769,126
Vanderbilt,2021,2,10,4.51,15.8,6.76,35.6,0.319,0.357,0.633,0.619,-0.25,0.0,15.41,15.41,0.16666666666666666,0.13888888888888887,-0.29487179487179493,15.3,36.45,-0.5700000000000001,15.700000000000001,34.9,-0.4366666666666667,20.04,32.519999999999996,-0.22200000000000003,0.0,0.25,14.8,16.5,37.3,31.8,4.71,4.83,7.28,6.57,-0.89,-0.17,0.3368945868945869,-0.17022792022792024,126
Vanderbilt,2022,5,7,5.27,24.6,6.95,36.0,0.368,0.397,0.379,0.444,0.0,21.29,4.67,15.16,0.4166666666666667,0.19444444444444445,0.16666666666666669,20.200000000000003,35.800000000000004,-0.125,18.400000000000002,36.300000000000004,-0.37999999999999995,20.04,33.46,-0.138,0.16666666666666666,0.0,15.8,14.8,35.6,37.3,4.51,4.71,6.76,7.28,-0.25,-0.89,0.34487179487179487,0.07179487179487182,126
Vanderbilt,2023,2,10,5.18,22.8,6.55,36.2,0.331,0.47,0.296,0.714,-0.25,21.76,10.0,10.0,0.16666666666666666,0.25,0.16666666666666666,23.700000000000003,36.10000000000001,-0.125,21.066666666666666,35.93333333333334,-0.16666666666666663,18.9,35.379999999999995,-0.312,0.4166666666666667,0.16666666666666666,24.6,15.8,36.0,35.6,5.27,4.51,6.95,6.76,0.0,-0.25,0.3286713286713287,-0.16200466200466204,126
Virginia,2013,2,10,4.44,19.8,5.66,33.3,0.38,0.32,0.24,0.429,-0.42,22.37,10.09,10.09,0.16666666666666666,0.16666666666666666,0.0,19.8,33.3,-0.42,19.8,33.3,-0.42,19.8,33.3,-0.42,0.0,0.0,0.0,0.0,0.0,0.0,0.0,0.0,0.0,0.0,0.0,0.0,0.16666666666666666,0.0,127
Virginia,2014,5,7,5.08,25.8,5.14,24.1,0.418,0.39,0.471,0.4,0.42,18.81,10.5,10.5,0.4166666666666667,0.2916666666666667,0.0,22.8,28.7,0.0,22.8,28.7,0.0,22.8,28.7,0.0,0.16666666666666666,0.0,19.8,0.0,33.3,0.0,4.44,0.0,5.66,0.0,-0.42,0.0,0.2916666666666667,0.125,127
Virginia,2015,4,8,5.49,25.8,6.23,32.2,0.425,0.369,0.533,0.474,-0.75,22.97,7.83,7.83,0.3333333333333333,0.3055555555555555,0.0,25.8,28.150000000000002,-0.165,23.8,29.866666666666664,-0.25,23.8,29.866666666666664,-0.25,0.4166666666666667,0.16666666666666666,25.8,19.8,24.1,33.3,5.08,4.44,5.14,5.66,0.42,-0.42,0.3055555555555555,0.02777777777777779,127
Virginia,2016,2,10,4.86,22.5,6.33,33.8,0.346,0.434,0.522,0.533,-0.75,1.0,7.87,7.87,0.16666666666666666,0.3055555555555555,0.0,24.15,33.0,-0.75,24.700000000000003,30.03333333333333,-0.36000000000000004,23.475,30.85,-0.375,0.3333333333333333,0.4166666666666667,25.8,25.8,32.2,24.1,5.49,5.08,6.23,5.14,-0.75,0.42,0.2708333333333333,-0.10416666666666666,127
Virginia,2017,6,7,4.9,22.5,5.4,28.4,0.392,0.367,0.393,0.577,-0.08,0.0,12.84,12.84,0.46153846153846156,0.3205128205128205,0.04487179487179488,22.5,31.099999999999998,-0.415,23.599999999999998,31.46666666666667,-0.5266666666666667,23.28,30.360000000000003,-0.316,0.16666666666666666,0.3333333333333333,22.5,25.8,33.8,32.2,4.86,5.49,6.33,6.23,-0.75,-0.75,0.30897435897435893,0.15256410256410263,127
Virginia,2018,8,5,5.84,28.5,5.27,20.1,0.491,0.403,0.615,0.435,0.15,1.0,3.21,3.21,0.6153846153846154,0.41452991452991456,0.2820512820512821,25.5,24.25,0.035,24.5,27.433333333333334,-0.22666666666666666,25.020000000000003,27.72,-0.202,0.46153846153846156,0.16666666666666666,22.5,22.5,28.4,33.8,4.9,4.86,5.4,6.33,-0.08,-0.75,0.36004273504273504,0.2553418803418804,127
Virginia,2019,9,5,5.66,32.1,5.75,27.1,0.453,0.36,0.563,0.52,-0.21,0.0,12.9,12.9,0.6428571428571429,0.5732600732600733,0.4761904761904763,30.3,23.6,-0.029999999999999985,27.700000000000003,25.2,-0.04666666666666666,26.28,28.320000000000004,-0.32799999999999996,0.6153846153846154,0.46153846153846156,28.5,22.5,20.1,28.4,5.84,4.9,5.27,5.4,0.15,-0.08,0.4004447933019361,0.2424123495552068,127
Virginia,2020,5,5,5.68,30.7,6.39,29.6,0.371,0.417,0.64,0.333,-0.1,0.0,6.0,6.0,0.5,0.5860805860805861,0.038461538461538436,31.4,28.35,-0.155,30.433333333333337,25.600000000000005,-0.05333333333333332,27.259999999999998,27.8,-0.198,0.6428571428571429,0.6153846153846154,32.1,28.5,27.1,20.1,5.66,5.84,5.75,5.27,-0.21,0.15,0.4128891941391941,0.08711080586080588,127
Virginia,2021,6,6,6.94,34.6,6.63,31.8,0.459,0.41,0.421,0.6,-0.25,1.0,9.81,9.81,0.5,0.5476190476190476,-0.11538461538461542,32.650000000000006,30.700000000000003,-0.175,32.46666666666667,29.5,-0.18666666666666665,29.679999999999996,27.4,-0.098,0.5,0.6428571428571429,30.7,32.1,29.6,27.1,5.68,5.66,6.39,5.75,-0.1,-0.21,0.42256817256817253,0.07743182743182747,127
Virginia,2022,3,7,5.14,17.0,4.97,24.0,0.321,0.37,0.389,0.571,-0.9,22.0,4.85,13.08,0.3,0.4333333333333333,-0.3428571428571429,25.8,27.9,-0.575,27.433333333333334,28.46666666666667,-0.4166666666666667,28.579999999999995,26.52,-0.262,0.5,0.5,34.6,30.7,31.8,29.6,6.94,5.68,6.63,6.39,-0.25,-0.1,0.41031135531135526,-0.11031135531135527,127
Virginia,2023,3,9,5.21,23.2,6.05,33.8,0.361,0.404,0.6,0.579,-0.5,22.77,11.79,11.79,0.25,0.3499999999999999,-0.25,20.1,28.9,-0.7,24.933333333333334,29.866666666666664,-0.5499999999999999,27.52,29.26,-0.392,0.3,0.5,17.0,34.6,24.0,31.8,5.14,6.94,4.97,6.63,-0.9,-0.25,0.3957375957375957,-0.1457375957375957,127
Virginia Tech,2013,8,5,5.0,22.5,4.55,19.3,0.323,0.297,0.588,0.375,0.54,20.91,11.64,11.64,0.6153846153846154,0.6153846153846154,0.09890109890109888,22.5,19.3,0.54,22.5,19.3,0.54,22.5,19.3,0.54,0.0,0.0,0.0,0.0,0.0,0.0,0.0,0.0,0.0,0.0,0.0,0.0,0.6153846153846154,0.0,128
Virginia Tech,2014,7,6,4.93,24.1,5.15,20.2,0.39,0.288,0.5,0.278,-0.31,20.37,3.07,3.07,0.5384615384615384,0.5769230769230769,0.09890109890109888,23.3,19.75,0.11500000000000002,23.3,19.75,0.11500000000000002,23.3,19.75,0.11500000000000002,0.6153846153846154,0.0,22.5,0.0,19.3,0.0,5.0,0.0,4.55,0.0,0.54,0.0,0.5769230769230769,-0.038461538461538436,128
Virginia Tech,2015,7,6,5.33,31.0,5.55,26.3,0.383,0.335,0.615,0.5,0.31,20.48,2.84,2.84,0.5384615384615384,0.5641025641025641,0.09890109890109888,27.55,23.25,0.0,25.866666666666664,21.933333333333334,0.18000000000000002,25.866666666666664,21.933333333333334,0.18000000000000002,0.5384615384615384,0.6153846153846154,24.1,22.5,20.2,19.3,4.93,5.0,5.15,4.55,-0.31,0.54,0.5641025641025641,-0.02564102564102566,128
Virginia Tech,2016,10,4,5.73,35.0,4.99,22.8,0.425,0.275,0.563,0.476,-0.07,0.0,4.36,4.36,0.7142857142857143,0.5970695970695971,0.09890109890109888,33.0,24.55,0.12,30.03333333333333,23.100000000000005,-0.023333333333333334,28.15,22.15,0.11750000000000001,0.5384615384615384,0.5384615384615384,31.0,24.1,26.3,20.2,5.33,4.93,5.55,5.15,0.31,-0.31,0.6016483516483516,0.11263736263736268,128
Virginia Tech,2017,9,4,5.39,28.2,5.06,14.8,0.408,0.262,0.423,0.435,0.38,0.0,3.92,3.92,0.6923076923076923,0.6483516483516484,0.15384615384615385,31.6,18.8,0.155,31.400000000000002,21.3,0.20666666666666667,28.160000000000004,20.68,0.17,0.7142857142857143,0.5384615384615384,35.0,31.0,22.8,26.3,5.73,5.33,4.99,5.55,-0.07,0.31,0.6197802197802198,0.07252747252747249,128
Virginia Tech,2018,6,7,5.87,29.8,6.39,31.0,0.373,0.388,0.556,0.474,0.23,0.0,10.0,10.0,0.46153846153846156,0.6227106227106227,-0.07692307692307687,29.0,22.9,0.305,31.0,22.86666666666667,0.18000000000000002,29.619999999999997,23.020000000000003,0.10800000000000001,0.6923076923076923,0.7142857142857143,28.2,35.0,14.8,22.8,5.39,5.73,5.06,4.99,0.38,-0.07,0.5934065934065934,-0.13186813186813184,128
Virginia Tech,2019,8,5,5.67,30.8,5.26,24.7,0.385,0.371,0.692,0.567,-0.31,0.0,8.61,8.61,0.6153846153846154,0.5897435897435898,-0.09890109890109888,30.3,27.85,-0.03999999999999998,29.599999999999998,23.5,0.10000000000000002,30.96,23.919999999999998,0.10800000000000001,0.46153846153846156,0.6923076923076923,29.8,28.2,31.0,14.8,5.87,5.39,6.39,5.06,0.23,0.38,0.5965463108320251,0.01883830455259028,128
Virginia Tech,2020,5,6,6.67,31.1,6.19,32.1,0.381,0.405,0.538,0.731,0.27,0.0,4.0,4.0,0.45454545454545453,0.5104895104895105,-0.23776223776223776,30.950000000000003,28.4,-0.019999999999999962,30.566666666666666,29.26666666666667,0.06333333333333334,30.98,25.080000000000002,0.1,0.6153846153846154,0.46153846153846156,30.8,29.8,24.7,31.0,5.67,5.87,5.26,6.39,-0.31,0.23,0.5787962037962038,-0.12425074925074925,128
Virginia Tech,2021,6,7,5.55,23.7,5.86,25.3,0.401,0.353,0.5,0.64,0.08,0.0,15.07,15.07,0.46153846153846156,0.5104895104895105,0.0,27.4,28.699999999999996,0.17500000000000002,28.53333333333333,27.36666666666667,0.01333333333333333,28.720000000000006,25.58,0.13,0.45454545454545453,0.6153846153846154,31.1,30.8,32.1,24.7,6.67,5.67,6.19,5.26,0.27,-0.31,0.5657675657675658,-0.10422910422910425,128
Virginia Tech,2022,3,8,4.7,19.3,5.4,24.7,0.314,0.341,0.429,0.625,-0.55,19.11,9.09,2.91,0.2727272727272727,0.39627039627039623,-0.3426573426573427,21.5,25.0,-0.23500000000000001,24.700000000000003,27.366666666666664,-0.0666666666666667,26.940000000000005,27.560000000000002,-0.056000000000000015,0.46153846153846156,0.45454545454545453,23.7,31.1,25.3,32.1,5.55,6.67,5.86,6.19,0.08,0.27,0.5364635364635364,-0.2637362637362637,128
Virginia Tech,2023,7,6,5.95,29.5,5.15,23.9,0.349,0.347,0.654,0.529,0.08,23.67,6.67,6.67,0.5384615384615384,0.42424242424242425,0.0839160839160839,24.4,24.299999999999997,-0.23500000000000001,24.166666666666668,24.633333333333336,-0.13000000000000003,26.880000000000003,26.139999999999997,-0.08600000000000002,0.2727272727272727,0.46153846153846156,19.3,23.7,24.7,25.3,4.7,5.55,5.4,5.86,-0.55,0.08,0.5366451730088094,0.0018163654527290074,128
Wake Forest,2013,4,8,4.35,18.3,5.0,24.1,0.353,0.363,0.833,0.524,-0.17,22.81,8.3,8.3,0.3333333333333333,0.3333333333333333,0.20512820512820512,18.3,24.1,-0.17,18.3,24.1,-0.17,18.3,24.1,-0.17,0.0,0.0,0.0,0.0,0.0,0.0,0.0,0.0,0.0,0.0,0.0,0.0,0.3333333333333333,0.0,129
Wake Forest,2014,3,9,3.38,14.8,5.22,26.4,0.284,0.411,0.4,0.462,-0.17,20.6,5.93,5.93,0.25,0.29166666666666663,0.20512820512820512,16.55,25.25,-0.17,16.55,25.25,-0.17,16.55,25.25,-0.17,0.3333333333333333,0.0,18.3,0.0,24.1,0.0,4.35,0.0,5.0,0.0,-0.17,0.0,0.29166666666666663,-0.04166666666666663,129
Wake Forest,2015,3,9,4.8,17.4,5.57,24.6,0.351,0.354,0.412,0.444,-1.08,22.22,7.33,7.33,0.25,0.27777777777777773,0.20512820512820512,16.1,25.5,-0.625,16.833333333333332,25.03333333333333,-0.4733333333333334,16.833333333333332,25.03333333333333,-0.4733333333333334,0.25,0.3333333333333333,14.8,18.3,26.4,24.1,3.38,4.35,5.22,5.0,-0.17,-0.17,0.27777777777777773,-0.027777777777777735,129
Wake Forest,2016,7,6,4.57,20.4,5.33,22.2,0.348,0.341,0.412,0.429,0.62,0.0,9.13,9.13,0.5384615384615384,0.3461538461538462,0.20512820512820512,18.9,23.4,-0.23000000000000004,17.533333333333335,24.400000000000002,-0.21000000000000008,17.725,24.325,-0.20000000000000004,0.25,0.25,17.4,14.8,24.6,26.4,4.8,3.38,5.57,5.22,-1.08,-0.17,0.34294871794871795,0.19551282051282048,129
Wake Forest,2017,8,5,6.29,35.3,5.56,28.3,0.397,0.398,0.6,0.515,0.62,0.0,9.61,9.61,0.6153846153846154,0.467948717948718,0.3653846153846154,27.849999999999998,25.25,0.62,24.366666666666664,25.03333333333333,0.05333333333333329,21.24,25.119999999999997,-0.03600000000000003,0.5384615384615384,0.25,20.4,17.4,22.2,24.6,4.57,4.8,5.33,5.57,0.62,-1.08,0.39743589743589747,0.21794871794871795,129
Wake Forest,2018,7,6,5.48,32.8,5.87,33.3,0.419,0.422,0.577,0.519,-0.23,1.0,9.52,9.52,0.5384615384615384,0.5641025641025642,0.28846153846153844,34.05,30.799999999999997,0.195,29.5,27.933333333333334,0.33666666666666667,24.139999999999997,26.96,-0.04800000000000003,0.6153846153846154,0.5384615384615384,35.3,20.4,28.3,22.2,6.29,4.57,5.56,5.33,0.62,0.62,0.42094017094017094,0.11752136752136749,129
Wake Forest,2019,8,5,5.72,31.8,5.78,29.1,0.472,0.318,0.412,0.625,0.62,3.0,15.65,15.65,0.6153846153846154,0.5897435897435899,0.07692307692307698,32.3,31.2,0.195,33.3,30.23333333333333,0.33666666666666667,27.54,27.5,0.10999999999999996,0.5384615384615384,0.6153846153846154,32.8,35.3,33.3,28.3,5.48,6.29,5.87,5.56,-0.23,0.62,0.44871794871794873,0.16666666666666669,129
Wake Forest,2020,4,4,5.77,37.0,6.1,31.6,0.402,0.43,0.529,0.556,1.62,0.0,6.67,6.67,0.5,0.5512820512820514,-0.11538461538461542,34.4,30.35,1.12,33.86666666666667,31.333333333333332,0.67,31.46,28.9,0.65,0.6153846153846154,0.5384615384615384,31.8,32.8,29.1,33.3,5.72,5.48,5.78,5.87,0.62,-0.23,0.4551282051282051,0.04487179487179488,129
Wake Forest,2021,11,3,6.04,41.0,5.86,28.9,0.491,0.387,0.619,0.375,0.64,1.0,9.2,9.2,0.7857142857142857,0.6336996336996338,0.24725274725274726,39.0,30.25,1.1300000000000001,36.6,29.866666666666664,0.9600000000000001,35.58,30.24,0.654,0.5,0.6153846153846154,37.0,31.8,31.6,29.1,5.77,5.72,6.1,5.78,1.62,0.62,0.4918599918599919,0.2938542938542938,129
Wake Forest,2022,8,5,5.88,36.1,5.68,28.3,0.459,0.413,0.5,0.464,-0.23,19.44,7.44,12.88,0.6153846153846154,0.6336996336996338,0.0,38.55,28.6,0.20500000000000002,38.03333333333333,29.599999999999998,0.6766666666666667,35.74,30.24,0.4840000000000001,0.7857142857142857,0.5,41.0,37.0,28.9,31.6,6.04,5.77,5.86,6.1,0.64,1.62,0.5042124542124542,0.11117216117216122,129
Wake Forest,2023,4,8,4.98,20.2,5.84,27.0,0.342,0.402,0.421,0.632,-0.5,21.19,4.44,4.44,0.3333333333333333,0.5781440781440782,-0.16666666666666669,28.15,27.65,-0.365,32.43333333333333,28.066666666666666,-0.02999999999999999,33.22,28.98,0.43000000000000005,0.6153846153846154,0.7857142857142857,36.1,41.0,28.3,28.9,5.88,6.04,5.68,5.86,-0.23,0.64,0.48867798867798873,-0.1553446553446554,129
Washington,2013,9,4,6.35,37.9,4.98,22.8,0.49,0.378,0.421,0.346,0.54,24.26,5.37,5.37,0.6923076923076923,0.6923076923076923,0.1648351648351648,37.9,22.8,0.54,37.9,22.8,0.54,37.9,22.8,0.54,0.0,0.0,0.0,0.0,0.0,0.0,0.0,0.0,0.0,0.0,0.0,0.0,0.6923076923076923,0.0,130
Washington,2014,8,6,5.4,30.2,5.38,24.8,0.411,0.374,0.5,0.588,0.86,20.3,4.17,4.17,0.5714285714285714,0.6318681318681318,0.1648351648351648,34.05,23.8,0.7,34.05,23.8,0.7,34.05,23.8,0.7,0.6923076923076923,0.0,37.9,0.0,22.8,0.0,6.35,0.0,4.98,0.0,0.54,0.0,0.6318681318681318,-0.06043956043956045,130
Washington,2015,7,6,6.0,30.6,4.9,18.8,0.379,0.368,0.421,0.522,0.38,22.02,6.67,6.67,0.5384615384615384,0.6007326007326007,0.1648351648351648,30.4,21.8,0.62,32.9,22.133333333333336,0.5933333333333334,32.9,22.133333333333336,0.5933333333333334,0.5714285714285714,0.6923076923076923,30.2,37.9,24.8,22.8,5.4,6.35,5.38,4.98,0.86,0.54,0.6007326007326007,-0.06227106227106227,130
Washington,2016,12,2,6.83,41.8,4.61,17.7,0.441,0.306,0.5,0.486,1.29,0.0,8.92,8.92,0.8571428571428571,0.6556776556776557,0.1648351648351648,36.199999999999996,18.25,0.835,34.199999999999996,20.433333333333334,0.8433333333333334,35.125,21.025,0.7675000000000001,0.5384615384615384,0.5714285714285714,30.6,30.2,18.8,24.8,6.0,5.4,4.9,5.38,0.38,0.86,0.6648351648351648,0.1923076923076923,130
Washington,2017,10,3,6.42,36.2,4.42,16.1,0.454,0.378,0.5,0.65,1.0,0.0,5.27,5.27,0.7692307692307693,0.7216117216117216,0.19780219780219788,39.0,16.9,1.145,36.199999999999996,17.533333333333335,0.89,35.339999999999996,20.04,0.8140000000000001,0.8571428571428571,0.5384615384615384,41.8,30.6,17.7,18.8,6.83,6.0,4.61,4.9,1.29,0.38,0.6857142857142857,0.08351648351648355,130
Washington,2018,10,4,5.99,26.4,4.67,16.4,0.454,0.379,0.524,0.565,0.21,0.0,10.2,10.2,0.7142857142857143,0.7802197802197802,0.17582417582417587,31.299999999999997,16.25,0.605,34.800000000000004,16.73333333333333,0.8333333333333335,33.04,18.76,0.748,0.7692307692307693,0.8571428571428571,36.2,41.8,16.1,17.7,6.42,6.83,4.42,4.61,1.0,1.29,0.6904761904761904,0.023809523809523947,130
Washington,2019,8,5,5.83,32.0,5.11,19.4,0.357,0.372,0.719,0.609,0.62,0.0,4.89,4.89,0.6153846153846154,0.6996336996336997,-0.24175824175824168,29.199999999999996,17.9,0.415,31.533333333333335,17.3,0.61,33.4,17.68,0.7,0.7142857142857143,0.7692307692307693,26.4,36.2,16.4,16.1,5.99,6.42,4.67,4.42,0.21,1.0,0.6797488226059655,-0.06436420722135006,130
Washington,2020,3,1,6.03,30.2,5.35,25.0,0.481,0.423,0.833,0.5,1.25,0.0,21.33,21.33,0.75,0.6932234432234433,-0.019230769230769273,31.099999999999994,22.2,0.935,29.533333333333335,20.266666666666666,0.6933333333333334,33.32000000000001,18.919999999999998,0.874,0.6153846153846154,0.7142857142857143,32.0,26.4,19.4,16.4,5.83,5.99,5.11,4.67,0.62,0.21,0.6885302197802198,0.06146978021978022,130
Washington,2021,4,8,4.98,21.5,5.02,22.7,0.444,0.357,0.435,0.588,-0.67,0.0,11.16,11.16,0.3333333333333333,0.5662393162393162,-0.380952380952381,25.849999999999994,23.85,0.29,27.900000000000002,22.366666666666664,0.4000000000000001,29.26,19.92,0.48200000000000004,0.75,0.6153846153846154,30.2,32.0,25.0,19.4,6.03,5.83,5.35,5.11,1.25,0.62,0.649063899063899,-0.31573056573056574,130
Washington,2022,11,2,6.88,39.7,5.59,25.8,0.568,0.445,0.571,0.486,0.08,19.48,11.0,6.11,0.8461538461538461,0.6431623931623932,0.23076923076923073,30.599999999999994,24.25,-0.29500000000000004,30.46666666666667,24.5,0.22,29.96,21.86,0.29799999999999993,0.3333333333333333,0.75,21.5,30.2,22.7,25.0,4.98,6.03,5.02,5.35,-0.67,1.25,0.6687728937728938,0.1773809523809523,130
Washington,2023,14,1,7.04,36.0,5.77,24.8,0.442,0.386,0.636,0.405,0.0,16.17,3.0,3.0,0.9333333333333333,0.7042735042735043,0.18333333333333335,37.849999999999994,25.3,0.04,32.4,24.433333333333334,-0.19666666666666666,31.879999999999995,23.54,0.25599999999999995,0.8461538461538461,0.3333333333333333,39.7,21.5,25.8,22.7,6.88,4.98,5.59,5.02,0.08,-0.67,0.6928238428238429,0.24050949050949044,130
Washington St.,2013,6,7,5.48,31.0,5.92,32.5,0.395,0.381,0.6,0.577,-0.38,20.04,7.0,7.0,0.46153846153846156,0.46153846153846156,0.15384615384615385,31.0,32.5,-0.38,31.0,32.5,-0.38,31.0,32.5,-0.38,0.0,0.0,0.0,0.0,0.0,0.0,0.0,0.0,0.0,0.0,0.0,0.0,0.46153846153846156,0.0,131
Washington St.,2014,3,9,6.12,31.8,6.18,38.6,0.419,0.393,0.45,0.556,-1.42,21.81,17.32,17.32,0.25,0.3557692307692308,0.15384615384615385,31.4,35.55,-0.8999999999999999,31.4,35.55,-0.8999999999999999,31.4,35.55,-0.8999999999999999,0.46153846153846156,0.0,31.0,0.0,32.5,0.0,5.48,0.0,5.92,0.0,-0.38,0.0,0.3557692307692308,-0.10576923076923078,131
Washington St.,2015,9,4,5.92,31.5,5.77,27.7,0.405,0.445,0.667,0.407,-0.08,20.86,14.43,14.43,0.6923076923076923,0.4679487179487179,0.15384615384615385,31.65,33.15,-0.75,31.433333333333334,32.93333333333333,-0.6266666666666666,31.433333333333334,32.93333333333333,-0.6266666666666666,0.25,0.46153846153846156,31.8,31.0,38.6,32.5,6.12,5.48,6.18,5.92,-1.42,-0.38,0.4679487179487179,0.2243589743589744,131
Washington St.,2016,8,5,6.11,38.2,6.04,26.4,0.471,0.399,0.548,0.375,0.46,1.0,8.83,8.83,0.6153846153846154,0.5192307692307693,0.15384615384615385,34.85,27.049999999999997,0.19,33.833333333333336,30.900000000000002,-0.3466666666666667,33.125,31.3,-0.355,0.6923076923076923,0.25,31.5,31.8,27.7,38.6,5.92,6.12,5.77,6.18,-0.08,-1.42,0.5048076923076923,0.11057692307692313,131
Washington St.,2017,9,4,5.56,30.3,5.13,25.8,0.426,0.285,0.556,0.421,-0.23,0.0,2.89,2.89,0.6923076923076923,0.6666666666666666,0.4423076923076923,34.25,26.1,0.115,33.333333333333336,26.633333333333336,0.049999999999999996,32.56,30.2,-0.32999999999999996,0.6153846153846154,0.6923076923076923,38.2,31.5,26.4,27.7,6.11,5.92,6.04,5.77,0.46,-0.08,0.5423076923076924,0.1499999999999999,131
Washington St.,2018,11,2,6.13,37.5,5.58,23.3,0.434,0.36,0.692,0.714,0.62,0.0,7.92,7.92,0.8461538461538461,0.717948717948718,0.15384615384615385,33.9,24.55,0.195,35.333333333333336,25.166666666666668,0.2833333333333333,33.86,28.360000000000003,-0.12999999999999998,0.6923076923076923,0.6153846153846154,30.3,38.2,25.8,26.4,5.56,6.11,5.13,6.04,-0.23,0.46,0.592948717948718,0.2532051282051282,131
Washington St.,2019,6,7,7.14,37.8,6.64,31.4,0.426,0.42,0.591,0.565,-0.46,1.0,14.5,14.5,0.46153846153846156,0.6666666666666666,-0.15384615384615385,37.65,27.35,0.07999999999999999,35.199999999999996,26.833333333333332,-0.023333333333333355,35.059999999999995,26.919999999999998,0.062,0.8461538461538461,0.6923076923076923,37.5,30.3,23.3,25.8,6.13,5.56,5.58,5.13,0.62,-0.23,0.5741758241758241,-0.11263736263736257,131
Washington St.,2020,1,3,5.86,27.0,6.69,38.5,0.392,0.481,0.429,0.857,-0.5,0.0,5.43,5.43,0.25,0.5192307692307693,-0.4423076923076923,32.4,34.95,-0.48,34.1,31.066666666666663,-0.11333333333333336,34.16,29.080000000000002,-0.022,0.46153846153846156,0.8461538461538461,37.8,37.5,31.4,23.3,7.14,6.13,6.64,5.58,-0.46,0.62,0.5336538461538461,-0.28365384615384615,131
Washington St.,2021,7,6,5.75,27.8,5.52,24.2,0.394,0.379,0.375,0.435,0.85,0.0,10.13,10.13,0.5384615384615384,0.4166666666666667,-0.3076923076923077,27.4,31.35,0.17499999999999996,30.866666666666664,31.366666666666664,-0.0366666666666667,32.08,28.639999999999997,0.05599999999999998,0.25,0.46153846153846156,27.0,37.8,38.5,31.4,5.86,7.14,6.69,6.64,-0.5,-0.46,0.5341880341880342,0.004273504273504258,131
Washington St.,2022,7,6,5.41,26.1,5.84,22.9,0.364,0.38,0.448,0.387,0.23,21.63,9.12,3.93,0.5384615384615384,0.4423076923076923,0.07692307692307687,26.950000000000003,23.550000000000004,0.5399999999999999,26.96666666666667,28.53333333333333,0.19333333333333333,31.24,28.060000000000002,0.148,0.5384615384615384,0.25,27.8,27.0,24.2,38.5,5.75,5.86,5.52,6.69,0.85,-0.5,0.5346153846153846,0.0038461538461538325,131
Washington St.,2023,5,7,5.94,31.7,5.67,28.1,0.425,0.411,0.462,0.632,-0.5,26.31,8.12,8.12,0.4166666666666667,0.49786324786324787,0.16666666666666669,28.9,25.500000000000004,-0.135,28.53333333333333,25.066666666666663,0.19333333333333336,30.080000000000002,29.02,-0.076,0.5384615384615384,0.5384615384615384,26.1,27.8,22.9,24.2,5.41,5.75,5.84,5.52,0.23,0.85,0.5238927738927739,-0.1072261072261072,131
West Virginia,2013,4,8,5.53,26.3,5.93,33.3,0.319,0.427,0.222,0.75,-0.33,22.93,5.07,5.07,0.3333333333333333,0.3333333333333333,0.43589743589743596,26.3,33.3,-0.33,26.3,33.3,-0.33,26.3,33.3,-0.33,0.0,0.0,0.0,0.0,0.0,0.0,0.0,0.0,0.0,0.0,0.0,0.0,0.3333333333333333,0.0,132
West Virginia,2014,7,6,5.92,33.5,5.43,27.6,0.424,0.314,0.455,0.304,-1.15,22.33,13.65,13.65,0.5384615384615384,0.4358974358974359,0.43589743589743596,29.9,30.45,-0.74,29.9,30.45,-0.74,29.9,30.45,-0.74,0.3333333333333333,0.0,26.3,0.0,33.3,0.0,5.53,0.0,5.93,0.0,-0.33,0.0,0.4358974358974359,0.10256410256410253,132
West Virginia,2015,8,5,5.93,34.0,5.32,24.6,0.391,0.317,0.474,0.429,0.69,23.81,4.68,4.68,0.6153846153846154,0.49572649572649574,0.43589743589743596,33.75,26.1,-0.22999999999999998,31.266666666666666,28.5,-0.26333333333333336,31.266666666666666,28.5,-0.26333333333333336,0.5384615384615384,0.3333333333333333,33.5,26.3,27.6,33.3,5.92,5.53,5.43,5.93,-1.15,-0.33,0.49572649572649574,0.11965811965811968,132
West Virginia,2016,10,3,6.42,31.2,5.56,24.0,0.428,0.403,0.5,0.35,0.31,1.0,6.0,6.0,0.7692307692307693,0.6410256410256411,0.43589743589743596,32.6,24.3,0.5,32.9,25.400000000000002,-0.05000000000000001,31.25,27.375,-0.12000000000000001,0.6153846153846154,0.5384615384615384,34.0,33.5,24.6,27.6,5.93,5.92,5.32,5.43,0.69,-1.15,0.5641025641025641,0.20512820512820518,132
West Virginia,2017,7,6,6.35,34.5,6.14,31.5,0.335,0.333,0.762,0.72,-0.54,0.0,11.15,11.15,0.5384615384615384,0.641025641025641,0.0,32.85,27.75,-0.11499999999999999,33.233333333333334,26.7,0.1533333333333333,31.9,28.2,-0.20400000000000001,0.7692307692307693,0.6153846153846154,31.2,34.0,24.0,24.6,6.42,5.93,5.56,5.32,0.31,0.69,0.558974358974359,-0.02051282051282055,132
West Virginia,2018,8,4,7.07,40.3,5.81,27.2,0.436,0.361,0.563,0.632,0.58,0.0,7.67,7.67,0.6666666666666666,0.6581196581196581,0.05128205128205121,37.4,29.35,0.019999999999999962,35.333333333333336,27.566666666666666,0.11666666666666663,34.7,26.98,-0.022,0.5384615384615384,0.7692307692307693,34.5,31.2,31.5,24.0,6.35,6.42,6.14,5.56,-0.54,0.31,0.576923076923077,0.08974358974358965,132
West Virginia,2019,5,7,4.9,20.6,5.48,28.8,0.346,0.399,0.526,0.6,-0.5,0.0,6.25,6.25,0.4166666666666667,0.5405982905982906,-0.3525641025641026,30.45,28.0,0.03999999999999998,31.8,29.166666666666668,-0.15333333333333338,32.12,27.220000000000006,0.10800000000000001,0.6666666666666666,0.5384615384615384,40.3,34.5,27.2,31.5,7.07,6.35,5.81,6.14,0.58,-0.54,0.5540293040293041,-0.13736263736263737,132
West Virginia,2020,5,4,5.51,26.8,4.77,20.4,0.407,0.394,0.524,0.625,0.33,1.0,2.75,2.75,0.5555555555555556,0.5462962962962963,0.017094017094017144,23.700000000000003,24.6,-0.08499999999999999,29.233333333333334,25.46666666666667,0.13666666666666663,30.68,26.380000000000003,0.03600000000000002,0.4166666666666667,0.6666666666666666,20.6,40.3,28.8,27.2,4.9,7.07,5.48,5.81,-0.5,0.58,0.5542200854700855,0.0013354700854700807,132
West Virginia,2021,6,7,5.37,25.2,5.55,23.8,0.398,0.347,0.679,0.4,-0.38,1.0,6.45,6.45,0.46153846153846156,0.4779202279202279,-0.20512820512820507,26.0,22.1,-0.024999999999999994,24.2,24.333333333333332,-0.18333333333333335,29.48,26.339999999999996,-0.10199999999999998,0.5555555555555556,0.4166666666666667,26.8,20.6,20.4,28.8,5.51,4.9,4.77,5.48,0.33,-0.5,0.5439221272554606,-0.08238366571699907,132
West Virginia,2022,5,7,5.5,30.6,6.03,32.9,0.412,0.407,0.688,0.571,-0.67,17.76,6.08,2.71,0.4166666666666667,0.4779202279202279,0.0,27.9,28.349999999999998,-0.525,27.53333333333333,25.7,-0.24000000000000002,28.7,26.619999999999997,-0.12799999999999997,0.46153846153846156,0.5555555555555556,25.2,26.8,23.8,20.4,5.37,5.51,5.55,4.77,-0.38,0.33,0.5311965811965812,-0.11452991452991451,132
West Virginia,2023,9,4,6.31,31.5,5.78,26.2,0.397,0.386,0.528,0.519,0.15,25.19,0.23,0.23,0.6923076923076923,0.5235042735042735,0.1367521367521367,31.05,29.549999999999997,-0.26,29.100000000000005,27.63333333333333,-0.3,26.939999999999998,26.419999999999998,-0.21399999999999997,0.4166666666666667,0.46153846153846156,30.6,25.2,32.9,23.8,5.5,5.37,6.03,5.55,-0.67,-0.38,0.5458430458430459,0.1464646464646464,132
Western Ky.,2013,8,4,6.29,30.8,5.33,24.6,0.462,0.451,0.5,0.467,-0.83,20.09,10.18,10.18,0.6666666666666666,0.6666666666666666,0.11904761904761907,30.8,24.6,-0.83,30.8,24.6,-0.83,30.8,24.6,-0.83,0.0,0.0,0.0,0.0,0.0,0.0,0.0,0.0,0.0,0.0,0.0,0.0,0.6666666666666666,0.0,133
Western Ky.,2014,8,5,7.05,44.4,6.66,39.9,0.511,0.475,0.417,0.556,0.38,20.22,6.43,6.43,0.6153846153846154,0.641025641025641,0.11904761904761907,37.6,32.25,-0.22499999999999998,37.6,32.25,-0.22499999999999998,37.6,32.25,-0.22499999999999998,0.6666666666666666,0.0,30.8,0.0,24.6,0.0,6.29,0.0,5.33,0.0,-0.83,0.0,0.641025641025641,-0.02564102564102555,133
Western Ky.,2015,12,2,7.23,44.3,5.69,25.9,0.478,0.352,0.571,0.611,1.0,19.08,7.33,7.33,0.8571428571428571,0.7130647130647131,0.11904761904761907,44.349999999999994,32.9,0.69,39.833333333333336,30.133333333333336,0.18333333333333335,39.833333333333336,30.133333333333336,0.18333333333333335,0.6153846153846154,0.6666666666666666,44.4,30.8,39.9,24.6,7.05,6.29,6.66,5.33,0.38,-0.83,0.7130647130647131,0.144078144078144,133
Western Ky.,2016,11,3,7.65,45.5,5.2,24.6,0.467,0.38,0.412,0.393,0.14,0.0,5.44,5.44,0.7857142857142857,0.7527472527472527,0.11904761904761907,44.89999999999999,25.25,0.5700000000000001,44.73333333333333,30.133333333333336,0.5066666666666667,41.25,28.75,0.17250000000000001,0.8571428571428571,0.6153846153846154,44.3,44.4,25.9,39.9,7.23,7.05,5.69,6.66,1.0,0.38,0.7312271062271062,0.054487179487179516,133
Western Ky.,2017,6,7,5.32,25.5,5.52,26.8,0.44,0.435,0.407,0.5,-0.62,0.0,6.0,6.0,0.46153846153846156,0.7014652014652015,-0.15384615384615385,35.5,25.700000000000003,-0.24,38.43333333333333,25.766666666666666,0.17333333333333334,38.1,28.360000000000003,0.014000000000000012,0.7857142857142857,0.8571428571428571,45.5,44.3,24.6,25.9,7.65,7.23,5.2,5.69,0.14,1.0,0.6772893772893773,-0.21575091575091576,133
Western Ky.,2018,3,9,5.02,21.1,5.87,27.8,0.389,0.372,0.375,0.545,0.17,0.0,10.29,10.29,0.25,0.4990842490842491,-0.6071428571428571,23.299999999999997,27.3,-0.22499999999999998,30.7,26.400000000000002,-0.10333333333333332,36.16,29.0,0.21400000000000002,0.46153846153846156,0.7857142857142857,25.5,45.5,26.8,24.6,5.32,7.65,5.52,5.2,-0.62,0.14,0.606074481074481,-0.35607448107448103,133
Western Ky.,2019,9,4,5.6,25.4,5.22,20.1,0.41,0.297,0.6,0.5,-0.46,0.0,6.84,6.84,0.6923076923076923,0.4679487179487179,-0.09340659340659341,23.249999999999996,23.950000000000003,-0.14500000000000002,24.0,24.900000000000002,-0.30333333333333334,32.36,25.04,0.046,0.25,0.46153846153846156,21.1,25.5,27.8,26.8,5.02,5.32,5.87,5.52,0.17,-0.62,0.6183935112506541,0.07391418105703818,133
Western Ky.,2020,5,6,4.58,18.8,4.99,24.1,0.317,0.395,0.586,0.562,-0.27,1.0,12.11,12.11,0.45454545454545453,0.46561771561771564,-0.006993006993007034,22.099999999999994,22.1,-0.36500000000000005,21.766666666666666,24.0,-0.18666666666666668,27.259999999999998,24.68,-0.20800000000000002,0.6923076923076923,0.25,25.4,21.1,20.1,27.8,5.6,5.02,5.22,5.87,-0.46,0.17,0.5979125041625042,-0.14336704961704966,133
Western Ky.,2021,9,5,7.17,44.2,5.63,29.4,0.466,0.436,0.5,0.439,0.79,0.0,18.57,18.57,0.6428571428571429,0.5965700965700965,0.3928571428571429,31.499999999999996,26.75,0.26,29.46666666666667,24.53333333333333,0.01999999999999998,27.0,25.639999999999997,-0.07800000000000003,0.45454545454545453,0.6923076923076923,18.8,25.4,24.1,20.1,4.58,5.6,4.99,5.22,-0.27,-0.46,0.6029063529063529,0.039950789950790044,133
Western Ky.,2022,9,5,6.71,36.4,5.24,23.4,0.415,0.357,0.405,0.452,0.71,20.91,9.0,9.75,0.6428571428571429,0.5800865800865801,-0.049450549450549386,40.3,26.4,0.75,33.13333333333333,25.633333333333336,0.41,29.18,24.96,0.188,0.6428571428571429,0.45454545454545453,44.2,18.8,29.4,24.1,7.17,4.58,5.63,4.99,0.79,-0.27,0.6069014319014319,0.03595571095571104,133
Western Ky.,2023,8,5,5.83,30.5,5.81,28.7,0.432,0.398,0.615,0.675,0.23,15.72,7.58,7.58,0.6153846153846154,0.6336996336996337,0.1608391608391609,33.44999999999999,26.049999999999997,0.47,37.03333333333333,27.166666666666668,0.5766666666666667,31.060000000000002,25.139999999999997,0.19999999999999998,0.6428571428571429,0.6428571428571429,36.4,44.2,23.4,29.4,6.71,7.17,5.24,5.63,0.71,0.79,0.607672630399903,0.007711984984712372,133
Western Mich.,2013,1,11,4.75,17.2,5.82,35.4,0.309,0.457,0.455,0.647,-0.67,21.76,11.5,11.5,0.08333333333333333,0.08333333333333333,0.8452380952380952,17.2,35.4,-0.67,17.2,35.4,-0.67,17.2,35.4,-0.67,0.0,0.0,0.0,0.0,0.0,0.0,0.0,0.0,0.0,0.0,0.0,0.0,0.08333333333333333,0.0,134
Western Mich.,2014,8,5,6.51,33.8,5.47,24.9,0.48,0.402,0.333,0.55,0.23,21.58,8.52,8.52,0.6153846153846154,0.3493589743589744,0.8452380952380952,25.5,30.15,-0.22000000000000003,25.5,30.15,-0.22000000000000003,25.5,30.15,-0.22000000000000003,0.08333333333333333,0.0,17.2,0.0,35.4,0.0,4.75,0.0,5.82,0.0,-0.67,0.0,0.3493589743589744,0.266025641025641,134
Western Mich.,2015,8,5,6.86,36.0,6.31,28.3,0.459,0.41,0.619,0.318,0.08,20.42,4.29,4.29,0.6153846153846154,0.4380341880341881,0.8452380952380952,34.9,26.6,0.155,29.0,29.53333333333333,-0.12000000000000001,29.0,29.53333333333333,-0.12000000000000001,0.6153846153846154,0.08333333333333333,33.8,17.2,24.9,35.4,6.51,4.75,5.47,5.82,0.23,-0.67,0.4380341880341881,0.17735042735042733,134
Western Mich.,2016,13,1,6.66,41.6,5.82,19.8,0.537,0.397,0.882,0.556,1.29,0.0,5.5,5.5,0.9285714285714286,0.7197802197802199,0.8452380952380952,38.8,24.05,0.685,37.13333333333333,24.333333333333332,0.5333333333333333,32.15,27.1,0.23249999999999998,0.6153846153846154,0.6153846153846154,36.0,33.8,28.3,24.9,6.86,6.51,6.31,5.47,0.08,0.23,0.5606684981684982,0.36790293040293043,134
Western Mich.,2017,6,6,5.46,33.9,5.64,29.0,0.395,0.381,0.6,0.625,0.67,0.0,3.92,3.92,0.5,0.6813186813186815,-0.11538461538461542,37.75,24.4,0.98,37.166666666666664,25.7,0.68,32.5,27.48,0.32,0.9285714285714286,0.6153846153846154,41.6,36.0,19.8,28.3,6.66,6.86,5.82,6.31,1.29,0.08,0.5485347985347986,-0.048534798534798584,134
Western Mich.,2018,7,6,5.9,32.0,6.18,34.5,0.365,0.348,0.588,0.5,0.08,1.0,7.85,7.85,0.5384615384615384,0.6556776556776557,-0.07692307692307698,32.95,31.75,0.375,35.833333333333336,27.76666666666667,0.68,35.46,27.3,0.47000000000000003,0.5,0.9285714285714286,33.9,41.6,29.0,19.8,5.46,6.66,5.64,5.82,0.67,1.29,0.5468559218559218,-0.008394383394383365,134
Western Mich.,2019,7,6,6.33,33.1,5.85,25.9,0.453,0.415,0.571,0.381,0.62,1.0,8.56,8.56,0.5384615384615384,0.5256410256410255,-0.39010989010989017,32.55,30.2,0.35,33.0,29.8,0.4566666666666667,35.32,27.5,0.5479999999999999,0.5384615384615384,0.5,32.0,33.9,34.5,29.0,5.9,5.46,6.18,5.64,0.08,0.67,0.5456567242281528,-0.007195185766614376,134
Western Mich.,2020,4,2,7.34,41.7,5.6,34.2,0.433,0.396,0.625,0.714,-0.5,0.0,5.0,5.0,0.6666666666666666,0.5811965811965811,0.16666666666666663,37.400000000000006,30.05,0.06,35.6,31.53333333333333,0.06666666666666665,36.46,28.68,0.43199999999999994,0.5384615384615384,0.5384615384615384,33.1,32.0,25.9,34.5,6.33,5.9,5.85,6.18,0.62,0.08,0.560782967032967,0.10588369963369959,134
Western Mich.,2021,8,5,6.32,32.5,5.78,28.2,0.456,0.268,0.462,0.682,0.0,1.0,19.88,19.88,0.6153846153846154,0.6068376068376068,0.07692307692307698,37.1,31.200000000000003,-0.25,35.76666666666667,29.433333333333334,0.03999999999999999,34.64,30.359999999999996,0.174,0.6666666666666666,0.5384615384615384,41.7,33.1,34.2,25.9,7.34,6.33,5.6,5.85,-0.5,0.62,0.566849816849817,0.04853479853479847,134
Western Mich.,2022,5,7,4.53,19.0,5.43,24.1,0.314,0.316,0.481,0.368,0.33,19.53,4.7,5.41,0.4166666666666667,0.5662393162393162,-0.12179487179487175,25.75,26.15,0.165,31.066666666666674,28.833333333333332,-0.056666666666666664,31.660000000000004,29.380000000000003,0.10600000000000001,0.6153846153846154,0.6666666666666666,32.5,41.7,28.2,34.2,6.32,7.34,5.78,5.6,0.0,-0.5,0.5518315018315019,-0.13516483516483518,134
Western Mich.,2023,4,8,5.02,23.7,6.11,31.8,0.358,0.456,0.487,0.2,0.33,18.25,10.85,10.85,0.3333333333333333,0.4551282051282051,-0.3333333333333333,21.35,27.950000000000003,0.33,25.066666666666666,28.03333333333333,0.22,30.0,28.839999999999996,0.156,0.4166666666666667,0.6153846153846154,19.0,32.5,24.1,28.2,4.53,6.32,5.43,5.78,0.33,0.0,0.531968031968032,-0.19863469863469868,134
Wisconsin,2013,9,4,6.85,34.8,4.73,16.3,0.418,0.306,0.55,0.45,0.08,19.31,7.23,7.23,0.6923076923076923,0.6923076923076923,0.09340659340659341,34.8,16.3,0.08,34.8,16.3,0.08,34.8,16.3,0.08,0.0,0.0,0.0,0.0,0.0,0.0,0.0,0.0,0.0,0.0,0.0,0.0,0.6923076923076923,0.0,135
Wisconsin,2014,11,3,6.77,34.6,4.91,20.8,0.382,0.284,0.778,0.462,-0.64,19.9,8.06,8.06,0.7857142857142857,0.739010989010989,0.09340659340659341,34.7,18.55,-0.28,34.7,18.55,-0.28,34.7,18.55,-0.28,0.6923076923076923,0.0,34.8,0.0,16.3,0.0,6.85,0.0,4.73,0.0,0.08,0.0,0.739010989010989,0.04670329670329665,135
Wisconsin,2015,10,3,5.29,26.8,4.41,13.7,0.408,0.312,0.75,0.3,0.23,17.0,4.06,4.06,0.7692307692307693,0.7490842490842491,0.09340659340659341,30.700000000000003,17.25,-0.20500000000000002,32.06666666666667,16.933333333333334,-0.11000000000000003,32.06666666666667,16.933333333333334,-0.11000000000000003,0.7857142857142857,0.6923076923076923,34.6,34.8,20.8,16.3,6.77,6.85,4.91,4.73,-0.64,0.08,0.7490842490842491,0.020146520146520186,135
Wisconsin,2016,11,3,5.45,28.4,4.92,15.6,0.441,0.279,0.5,0.368,0.86,0.0,7.3,7.3,0.7857142857142857,0.7802197802197802,0.09340659340659341,27.6,14.649999999999999,0.5449999999999999,29.933333333333334,16.7,0.14999999999999997,31.15,16.6,0.13249999999999998,0.7692307692307693,0.7857142857142857,26.8,34.6,13.7,20.8,5.29,6.77,4.41,4.91,0.23,-0.64,0.7582417582417582,0.027472527472527486,135
Wisconsin,2017,13,1,6.09,33.8,4.42,13.9,0.486,0.291,0.667,0.647,0.36,0.0,7.33,7.33,0.9285714285714286,0.8278388278388279,0.1428571428571429,31.1,14.75,0.61,29.666666666666668,14.4,0.4833333333333332,31.679999999999996,16.06,0.178,0.7857142857142857,0.7692307692307693,28.4,26.8,15.6,13.7,5.45,5.29,4.92,4.41,0.86,0.23,0.7923076923076924,0.13626373626373622,135
Wisconsin,2018,8,5,6.4,29.7,5.5,22.6,0.413,0.376,0.417,0.538,0.08,0.0,11.24,11.24,0.6153846153846154,0.7765567765567766,-0.15384615384615385,31.75,18.25,0.22,30.63333333333333,17.366666666666667,0.4333333333333333,30.659999999999997,17.32,0.178,0.9285714285714286,0.7857142857142857,33.8,28.4,13.9,15.6,6.09,5.45,4.42,4.92,0.36,0.86,0.7628205128205128,-0.14743589743589736,135
Wisconsin,2019,10,4,6.3,34.1,4.79,16.9,0.481,0.273,0.783,0.444,0.0,0.0,6.93,6.93,0.7142857142857143,0.7527472527472527,-0.0714285714285714,31.900000000000006,19.75,0.04,32.53333333333333,17.8,0.14666666666666667,30.560000000000002,16.54,0.30599999999999994,0.6153846153846154,0.9285714285714286,29.7,33.8,22.6,13.9,6.4,6.09,5.5,4.42,0.08,0.36,0.7558869701726845,-0.04160125588697017,135
Wisconsin,2020,3,3,5.0,22.3,4.76,15.7,0.393,0.254,0.364,0.143,-0.5,0.0,4.29,4.29,0.5,0.6098901098901098,-0.4285714285714286,28.200000000000003,16.299999999999997,-0.25,28.7,18.400000000000002,-0.13999999999999999,29.659999999999997,16.94,0.15999999999999998,0.7142857142857143,0.6153846153846154,34.1,29.7,16.9,22.6,6.3,6.4,4.79,5.5,0.0,0.08,0.7239010989010989,-0.22390109890109888,135
Wisconsin,2021,9,4,5.56,25.4,4.17,16.2,0.337,0.287,0.524,0.407,0.08,1.0,7.76,7.76,0.6923076923076923,0.6355311355311356,0.07692307692307687,23.85000000000001,15.95,-0.21,27.266666666666666,16.266666666666666,-0.13999999999999999,29.059999999999995,17.06,0.004000000000000001,0.5,0.7142857142857143,22.3,34.1,15.7,16.9,5.0,6.3,4.76,4.79,-0.5,0.0,0.7203907203907204,-0.028083028083028094,135
Wisconsin,2022,7,6,5.72,26.3,4.82,20.2,0.402,0.322,0.467,0.5,0.15,23.52,5.5,9.05,0.5384615384615384,0.576923076923077,-0.17582417582417587,25.85000000000001,18.2,0.11499999999999999,24.666666666666668,17.366666666666664,-0.09000000000000001,27.560000000000002,18.32,-0.03799999999999999,0.6923076923076923,0.5,25.4,22.3,16.2,15.7,5.56,5.0,4.17,4.76,0.08,-0.5,0.7021978021978021,-0.1637362637362637,135
Wisconsin,2023,7,6,5.37,23.5,5.12,20.2,0.442,0.396,0.25,0.318,0.0,19.59,4.69,4.69,0.5384615384615384,0.5897435897435898,0.038461538461538436,24.900000000000006,20.2,0.07499999999999998,25.066666666666666,18.866666666666664,0.07666666666666666,26.32,17.839999999999996,-0.05399999999999999,0.5384615384615384,0.6923076923076923,26.3,25.4,20.2,16.2,5.72,5.56,4.82,4.17,0.15,0.08,0.6873126873126872,-0.1488511488511488,135
Wyoming,2017,8,5,4.68,23.5,4.67,17.5,0.331,0.366,0.643,0.577,1.85,0.0,4.72,4.72,0.6153846153846154,0.6153846153846154,-0.2820512820512821,23.5,17.5,1.85,23.5,17.5,1.85,23.5,17.5,1.85,0.0,0.0,0.0,0.0,0.0,0.0,0.0,0.0,0.0,0.0,0.0,0.0,0.6153846153846154,0.0,136
Wyoming,2018,6,6,5.15,20.7,4.78,22.0,0.368,0.392,0.333,0.688,0.33,1.0,6.48,6.48,0.5,0.5576923076923077,-0.2820512820512821,22.1,19.75,1.09,22.1,19.75,1.09,22.1,19.75,1.09,0.6153846153846154,0.0,23.5,0.0,17.5,0.0,4.68,0.0,4.67,0.0,1.85,0.0,0.5576923076923077,-0.05769230769230771,136
Wyoming,2019,8,5,5.49,25.4,5.03,17.8,0.433,0.375,0.5,0.48,0.38,0.0,6.95,6.95,0.6153846153846154,0.576923076923077,-0.2820512820512821,23.049999999999997,19.9,0.355,23.2,19.099999999999998,0.8533333333333334,23.2,19.099999999999998,0.8533333333333334,0.5,0.6153846153846154,20.7,23.5,22.0,17.5,5.15,4.68,4.78,4.67,0.33,1.85,0.576923076923077,0.038461538461538436,136
Wyoming,2020,2,4,5.47,26.5,4.93,21.0,0.303,0.362,0.5,0.0,0.17,0.0,7.11,7.11,0.3333333333333333,0.4829059829059829,-0.2820512820512821,25.95,19.4,0.275,24.2,20.266666666666666,0.29333333333333333,24.025,19.575,0.6825,0.6153846153846154,0.5,25.4,20.7,17.8,22.0,5.49,5.15,5.03,4.78,0.38,0.33,0.5160256410256411,-0.18269230769230776,136
Wyoming,2021,7,6,5.79,25.4,5.4,23.7,0.434,0.418,0.35,0.32,-0.23,0.0,9.12,9.12,0.5384615384615384,0.49572649572649574,0.038461538461538436,25.95,22.35,-0.03,25.766666666666666,20.833333333333332,0.10666666666666669,24.3,20.4,0.5,0.3333333333333333,0.6153846153846154,26.5,25.4,21.0,17.8,5.47,5.49,4.93,5.03,0.17,0.38,0.5205128205128206,0.017948717948717885,136
Wyoming,2022,7,6,5.21,21.2,5.35,23.9,0.349,0.382,0.286,0.556,-0.15,20.6,4.0,10.92,0.5384615384615384,0.47008547008547,-0.07692307692307698,23.299999999999997,23.799999999999997,-0.19,24.366666666666664,22.866666666666664,-0.06999999999999999,23.839999999999996,21.68,0.1,0.5384615384615384,0.3333333333333333,25.4,26.5,23.7,21.0,5.79,5.47,5.4,4.93,-0.23,0.17,0.5235042735042735,0.014957264957264904,136
Wyoming,2023,9,4,5.51,25.3,5.25,22.3,0.368,0.445,0.667,0.565,0.85,22.18,8.5,8.5,0.6923076923076923,0.5897435897435898,0.358974358974359,23.25,23.1,0.35,23.96666666666667,23.3,0.15666666666666665,24.759999999999998,21.740000000000002,0.20400000000000001,0.5384615384615384,0.5384615384615384,21.2,25.4,23.9,23.7,5.21,5.79,5.35,5.4,-0.15,-0.23,0.5476190476190477,0.14468864468864462,136
