,team,year,win,loss,off_yards_play,points_per_game,yards_play_allowed,avg_points_per_game_allowed,x3rd_percent,opponent_3rd_percent,x4th_percent,opponent_4th_percent,avg_turnover_margin_per_game,avg_yard_per_kickoff_return,avg_yards_per_punt_return,avg_yards_allowed_per_punt_return
0,Akron,2013,5,7,4.9,20.2,5.51,28.6,0.393,0.429,0.389,0.412,-0.17,18.36,7.27,7.27
1,Alabama,2013,11,2,7.15,38.2,4.83,13.9,0.476,0.347,0.583,0.263,0.15,20.59,4.46,4.46
2,Arizona,2013,8,5,5.79,33.5,5.26,24.2,0.472,0.393,0.4,0.462,0.31,19.54,3.33,3.33
3,Arizona St.,2013,10,4,5.81,39.7,5.53,26.6,0.391,0.371,0.6,0.591,1.07,21.33,10.05,10.05
4,Arkansas,2013,3,9,5.53,20.7,6.09,30.8,0.417,0.434,0.467,0.643,-0.75,24.25,13.16,13.16
5,Arkansas St.,2013,8,5,5.6,29.2,5.78,26.2,0.446,0.382,0.286,0.429,0.54,19.02,7.18,7.18
6,Army West Point,2013,3,9,5.49,24.4,6.55,31.6,0.429,0.441,0.5,0.556,-0.08,20.29,6.75,6.75
7,Auburn,2013,12,2,6.92,39.5,5.96,24.7,0.465,0.33,0.533,0.464,0.0,25.79,7.0,7.0
8,Ball St.,2013,10,3,6.46,38.5,5.58,24.7,0.447,0.393,0.357,0.613,0.92,18.57,9.15,9.15
9,Baylor,2013,11,2,7.49,52.4,4.75,23.5,0.47,0.339,0.52,0.25,1.0,20.01,16.83,16.83
10,Boston College,2013,7,6,6.04,27.7,5.93,28.9,0.347,0.423,0.556,0.5,0.23,20.24,5.61,5.61
11,Bowling Green,2013,10,4,6.54,34.8,5.06,15.9,0.455,0.353,0.455,0.348,0.71,21.13,7.25,7.25
12,Buffalo,2013,8,5,5.32,30.3,5.59,24.4,0.401,0.348,0.471,0.222,1.08,18.08,7.91,7.91
13,BYU,2013,8,5,5.78,30.2,4.79,22.1,0.377,0.361,0.524,0.348,0.15,25.07,7.79,7.79
14,California,2013,1,11,5.21,23.0,7.08,45.9,0.338,0.414,0.421,0.667,-1.25,19.66,19.3,19.3
15,Central Mich.,2013,6,6,5.41,23.3,5.85,28.6,0.429,0.448,0.3,0.421,-0.42,19.81,10.79,10.79
16,Cincinnati,2013,9,4,6.23,32.1,4.77,21.0,0.484,0.331,0.474,0.545,-0.54,19.98,15.47,15.47
17,Clemson,2013,11,2,6.36,40.2,5.03,22.2,0.447,0.308,0.577,0.609,0.46,19.44,5.44,5.44
18,Colorado,2013,4,8,5.34,25.4,6.08,38.3,0.337,0.388,0.286,0.6,-0.25,23.26,9.1,9.1
19,Duke,2013,10,4,5.87,32.8,5.67,26.6,0.395,0.373,0.696,0.536,0.07,20.61,10.95,10.95
20,East Carolina,2013,10,3,5.92,40.2,4.9,24.8,0.51,0.456,0.706,0.52,0.62,21.93,6.86,6.86
21,Eastern Mich.,2013,2,10,5.16,18.8,7.61,45.2,0.34,0.474,0.571,0.8,-1.0,22.0,21.91,21.91
22,FIU,2013,1,11,3.56,9.8,6.58,37.0,0.225,0.397,0.435,0.636,-0.5,25.47,5.74,5.74
23,Fla. Atlantic,2013,6,6,5.37,26.4,4.88,22.3,0.4,0.335,0.533,0.438,-0.25,24.68,9.54,9.54
24,Florida,2013,4,8,4.79,18.8,5.3,21.1,0.39,0.34,0.611,0.471,-0.17,16.41,3.77,3.77
25,Florida St.,2013,14,0,7.67,51.6,4.09,12.1,0.522,0.322,0.75,0.5,1.21,18.59,16.93,16.93
26,Georgia,2013,8,5,6.66,36.7,5.41,29.0,0.418,0.399,0.591,0.636,-0.54,21.41,4.3,4.3
27,Georgia Tech,2013,7,6,6.1,35.1,5.52,22.8,0.514,0.363,0.444,0.615,-0.31,21.51,8.94,8.94
28,Houston,2013,8,5,5.72,33.2,5.23,21.8,0.356,0.344,0.235,0.56,1.92,21.5,4.06,4.06
29,Idaho,2013,1,11,4.78,18.2,6.93,46.8,0.33,0.468,0.441,0.684,-0.67,30.65,11.82,11.82
30,Illinois,2013,4,8,5.91,29.7,6.66,35.4,0.476,0.452,0.333,0.5,-0.83,24.79,5.85,5.85
31,Indiana,2013,5,7,6.58,38.4,6.74,38.8,0.467,0.465,0.5,0.448,-0.25,17.67,9.33,9.33
32,Iowa,2013,8,5,5.26,26.3,4.58,18.9,0.436,0.357,0.294,0.571,-0.08,23.28,4.9,4.9
33,Iowa St.,2013,3,9,4.82,24.8,6.05,36.0,0.345,0.384,0.684,0.565,-0.08,18.88,11.38,11.38
34,Kansas,2013,3,9,4.28,15.3,5.82,31.8,0.279,0.408,0.25,0.286,0.08,22.36,4.91,4.91
35,Kansas St.,2013,8,5,6.32,33.2,5.08,22.9,0.488,0.409,0.571,0.478,0.0,20.5,12.8,12.8
36,Kent St.,2013,4,8,5.55,20.8,6.05,26.9,0.395,0.424,0.474,0.308,-0.33,21.95,2.18,2.18
37,Kentucky,2013,2,10,5.29,20.5,6.26,31.2,0.309,0.447,0.607,0.688,0.0,19.8,6.2,6.2
38,La.-Monroe,2013,6,6,5.03,22.3,5.82,30.2,0.379,0.402,0.3,0.333,-0.33,19.14,9.23,9.23
39,Louisiana,2013,9,4,6.14,33.8,5.76,26.5,0.5,0.413,0.286,0.385,0.08,22.16,14.27,14.27
40,Louisiana Tech,2013,4,8,5.12,19.2,5.3,26.3,0.359,0.453,0.313,0.526,-0.25,19.74,3.14,3.14
41,Louisville,2013,12,1,6.7,35.2,4.2,12.2,0.56,0.267,0.333,0.522,1.31,22.65,1.15,1.15
42,LSU,2013,10,3,6.94,35.8,5.08,22.0,0.571,0.383,0.333,0.429,0.0,23.15,3.13,3.13
43,Marshall,2013,10,4,6.41,42.1,4.9,22.9,0.514,0.336,0.591,0.567,0.21,19.48,9.29,9.29
44,Maryland,2013,7,6,5.79,26.2,5.09,25.3,0.317,0.342,0.333,0.412,-0.54,20.16,5.68,5.68
45,Massachusetts,2013,1,11,4.29,11.7,6.6,33.0,0.36,0.404,0.409,0.474,-0.58,23.41,5.4,5.4
46,Memphis,2013,3,9,4.68,19.5,5.19,24.6,0.306,0.439,0.481,0.526,-0.67,21.07,6.8,6.8
47,Miami,2013,9,4,6.75,33.8,5.75,26.8,0.352,0.419,0.421,0.667,0.38,19.83,12.25,12.25
48,Miami,2013,0,12,3.68,9.8,6.35,35.7,0.246,0.482,0.423,0.75,-0.25,14.24,9.71,9.71
49,Michigan,2013,7,6,5.44,32.2,5.29,26.8,0.392,0.398,0.538,0.4,0.38,23.29,6.36,6.36
50,Michigan St.,2013,13,1,5.4,29.4,4.04,13.2,0.441,0.279,0.643,0.316,0.93,21.18,6.67,6.67
51,Middle Tenn.,2013,8,5,5.7,29.0,5.3,26.2,0.464,0.478,0.375,0.667,0.92,23.64,11.54,11.54
52,Minnesota,2013,8,5,5.23,25.7,5.66,22.2,0.423,0.368,0.7,0.591,0.23,20.57,10.42,10.42
53,Mississippi St.,2013,7,6,5.91,27.7,5.45,23.0,0.392,0.352,0.448,0.5,0.54,20.43,6.0,6.0
54,Missouri,2013,12,2,6.59,39.1,5.41,23.1,0.438,0.378,0.625,0.565,1.14,22.37,8.5,8.5
55,Navy,2013,9,4,5.81,33.5,5.65,24.4,0.511,0.459,0.679,0.552,0.92,19.84,6.55,6.55
56,NC State,2013,3,9,5.12,22.8,5.89,30.2,0.383,0.407,0.452,0.625,0.0,25.92,5.55,5.55
57,Nebraska,2013,9,4,5.57,31.9,5.21,24.8,0.392,0.309,0.667,0.381,-0.85,20.21,8.07,8.07
58,New Mexico St.,2013,2,10,5.43,20.9,7.65,44.6,0.367,0.452,0.364,0.556,-0.5,23.85,9.11,9.11
59,North Carolina,2013,7,6,5.87,32.7,5.28,24.5,0.41,0.4,0.667,0.333,0.15,23.11,2.89,2.89
60,North Texas,2013,9,4,5.61,31.8,5.14,17.8,0.47,0.363,0.533,0.308,0.85,21.29,6.14,6.14
61,Northern Ill.,2013,12,2,6.78,39.6,5.44,25.1,0.452,0.387,0.667,0.467,0.93,20.23,6.43,6.43
62,Northwestern,2013,5,7,5.39,26.2,5.46,27.1,0.399,0.401,0.429,0.5,0.25,19.28,3.81,3.81
63,Notre Dame,2013,9,4,6.08,27.2,5.12,22.4,0.42,0.419,0.385,0.316,0.0,25.68,9.47,9.47
64,Ohio,2013,7,6,5.56,27.4,5.75,27.5,0.392,0.442,0.417,0.571,-0.15,17.7,4.53,4.53
65,Ohio St.,2013,12,2,7.15,45.5,5.28,22.6,0.467,0.356,0.636,0.542,0.36,18.39,16.43,16.43
66,Oklahoma,2013,11,2,5.84,32.8,5.38,22.1,0.395,0.337,0.688,0.357,0.62,23.28,15.6,15.6
67,Oklahoma St.,2013,10,3,5.91,39.1,4.77,21.6,0.388,0.314,0.455,0.5,1.15,18.74,10.47,10.47
68,Ole Miss,2013,8,5,6.04,30.0,5.25,23.7,0.457,0.401,0.536,0.55,0.08,21.94,8.29,8.29
69,Oregon,2013,11,2,7.55,45.5,4.62,20.5,0.431,0.403,0.484,0.464,0.77,21.65,3.25,3.25
70,Oregon St.,2013,7,6,6.19,34.8,6.14,31.4,0.406,0.404,0.538,0.529,0.23,21.36,6.77,6.77
71,Penn St.,2013,7,5,5.71,28.7,5.3,26.2,0.343,0.365,0.542,0.429,-0.17,24.2,3.33,3.33
72,Pittsburgh,2013,7,6,5.52,26.3,5.52,27.2,0.382,0.383,0.5,0.368,-0.08,21.49,16.25,16.25
73,Purdue,2013,1,11,4.56,14.9,6.23,38.0,0.308,0.565,0.48,0.556,-0.25,24.52,3.26,3.26
74,Rice,2013,10,4,5.43,29.6,5.33,24.4,0.394,0.349,0.563,0.433,0.5,21.24,9.26,9.26
75,Rutgers,2013,6,7,5.29,26.5,5.68,29.8,0.353,0.416,0.778,0.765,-0.92,18.47,6.38,6.38
76,SMU,2013,5,7,5.53,26.8,5.58,33.3,0.389,0.412,0.481,0.45,-0.58,21.76,16.0,16.0
77,South Alabama,2013,6,6,5.79,29.4,5.62,25.2,0.4,0.364,0.364,0.579,0.42,15.87,7.91,7.91
78,South Carolina,2013,11,2,6.39,34.1,5.46,20.3,0.439,0.373,0.7,0.619,1.0,22.45,8.25,8.25
79,South Fla.,2013,2,10,4.28,13.8,5.42,28.6,0.279,0.39,0.313,0.556,-0.33,25.31,5.31,5.31
80,Southern California,2013,10,4,6.06,29.7,4.98,21.2,0.351,0.327,0.533,0.364,0.36,20.22,7.88,7.88
81,Southern Miss.,2013,1,11,4.62,17.1,5.87,41.9,0.296,0.459,0.438,0.8,-1.58,20.53,13.87,13.87
82,Stanford,2013,11,3,6.34,32.3,4.86,19.0,0.497,0.322,0.571,0.516,0.0,18.12,7.14,7.14
83,Syracuse,2013,7,6,5.11,22.7,5.32,25.4,0.388,0.335,0.471,0.421,0.15,16.89,9.0,9.0
84,TCU,2013,4,8,5.03,25.1,4.83,25.3,0.32,0.36,0.4,0.615,-0.17,25.39,10.76,10.76
85,Temple,2013,2,10,5.7,24.9,6.4,29.8,0.422,0.409,0.478,0.526,-0.5,21.28,4.54,4.54
86,Tennessee,2013,5,7,5.27,23.8,6.07,29.0,0.358,0.425,0.455,0.75,0.08,25.43,9.91,9.91
87,Texas,2013,8,5,5.29,29.3,5.48,25.8,0.405,0.368,0.458,0.385,0.31,24.95,8.64,8.64
88,Texas A&M,2013,9,4,7.34,44.2,6.36,32.2,0.503,0.41,0.611,0.56,0.08,18.27,10.69,10.69
89,Texas St.,2013,6,6,5.08,23.9,5.41,27.3,0.339,0.395,0.524,0.31,0.17,21.94,12.43,12.43
90,Texas Tech,2013,8,5,5.85,35.8,5.36,30.5,0.45,0.343,0.444,0.448,-1.08,21.81,10.82,10.82
91,Toledo,2013,7,5,6.37,33.0,5.82,28.6,0.421,0.455,0.5,0.647,0.33,20.6,8.92,8.92
92,Troy,2013,6,6,6.04,34.1,6.67,35.9,0.441,0.436,0.667,0.421,-0.67,22.05,8.59,8.59
93,Tulane,2013,7,6,4.66,24.8,4.92,21.4,0.359,0.394,0.545,0.6,0.85,20.62,7.8,7.8
94,Tulsa,2013,3,9,4.69,21.1,5.52,33.9,0.35,0.44,0.567,0.583,-0.83,23.73,9.71,9.71
95,UAB,2013,2,10,5.84,26.3,7.21,43.8,0.375,0.46,0.476,0.833,-0.5,21.29,7.9,7.9
96,UCF,2013,12,1,6.56,34.6,5.35,21.3,0.487,0.412,0.375,0.4,0.38,20.31,5.06,5.06
97,UCLA,2013,10,3,6.1,36.9,5.08,23.2,0.49,0.349,0.417,0.478,0.77,18.67,3.94,3.94
98,UConn,2013,3,9,4.62,20.6,5.52,30.3,0.342,0.384,0.55,0.4,-0.08,24.47,7.04,7.04
99,Utah,2013,5,7,5.51,29.2,5.38,28.0,0.342,0.365,0.611,0.5,-0.83,22.91,6.74,6.74
100,UTEP,2013,2,10,5.05,21.8,7.43,39.3,0.401,0.469,0.667,0.727,-0.5,21.97,4.73,4.73
101,Vanderbilt,2013,9,4,5.41,30.1,5.07,24.6,0.331,0.368,0.786,0.583,0.46,18.4,6.61,6.61
102,Virginia,2013,2,10,4.44,19.8,5.66,33.3,0.38,0.32,0.24,0.429,-0.42,22.37,10.09,10.09
103,Virginia Tech,2013,8,5,5.0,22.5,4.55,19.3,0.323,0.297,0.588,0.375,0.54,20.91,11.64,11.64
104,Wake Forest,2013,4,8,4.35,18.3,5.0,24.1,0.353,0.363,0.833,0.524,-0.17,22.81,8.3,8.3
105,Washington,2013,9,4,6.35,37.9,4.98,22.8,0.49,0.378,0.421,0.346,0.54,24.26,5.37,5.37
106,Washington St.,2013,6,7,5.48,31.0,5.92,32.5,0.395,0.381,0.6,0.577,-0.38,20.04,7.0,7.0
107,West Virginia,2013,4,8,5.53,26.3,5.93,33.3,0.319,0.427,0.222,0.75,-0.33,22.93,5.07,5.07
108,Western Ky.,2013,8,4,6.29,30.8,5.33,24.6,0.462,0.451,0.5,0.467,-0.83,20.09,10.18,10.18
109,Western Mich.,2013,1,11,4.75,17.2,5.82,35.4,0.309,0.457,0.455,0.647,-0.67,21.76,11.5,11.5
110,Wisconsin,2013,9,4,6.85,34.8,4.73,16.3,0.418,0.306,0.55,0.45,0.08,19.31,7.23,7.23
0,Akron,2014,5,7,5.03,22.6,5.18,23.1,0.343,0.368,0.333,0.412,-0.17,19.26,7.24,7.24
1,Alabama,2014,12,2,6.66,36.9,4.87,18.4,0.515,0.378,0.769,0.389,-0.14,21.52,6.92,6.92
2,Arizona,2014,10,4,5.7,34.5,5.66,28.2,0.38,0.405,0.615,0.389,0.57,18.95,8.38,8.38
3,Arizona St.,2014,10,3,5.9,36.9,5.62,27.9,0.382,0.378,0.435,0.5,1.08,23.27,13.07,13.07
4,Arkansas,2014,7,6,5.76,31.9,5.12,19.2,0.471,0.396,0.632,0.222,0.54,23.84,3.06,3.06
5,Arkansas St.,2014,7,6,6.05,36.7,5.62,30.5,0.377,0.359,0.5,0.435,0.46,16.31,3.1,3.1
6,Army West Point,2014,4,8,5.59,24.9,6.48,32.9,0.409,0.456,0.516,0.696,0.17,21.76,3.0,3.0
7,Auburn,2014,8,5,6.71,35.5,5.67,26.7,0.525,0.36,0.429,0.6,0.54,21.73,7.79,7.79
8,Ball St.,2014,5,7,5.17,27.7,5.87,27.2,0.384,0.437,0.846,0.5,0.75,23.07,8.14,8.14
9,Baylor,2014,11,2,6.64,48.2,5.28,25.5,0.469,0.386,0.735,0.25,1.0,18.57,5.09,5.09
10,Boston College,2014,7,6,5.69,26.2,5.13,21.3,0.362,0.389,0.6,0.5,0.08,18.55,6.46,6.46
11,Bowling Green,2014,8,6,5.5,30.0,5.98,33.5,0.377,0.43,0.304,0.435,0.71,21.74,7.17,7.17
12,Buffalo,2014,5,6,5.95,32.3,5.86,31.5,0.457,0.379,0.522,0.714,-0.27,19.79,3.56,3.56
13,BYU,2014,8,5,5.7,37.1,4.93,27.5,0.434,0.381,0.652,0.607,-0.08,18.43,9.33,9.33
14,California,2014,5,7,6.09,38.3,6.27,39.8,0.461,0.419,0.679,0.741,-0.25,20.71,11.43,11.43
15,Central Mich.,2014,7,6,5.84,26.9,5.44,25.2,0.435,0.403,0.438,0.5,-0.38,21.7,13.17,13.17
16,Cincinnati,2014,9,4,6.33,34.0,5.98,27.2,0.412,0.441,0.688,0.412,0.15,22.74,4.92,4.92
17,Clemson,2014,10,3,5.36,30.8,4.03,16.7,0.419,0.274,0.357,0.333,0.46,19.9,6.44,6.44
18,Colorado,2014,2,10,5.29,28.5,6.55,39.0,0.401,0.4,0.483,0.538,-0.83,21.43,10.65,10.65
19,Duke,2014,9,4,5.38,32.4,5.28,21.8,0.418,0.344,0.552,0.29,0.46,23.25,2.06,2.06
20,East Carolina,2014,8,5,6.48,35.8,5.1,25.8,0.469,0.342,0.458,0.636,-0.31,22.46,7.5,7.5
21,Eastern Mich.,2014,2,10,4.46,15.2,6.75,40.9,0.356,0.473,0.417,0.5,-1.5,25.31,13.17,13.17
22,FIU,2014,4,8,4.33,23.0,5.38,24.8,0.321,0.359,0.455,0.529,0.92,20.08,7.3,7.3
23,Fla. Atlantic,2014,3,9,5.39,24.0,6.23,34.4,0.385,0.466,0.611,0.625,-0.25,22.64,8.88,8.88
24,Florida,2014,7,5,5.24,30.3,4.55,21.1,0.365,0.388,0.533,0.333,0.5,22.4,8.76,8.76
25,Florida St.,2014,13,1,6.39,33.7,5.51,25.6,0.457,0.439,0.0,0.304,-0.43,18.8,7.08,7.08
26,Georgia,2014,10,3,6.79,41.3,4.84,20.7,0.497,0.395,0.8,0.632,1.23,19.25,4.7,4.7
27,Georgia St.,2014,1,11,5.39,22.7,6.57,43.3,0.465,0.519,0.563,0.611,-1.83,20.21,13.5,13.5
28,Georgia Tech,2014,11,3,6.72,37.9,6.32,25.7,0.579,0.461,0.706,0.545,0.79,22.64,6.56,6.56
29,Houston,2014,8,5,5.7,29.8,4.88,20.6,0.409,0.387,0.522,0.368,0.62,21.48,4.5,4.5
30,Idaho,2014,1,10,5.21,25.0,6.93,37.3,0.417,0.459,0.571,0.5,-1.0,21.39,8.6,8.6
31,Illinois,2014,6,7,5.41,25.9,6.01,34.0,0.36,0.423,0.385,0.538,-0.23,23.3,7.91,7.91
32,Indiana,2014,4,8,5.7,25.1,5.85,32.8,0.304,0.361,0.35,0.75,-0.17,22.92,10.83,10.83
33,Iowa,2014,7,6,5.47,28.2,5.28,25.6,0.448,0.368,0.609,0.667,-0.46,16.09,15.13,15.13
34,Iowa St.,2014,2,10,4.9,23.2,6.53,38.8,0.423,0.462,0.316,0.591,0.0,17.95,3.72,3.72
35,Kansas,2014,3,9,4.62,17.8,6.29,33.3,0.343,0.415,0.2,0.65,0.25,26.9,8.16,8.16
36,Kansas St.,2014,9,4,6.15,35.8,5.46,23.2,0.459,0.429,0.688,0.429,0.62,17.97,11.09,11.09
37,Kent St.,2014,2,9,4.83,16.4,5.75,29.0,0.303,0.456,0.643,0.385,-0.36,22.0,9.25,9.25
38,Kentucky,2014,5,7,5.43,29.2,5.5,31.3,0.339,0.439,0.435,0.643,0.67,22.51,12.65,12.65
39,La.-Monroe,2014,4,8,4.7,20.1,5.31,26.3,0.345,0.326,0.5,0.542,-0.08,21.64,8.87,8.87
40,Louisiana,2014,9,4,5.91,29.5,5.88,26.0,0.422,0.39,0.5,0.516,0.23,17.24,9.53,9.53
41,Louisiana Tech,2014,9,5,5.86,37.4,4.94,24.7,0.401,0.347,0.667,0.68,1.14,21.87,10.4,10.4
42,Louisville,2014,9,4,5.46,31.2,4.75,21.8,0.394,0.318,0.524,0.25,0.31,22.6,9.71,9.71
43,LSU,2014,8,5,5.62,27.6,4.87,17.5,0.399,0.36,0.563,0.467,0.23,19.62,9.14,9.14
44,Marshall,2014,13,1,7.59,45.6,4.73,21.0,0.514,0.311,0.5,0.24,-0.14,21.11,10.75,10.75
45,Maryland,2014,7,6,5.26,28.5,5.45,30.2,0.326,0.402,0.538,0.481,0.0,22.87,10.48,10.48
46,Massachusetts,2014,3,9,5.75,27.3,5.75,33.0,0.36,0.416,0.528,0.542,-0.5,19.65,6.19,6.19
47,Memphis,2014,10,3,5.49,36.2,4.74,19.5,0.367,0.353,0.714,0.643,0.85,18.12,2.77,2.77
48,Miami,2014,6,7,6.68,29.2,4.79,24.3,0.368,0.398,0.609,0.5,-0.08,24.57,6.31,6.31
49,Miami,2014,2,10,5.45,22.3,6.03,31.8,0.344,0.427,0.348,0.533,0.17,19.82,4.87,4.87
50,Michigan,2014,5,7,5.32,20.9,4.77,22.4,0.394,0.382,0.385,0.313,-1.33,21.38,13.3,13.3
51,Michigan St.,2014,11,2,6.55,43.0,5.09,21.5,0.5,0.313,0.529,0.476,1.46,22.43,10.78,10.78
52,Middle Tenn.,2014,6,6,5.93,31.6,5.85,31.5,0.444,0.441,0.563,0.444,-0.33,20.98,6.42,6.42
53,Minnesota,2014,8,5,5.45,28.4,5.43,24.2,0.403,0.404,0.7,0.647,0.77,18.87,5.41,5.41
54,Mississippi St.,2014,10,3,6.67,36.9,5.65,21.7,0.464,0.351,0.429,0.409,0.0,17.9,7.21,7.21
55,Missouri,2014,11,3,5.39,27.8,4.83,21.1,0.429,0.37,0.813,0.522,0.64,24.85,7.95,7.95
56,Navy,2014,8,5,6.36,31.8,5.83,27.3,0.481,0.429,0.583,0.545,-0.31,22.29,6.06,6.06
57,NC State,2014,8,5,5.97,30.2,5.24,27.0,0.458,0.485,0.5,0.6,0.38,18.81,7.75,7.75
58,Nebraska,2014,9,4,6.22,37.8,5.37,26.4,0.413,0.301,0.462,0.5,-0.15,21.15,8.94,8.94
59,New Mexico St.,2014,2,10,5.48,24.5,6.51,39.1,0.414,0.446,0.577,0.833,-1.08,22.64,12.3,12.3
60,North Carolina,2014,6,7,5.56,33.2,6.53,39.0,0.424,0.49,0.478,0.833,0.0,17.41,4.14,4.14
61,North Texas,2014,4,8,4.87,27.2,5.48,29.8,0.387,0.384,0.462,0.611,0.0,16.37,10.7,10.7
62,Northern Ill.,2014,11,3,5.76,31.5,5.5,25.6,0.478,0.437,0.571,0.412,0.86,19.38,3.83,3.83
63,Northwestern,2014,5,7,4.5,23.0,5.25,25.2,0.4,0.387,0.483,0.476,0.33,19.49,7.48,7.48
64,Notre Dame,2014,8,5,6.11,32.8,5.6,29.2,0.474,0.411,0.5,0.458,-0.23,23.42,5.33,5.33
65,Ohio,2014,6,6,5.26,20.5,5.58,24.8,0.397,0.427,0.462,0.5,-0.33,19.73,5.86,5.86
66,Ohio St.,2014,14,1,6.98,44.8,4.98,22.0,0.52,0.344,0.591,0.526,0.47,17.24,5.8,5.8
67,Oklahoma,2014,8,5,6.41,36.4,5.14,25.9,0.404,0.383,0.6,0.529,-0.38,21.31,10.65,10.65
68,Oklahoma St.,2014,7,6,5.43,27.6,5.79,31.2,0.33,0.408,0.5,0.313,-0.62,21.04,3.16,3.16
69,Ole Miss,2014,9,4,6.03,28.3,4.67,16.0,0.393,0.33,0.45,0.533,0.54,21.26,3.47,3.47
70,Oregon,2014,13,2,7.34,45.4,5.52,23.6,0.495,0.423,0.607,0.487,1.53,21.39,5.75,5.75
71,Oregon St.,2014,5,7,5.57,25.7,5.76,31.6,0.319,0.398,0.421,0.625,0.33,20.56,6.29,6.29
72,Penn St.,2014,7,6,4.6,20.6,4.27,18.6,0.395,0.302,0.368,0.263,-0.38,26.11,4.48,4.48
73,Pittsburgh,2014,6,7,6.17,31.8,5.59,26.3,0.465,0.376,0.667,0.611,-0.38,19.89,4.71,4.71
74,Purdue,2014,3,9,4.95,23.8,5.58,31.7,0.362,0.467,0.387,0.222,-0.42,19.76,11.38,11.38
75,Rice,2014,8,5,5.62,28.8,5.74,28.5,0.448,0.414,0.333,0.25,0.62,27.44,8.17,8.17
76,Rutgers,2014,8,5,5.99,26.7,6.39,30.2,0.359,0.425,0.471,0.429,-0.15,22.41,7.07,7.07
77,SMU,2014,1,11,4.08,11.1,6.62,41.3,0.326,0.438,0.5,0.55,-1.17,21.7,9.0,9.0
78,South Alabama,2014,6,7,5.15,22.5,5.59,26.4,0.365,0.41,0.25,0.529,-0.54,16.39,5.33,5.33
79,South Carolina,2014,7,6,6.09,32.6,6.22,30.4,0.434,0.42,0.545,0.833,-0.15,22.5,6.85,6.85
80,South Fla.,2014,4,8,4.94,17.2,5.69,27.0,0.376,0.453,0.474,0.833,0.0,21.75,8.79,8.79
81,Southern California,2014,9,4,6.04,35.8,5.3,25.2,0.466,0.35,0.625,0.577,0.85,22.47,16.25,16.25
82,Southern Miss.,2014,3,9,5.1,19.0,6.41,35.4,0.346,0.444,0.231,0.6,-0.83,29.74,6.72,6.72
83,Stanford,2014,8,5,5.89,27.2,4.21,16.4,0.424,0.358,0.3,0.444,-0.38,21.16,6.91,6.91
84,Syracuse,2014,3,9,4.91,17.1,5.0,24.3,0.341,0.393,0.5,0.7,-0.08,19.91,14.3,14.3
85,TCU,2014,12,1,6.68,46.5,4.66,19.0,0.431,0.279,0.5,0.545,1.38,20.19,-1.0,-1.0
86,Temple,2014,6,6,4.79,23.1,4.75,17.5,0.235,0.35,0.5,0.333,0.25,19.02,2.95,2.95
87,Tennessee,2014,7,6,4.93,28.9,5.31,24.2,0.389,0.344,0.583,0.4,0.15,18.81,3.23,3.23
88,Texas,2014,6,7,4.92,21.4,4.68,23.8,0.343,0.353,0.5,0.542,-0.23,30.07,10.18,10.18
89,Texas A&M,2014,8,5,6.33,35.2,5.91,28.1,0.408,0.402,0.579,0.6,-0.54,19.69,7.46,7.46
90,Texas St.,2014,7,5,6.06,33.8,5.71,27.7,0.39,0.4,0.6,0.615,0.58,21.17,4.56,4.56
91,Texas Tech,2014,4,8,6.62,30.5,6.24,41.3,0.437,0.469,0.435,0.619,-1.08,20.97,3.57,3.57
92,Toledo,2014,9,4,6.55,36.6,5.81,30.5,0.46,0.432,0.643,0.625,-0.23,18.89,7.38,7.38
93,Troy,2014,3,9,5.34,21.8,6.38,36.2,0.389,0.509,0.48,0.588,0.33,25.03,8.6,8.6
94,Tulane,2014,3,9,4.83,16.0,5.65,28.4,0.332,0.381,0.259,0.389,0.25,25.62,7.3,7.3
95,Tulsa,2014,2,10,5.17,24.7,6.95,39.3,0.384,0.417,0.393,0.688,-0.67,15.62,7.0,7.0
96,UAB,2014,6,6,5.51,33.2,5.68,29.9,0.432,0.354,0.429,0.5,-0.17,25.06,8.22,8.22
97,UCF,2014,9,4,5.02,28.1,4.47,19.2,0.415,0.373,0.52,0.286,-0.08,21.11,6.29,6.29
98,UCLA,2014,10,3,6.13,33.5,5.17,28.1,0.431,0.399,0.563,0.682,0.0,21.53,4.8,4.8
99,UConn,2014,2,10,4.5,15.5,5.22,29.8,0.305,0.398,0.571,0.579,-1.08,15.49,4.61,4.61
100,Utah,2014,9,4,5.35,31.3,5.34,24.9,0.408,0.372,0.538,0.429,0.38,20.77,6.72,6.72
101,UTEP,2014,7,6,5.3,26.6,6.3,28.1,0.422,0.366,0.333,0.286,0.69,17.47,10.39,10.39
102,UTSA,2014,4,8,4.48,17.1,5.23,25.9,0.282,0.429,0.625,0.364,-0.25,21.16,4.79,4.79
103,Vanderbilt,2014,3,9,4.68,17.2,5.72,33.3,0.303,0.422,0.5,0.5,-1.33,21.58,7.74,7.74
104,Virginia,2014,5,7,5.08,25.8,5.14,24.1,0.418,0.39,0.471,0.4,0.42,18.81,10.5,10.5
105,Virginia Tech,2014,7,6,4.93,24.1,5.15,20.2,0.39,0.288,0.5,0.278,-0.31,20.37,3.07,3.07
106,Wake Forest,2014,3,9,3.38,14.8,5.22,26.4,0.284,0.411,0.4,0.462,-0.17,20.6,5.93,5.93
107,Washington,2014,8,6,5.4,30.2,5.38,24.8,0.411,0.374,0.5,0.588,0.86,20.3,4.17,4.17
108,Washington St.,2014,3,9,6.12,31.8,6.18,38.6,0.419,0.393,0.45,0.556,-1.42,21.81,17.32,17.32
109,West Virginia,2014,7,6,5.92,33.5,5.43,27.6,0.424,0.314,0.455,0.304,-1.15,22.33,13.65,13.65
110,Western Ky.,2014,8,5,7.05,44.4,6.66,39.9,0.511,0.475,0.417,0.556,0.38,20.22,6.43,6.43
111,Western Mich.,2014,8,5,6.51,33.8,5.47,24.9,0.48,0.402,0.333,0.55,0.23,21.58,8.52,8.52
112,Wisconsin,2014,11,3,6.77,34.6,4.91,20.8,0.382,0.284,0.778,0.462,-0.64,19.9,8.06,8.06
0,Akron,2015,8,5,5.13,23.9,4.85,21.5,0.367,0.369,0.467,0.391,0.77,18.05,5.35,5.35
1,Alabama,2015,14,1,5.89,35.1,4.3,15.1,0.374,0.286,0.5,0.35,0.67,19.0,10.33,10.33
2,Appalachian St.,2015,11,2,6.74,36.7,4.69,19.1,0.426,0.34,0.625,0.5,0.15,22.98,6.16,6.16
3,Arizona,2015,7,6,6.48,37.4,5.93,35.8,0.411,0.459,0.37,0.556,-0.31,21.69,3.43,3.43
4,Arizona St.,2015,6,7,5.8,34.6,6.23,33.5,0.41,0.387,0.556,0.579,0.15,26.83,12.14,12.14
5,Arkansas,2015,8,5,6.83,35.9,6.07,27.4,0.469,0.441,0.571,0.45,0.54,19.52,6.94,6.94
6,Arkansas St.,2015,9,4,5.86,40.0,5.76,30.2,0.385,0.335,0.5,0.333,0.62,18.69,4.7,4.7
7,Army West Point,2015,2,10,5.61,22.1,6.07,27.8,0.446,0.417,0.409,0.875,-0.92,18.66,5.43,5.43
8,Auburn,2015,7,6,5.39,27.5,5.37,26.0,0.413,0.449,0.6,0.464,0.15,21.17,12.43,12.43
9,Ball St.,2015,3,9,4.98,23.1,6.76,35.8,0.382,0.514,0.522,0.529,0.08,18.03,10.46,10.46
10,Baylor,2015,10,3,7.26,48.1,5.19,28.3,0.467,0.368,0.7,0.391,0.0,23.05,3.5,3.5
11,Boston College,2015,3,9,4.4,17.2,4.07,15.3,0.267,0.241,0.385,0.2,0.25,20.39,1.66,1.66
12,Bowling Green,2015,10,4,6.74,42.2,5.4,28.9,0.502,0.408,0.533,0.484,0.86,21.18,18.0,18.0
13,Buffalo,2015,5,7,5.27,26.7,5.66,27.6,0.366,0.393,0.652,0.429,0.0,22.35,8.5,8.5
14,BYU,2015,9,4,6.02,33.7,4.9,22.8,0.401,0.38,0.524,0.5,0.15,20.93,12.38,12.38
15,California,2015,8,5,6.96,37.9,6.1,30.7,0.469,0.43,0.5,0.588,0.31,20.94,10.33,10.33
16,Central Mich.,2015,7,6,5.71,25.8,5.14,22.0,0.438,0.356,0.625,0.478,0.15,23.3,5.2,5.2
17,Cincinnati,2015,7,6,6.6,33.8,5.79,31.2,0.51,0.371,0.636,0.55,-1.46,26.33,9.25,9.25
18,Clemson,2015,14,1,6.39,38.5,4.85,21.7,0.474,0.277,0.571,0.429,-0.13,24.85,6.06,6.06
19,Colorado,2015,4,9,5.12,24.6,5.72,27.5,0.361,0.422,0.556,0.474,0.08,22.34,6.5,6.5
20,Duke,2015,8,5,5.53,31.5,5.37,25.4,0.433,0.377,0.5,0.409,-0.08,19.63,3.0,3.0
21,East Carolina,2015,5,7,5.67,27.4,5.38,26.0,0.43,0.406,0.647,0.522,-0.25,22.0,3.29,3.29
22,Eastern Mich.,2015,1,11,5.49,25.4,7.02,42.1,0.383,0.515,0.588,0.789,-1.08,21.67,7.15,7.15
23,FIU,2015,5,7,5.06,25.5,5.71,29.8,0.425,0.415,0.429,0.438,0.25,19.24,9.12,9.12
24,Fla. Atlantic,2015,3,9,5.09,22.5,5.54,28.8,0.332,0.397,0.5,0.556,-0.17,20.7,7.25,7.25
25,Florida,2015,10,4,5.11,23.2,4.65,18.3,0.364,0.335,0.519,0.6,0.57,20.54,3.91,3.91
26,Florida St.,2015,10,3,6.53,31.7,4.68,17.5,0.381,0.392,0.444,0.474,0.0,16.88,9.38,9.38
27,Ga. Southern,2015,9,4,6.41,36.5,5.47,23.5,0.417,0.356,0.645,0.3,0.46,14.58,5.08,5.08
28,Georgia,2015,10,3,6.03,26.3,4.76,16.9,0.31,0.289,0.417,0.52,0.31,21.2,8.44,8.44
29,Georgia St.,2015,6,7,6.23,26.9,5.3,28.3,0.435,0.405,0.111,0.565,-0.08,26.79,14.05,14.05
30,Georgia Tech,2015,3,9,5.85,29.3,5.82,25.8,0.349,0.361,0.5,0.545,-0.58,23.16,7.79,7.79
31,Houston,2015,13,1,6.16,40.4,5.48,20.7,0.504,0.374,0.5,0.471,1.5,20.43,2.19,2.19
32,Idaho,2015,4,8,5.53,30.3,6.97,42.1,0.415,0.404,0.625,0.647,-0.5,26.74,7.96,7.96
33,Illinois,2015,5,7,4.93,22.7,4.9,23.3,0.363,0.314,0.44,0.524,0.33,20.08,11.88,11.88
34,Indiana,2015,6,7,6.23,36.5,6.38,37.6,0.381,0.421,0.448,0.464,0.62,23.73,7.07,7.07
35,Iowa,2015,12,2,5.77,30.9,4.96,20.4,0.417,0.367,0.643,0.556,0.79,23.56,13.85,13.85
36,Iowa St.,2015,3,9,5.39,25.0,6.16,32.7,0.402,0.469,0.448,0.429,-0.92,19.43,6.27,6.27
37,Kansas,2015,0,12,4.43,15.3,6.96,46.1,0.365,0.453,0.269,0.692,-0.58,20.21,7.87,7.87
38,Kansas St.,2015,6,7,4.95,29.9,6.24,31.5,0.391,0.436,0.533,0.409,-0.23,18.05,6.68,6.68
39,Kent St.,2015,3,9,4.11,13.1,4.86,26.1,0.254,0.34,0.346,0.714,-0.25,26.3,7.55,7.55
40,Kentucky,2015,5,7,5.47,24.7,5.55,27.4,0.374,0.394,0.684,0.571,-0.17,20.82,10.22,10.22
41,La.-Monroe,2015,2,11,4.48,21.0,5.61,36.5,0.297,0.346,0.464,0.483,-1.23,16.31,10.5,10.5
42,Louisiana,2015,4,8,5.45,26.4,5.96,31.8,0.375,0.423,0.542,0.591,-0.75,21.12,6.27,6.27
43,Louisiana Tech,2015,9,4,6.9,37.5,5.29,26.8,0.388,0.4,0.727,0.563,0.08,24.66,11.56,11.56
44,Louisville,2015,8,5,6.01,28.7,4.82,24.1,0.381,0.353,0.467,0.444,-0.08,22.84,4.75,4.75
45,LSU,2015,9,3,6.7,32.8,5.17,24.3,0.399,0.357,0.556,0.462,0.58,20.36,18.91,18.91
46,Marshall,2015,10,3,5.38,31.3,4.69,17.8,0.394,0.343,0.563,0.36,0.31,16.93,4.83,4.83
47,Maryland,2015,3,9,5.43,24.7,5.58,34.4,0.294,0.349,0.333,0.5,-1.5,23.03,7.38,7.38
48,Massachusetts,2015,3,9,5.41,22.2,5.67,31.4,0.348,0.47,0.375,0.467,-0.08,22.52,9.73,9.73
49,Memphis,2015,9,4,6.16,40.2,5.51,27.3,0.488,0.371,0.556,0.263,0.62,15.45,9.69,9.69
50,Miami,2015,8,5,5.9,27.8,5.78,28.2,0.35,0.393,0.722,0.438,0.85,21.22,12.67,12.67
51,Miami,2015,3,9,5.06,17.9,5.63,32.0,0.312,0.351,0.444,0.467,-1.17,19.21,7.17,7.17
52,Michigan,2015,10,3,5.68,31.4,4.46,16.4,0.462,0.276,0.375,0.375,-0.31,20.49,10.73,10.73
53,Michigan St.,2015,12,2,5.44,29.8,5.47,21.7,0.485,0.349,0.421,0.516,1.0,21.63,12.81,12.81
54,Middle Tenn.,2015,7,6,5.92,34.0,5.46,26.6,0.421,0.373,0.583,0.476,-0.31,23.6,9.71,9.71
55,Minnesota,2015,6,7,5.34,22.5,4.9,25.2,0.389,0.416,0.353,0.5,-0.31,21.84,10.17,10.17
56,Mississippi St.,2015,9,4,6.46,34.4,5.32,23.2,0.429,0.355,0.5,0.522,-0.31,18.23,12.5,12.5
57,Missouri,2015,5,7,4.38,13.6,4.32,16.2,0.303,0.393,0.412,0.455,-0.08,26.5,7.42,7.42
58,Navy,2015,11,2,6.35,36.8,5.65,21.8,0.503,0.468,0.923,0.483,1.46,23.11,15.82,15.82
59,NC State,2015,7,6,5.63,33.2,5.51,25.8,0.411,0.352,0.613,0.455,0.69,20.3,2.89,2.89
60,Nebraska,2015,6,7,6.09,32.8,5.88,27.8,0.448,0.34,0.625,0.36,-0.92,18.89,11.5,11.5
61,New Mexico St.,2015,3,9,5.8,28.6,6.79,45.0,0.355,0.428,0.4,0.706,0.08,22.11,10.85,10.85
62,North Carolina,2015,11,3,7.28,40.7,5.5,24.5,0.488,0.442,0.583,0.649,0.5,19.12,8.8,8.8
63,North Texas,2015,1,11,4.56,15.2,6.67,41.3,0.326,0.524,0.444,0.529,-0.58,24.25,9.53,9.53
64,Northern Ill.,2015,8,6,5.33,31.1,5.18,27.6,0.375,0.409,0.515,0.517,0.14,16.88,7.06,7.06
65,Northwestern,2015,10,3,4.47,19.5,4.53,18.6,0.409,0.325,0.455,0.458,0.08,20.72,1.94,1.94
66,Notre Dame,2015,10,3,7.02,34.2,5.57,24.1,0.425,0.351,0.625,0.636,-0.46,22.12,8.82,8.82
67,Ohio,2015,8,5,5.65,27.5,5.7,25.3,0.408,0.331,0.55,0.524,0.38,18.66,2.78,2.78
68,Ohio St.,2015,12,1,6.33,35.7,4.5,15.1,0.407,0.349,0.579,0.391,0.23,16.26,3.58,3.58
69,Oklahoma,2015,11,2,6.8,43.5,4.79,22.0,0.436,0.404,0.529,0.429,0.69,21.46,1.09,1.09
70,Oklahoma St.,2015,10,3,6.39,39.5,5.69,30.5,0.435,0.422,0.8,0.609,1.0,23.01,4.7,4.7
71,Old Dominion,2015,5,7,5.34,24.3,5.67,35.8,0.352,0.468,0.32,0.538,-0.08,19.92,9.4,9.4
72,Ole Miss,2015,10,3,7.07,40.8,4.87,22.6,0.414,0.389,0.467,0.304,0.0,19.13,5.94,5.94
73,Oregon,2015,9,4,7.05,43.0,6.03,37.5,0.391,0.422,0.571,0.708,0.38,22.42,15.28,15.28
74,Oregon St.,2015,2,10,5.12,19.0,6.44,37.0,0.317,0.455,0.176,0.474,-0.33,21.5,10.44,10.44
75,Penn St.,2015,7,6,5.47,23.2,4.78,21.8,0.276,0.366,0.522,0.154,0.31,24.79,6.13,6.13
76,Pittsburgh,2015,8,5,5.76,28.2,5.69,26.1,0.439,0.4,0.846,0.5,0.0,19.23,4.19,4.19
77,Purdue,2015,2,10,4.8,25.1,6.13,36.5,0.35,0.432,0.545,0.467,-0.42,23.79,9.0,9.0
78,Rice,2015,5,7,5.32,26.1,7.13,35.8,0.497,0.443,0.5,0.5,-1.0,23.16,10.77,10.77
79,Rutgers,2015,4,8,5.61,27.1,6.85,34.9,0.365,0.445,0.45,0.364,-0.17,18.75,11.47,11.47
80,SMU,2015,2,10,5.29,27.8,7.06,45.7,0.394,0.464,0.35,0.591,-0.83,22.35,11.15,11.15
81,South Alabama,2015,5,7,5.19,25.0,6.01,37.3,0.348,0.439,0.438,0.308,-0.42,20.14,14.0,14.0
82,South Carolina,2015,3,9,5.61,21.9,6.03,27.5,0.354,0.47,0.55,0.588,0.42,19.07,8.1,8.1
83,South Fla.,2015,8,5,6.43,33.6,5.24,22.9,0.369,0.371,0.579,0.591,0.77,19.94,8.24,8.24
84,Southern California,2015,8,6,6.19,33.9,5.7,25.7,0.392,0.362,0.654,0.381,0.79,20.69,13.88,13.88
85,Southern Miss.,2015,9,5,6.91,39.9,5.32,25.6,0.462,0.37,0.516,0.478,-0.07,18.88,8.94,8.94
86,Stanford,2015,12,2,6.57,37.8,5.57,22.6,0.5,0.363,0.813,0.625,0.07,21.04,8.45,8.45
87,Syracuse,2015,4,8,5.11,27.3,6.21,31.0,0.335,0.369,0.733,1.0,0.42,21.89,8.5,8.5
88,TCU,2015,11,2,6.79,42.1,5.16,27.2,0.434,0.278,0.467,0.5,0.0,20.43,2.54,2.54
89,Temple,2015,10,4,5.37,29.8,5.04,20.1,0.412,0.319,0.478,0.45,0.21,20.02,8.75,8.75
90,Tennessee,2015,9,4,5.56,35.2,5.21,20.0,0.46,0.276,0.765,0.75,0.54,18.24,11.26,11.26
91,Texas,2015,5,7,5.7,26.4,5.63,30.3,0.353,0.442,0.4,0.529,0.92,26.33,3.85,3.85
92,Texas A&M,2015,8,5,5.59,27.8,5.42,22.0,0.423,0.33,0.3,0.2,-0.46,19.03,10.95,10.95
93,Texas St.,2015,3,9,5.55,26.9,7.01,39.2,0.364,0.491,0.615,0.5,-0.58,36.06,8.7,8.7
94,Texas Tech,2015,7,6,6.95,45.1,6.91,43.6,0.517,0.497,0.478,0.438,0.15,25.05,12.38,12.38
95,Toledo,2015,10,2,6.13,35.0,5.07,20.8,0.462,0.403,0.455,0.421,0.67,19.13,8.62,8.62
96,Troy,2015,4,8,5.41,27.9,5.25,28.3,0.351,0.36,0.368,0.613,0.0,17.5,10.0,10.0
97,Tulane,2015,3,9,4.76,19.7,5.81,36.3,0.346,0.464,0.313,0.591,0.08,23.82,13.08,13.08
98,Tulsa,2015,6,7,6.09,37.2,6.59,39.8,0.441,0.447,0.538,0.524,0.31,22.46,11.0,11.0
99,UCF,2015,0,12,4.12,13.9,6.54,37.7,0.292,0.475,0.333,0.667,-1.67,20.57,7.52,7.52
100,UCLA,2015,8,5,6.25,32.2,5.0,26.0,0.451,0.396,0.615,0.577,0.0,23.83,6.67,6.67
101,UConn,2015,6,7,4.93,17.2,5.2,19.5,0.318,0.405,0.3,0.391,0.69,21.43,4.18,4.18
102,Utah,2015,10,3,5.11,30.6,5.18,22.3,0.41,0.394,0.667,0.545,1.0,20.71,7.18,7.18
103,UTEP,2015,5,7,4.92,20.7,6.82,32.9,0.397,0.357,0.5,0.467,-0.92,21.71,9.52,9.52
104,UTSA,2015,3,9,5.0,22.6,5.97,33.8,0.405,0.415,0.214,0.556,-0.08,23.23,6.29,6.29
105,Vanderbilt,2015,4,8,4.5,15.2,5.17,21.0,0.373,0.282,0.389,0.235,-0.67,18.42,15.1,15.1
106,Virginia,2015,4,8,5.49,25.8,6.23,32.2,0.425,0.369,0.533,0.474,-0.75,22.97,7.83,7.83
107,Virginia Tech,2015,7,6,5.33,31.0,5.55,26.3,0.383,0.335,0.615,0.5,0.31,20.48,2.84,2.84
108,Wake Forest,2015,3,9,4.8,17.4,5.57,24.6,0.351,0.354,0.412,0.444,-1.08,22.22,7.33,7.33
109,Washington,2015,7,6,6.0,30.6,4.9,18.8,0.379,0.368,0.421,0.522,0.38,22.02,6.67,6.67
110,Washington St.,2015,9,4,5.92,31.5,5.77,27.7,0.405,0.445,0.667,0.407,-0.08,20.86,14.43,14.43
111,West Virginia,2015,8,5,5.93,34.0,5.32,24.6,0.391,0.317,0.474,0.429,0.69,23.81,4.68,4.68
112,Western Ky.,2015,12,2,7.23,44.3,5.69,25.9,0.478,0.352,0.571,0.611,1.0,19.08,7.33,7.33
113,Western Mich.,2015,8,5,6.86,36.0,6.31,28.3,0.459,0.41,0.619,0.318,0.08,20.42,4.29,4.29
114,Wisconsin,2015,10,3,5.29,26.8,4.41,13.7,0.408,0.312,0.75,0.3,0.23,17.0,4.06,4.06
0,Akron,2016,5,7,5.99,27.4,6.05,33.6,0.373,0.444,0.476,0.591,-0.67,0.0,7.48,7.48
1,Alabama,2016,14,1,6.47,38.8,3.99,13.0,0.438,0.307,0.588,0.174,0.67,0.0,10.65,10.65
2,Appalachian St.,2016,10,3,6.13,29.2,4.99,17.8,0.337,0.333,0.552,0.217,0.62,0.0,12.5,12.5
3,Arizona,2016,3,9,6.08,24.8,6.1,38.3,0.363,0.526,0.278,0.313,-0.58,0.0,11.48,11.48
4,Arizona St.,2016,5,7,5.21,33.3,7.07,39.8,0.381,0.358,0.471,0.563,-0.33,2.0,3.42,3.42
5,Arkansas,2016,7,6,6.03,30.3,6.75,31.1,0.398,0.448,0.556,0.615,-0.31,0.0,5.61,5.61
6,Arkansas St.,2016,8,5,5.37,27.3,4.99,21.5,0.294,0.356,0.577,0.25,0.38,1.0,6.67,6.67
7,Army West Point,2016,8,5,5.89,29.9,5.09,19.8,0.483,0.38,0.541,0.421,-0.23,1.0,8.0,8.0
8,Auburn,2016,8,5,6.13,31.2,5.07,17.1,0.418,0.348,0.476,0.522,0.23,0.0,3.17,3.17
9,Ball St.,2016,4,8,5.64,27.0,6.38,30.1,0.451,0.451,0.522,0.235,-0.83,0.0,8.06,8.06
10,Baylor,2016,7,6,6.13,34.6,5.43,29.0,0.423,0.415,0.565,0.636,-0.38,0.0,2.13,2.13
11,Boston College,2016,7,6,4.42,20.4,5.09,25.0,0.314,0.315,0.5,0.308,0.54,0.0,5.0,5.0
12,Bowling Green,2016,4,8,5.13,24.8,6.32,38.3,0.307,0.448,0.591,0.571,-1.33,0.0,5.2,5.2
13,Buffalo,2016,2,10,5.16,16.5,5.92,32.3,0.365,0.462,0.438,0.375,-0.5,1.0,11.24,11.24
14,BYU,2016,9,4,5.43,29.5,5.52,19.5,0.477,0.373,0.632,0.409,0.92,0.0,2.53,2.53
15,California,2016,5,7,5.95,37.1,6.71,42.6,0.391,0.472,0.742,0.818,0.25,2.0,11.85,11.85
16,Central Mich.,2016,6,7,5.8,26.3,5.74,30.3,0.415,0.418,0.538,0.429,-0.46,0.0,5.53,5.53
17,Charlotte,2016,4,8,4.94,25.2,6.03,34.6,0.323,0.419,0.485,0.5,0.58,0.0,5.95,5.95
18,Cincinnati,2016,4,8,5.28,19.3,5.34,26.9,0.379,0.479,0.412,0.611,0.08,0.0,10.62,10.62
19,Clemson,2016,14,1,6.19,39.2,4.63,18.0,0.502,0.281,0.6,0.417,-0.07,0.0,5.2,5.2
20,Colorado,2016,10,4,5.54,31.1,4.87,21.7,0.443,0.327,0.421,0.45,0.43,0.0,13.12,13.12
21,Duke,2016,4,8,5.15,23.3,6.29,28.2,0.43,0.397,0.375,0.25,-0.33,0.0,9.38,9.38
22,East Carolina,2016,3,9,5.85,27.0,6.44,36.1,0.397,0.429,0.6,0.375,-1.33,1.0,11.29,11.29
23,Eastern Mich.,2016,7,6,5.92,29.6,5.84,29.8,0.468,0.419,0.615,0.75,0.08,0.0,7.19,7.19
24,FIU,2016,4,8,5.43,24.0,6.34,34.8,0.359,0.429,0.5,0.556,-0.75,1.0,10.5,10.5
25,Fla. Atlantic,2016,3,9,5.7,26.4,6.91,39.8,0.337,0.473,0.389,0.615,-0.42,0.0,8.62,8.62
26,Florida,2016,9,4,5.19,23.9,4.67,16.8,0.417,0.348,0.467,0.25,0.15,0.0,9.79,9.79
27,Florida St.,2016,10,3,6.46,35.1,5.27,25.0,0.438,0.339,0.6,0.444,0.23,0.0,18.6,18.6
28,Ga. Southern,2016,5,7,5.24,26.6,5.94,26.5,0.443,0.327,0.444,0.619,0.08,1.0,7.0,7.0
29,Georgia,2016,8,5,5.44,24.5,5.26,24.0,0.418,0.368,0.538,0.412,0.62,1.0,6.1,6.1
30,Georgia St.,2016,3,9,5.31,19.9,4.91,26.6,0.382,0.391,0.357,0.692,-0.42,1.0,12.43,12.43
31,Georgia Tech,2016,9,4,6.53,28.2,5.76,24.5,0.418,0.492,0.5,0.526,0.31,0.0,9.36,9.36
32,Houston,2016,9,4,5.32,35.8,4.8,23.5,0.472,0.342,0.633,0.421,-0.54,0.0,2.62,2.62
33,Idaho,2016,9,4,5.61,30.8,6.24,31.3,0.396,0.423,0.591,0.55,0.85,0.0,7.75,7.75
34,Illinois,2016,3,9,5.32,19.7,5.54,31.9,0.284,0.446,0.438,0.313,-0.17,0.0,11.38,11.38
35,Indiana,2016,6,7,5.59,25.8,5.09,27.2,0.399,0.329,0.259,0.63,-0.46,0.0,6.09,6.09
36,Iowa,2016,8,5,5.2,24.9,5.11,18.8,0.318,0.35,0.647,0.571,0.46,0.0,11.17,11.17
37,Iowa St.,2016,3,9,5.91,27.7,5.97,31.3,0.429,0.448,0.478,0.6,-0.25,0.0,4.4,4.4
38,Kansas,2016,2,10,4.96,20.3,6.04,37.3,0.33,0.356,0.25,0.444,-1.17,0.0,9.64,9.64
39,Kansas St.,2016,9,4,5.74,32.2,5.77,22.3,0.454,0.374,0.6,0.417,1.0,0.0,4.14,4.14
40,Kent St.,2016,3,9,4.85,20.6,5.21,28.7,0.331,0.398,0.357,0.625,0.92,0.0,8.81,8.81
41,Kentucky,2016,7,6,6.26,30.0,6.08,31.3,0.391,0.444,0.75,0.538,-0.54,0.0,5.43,5.43
42,La.-Monroe,2016,4,8,5.11,23.3,6.65,39.1,0.424,0.447,0.5,0.4,-0.92,1.0,7.94,7.94
43,Louisiana,2016,6,7,5.0,23.6,5.3,25.3,0.374,0.371,0.292,0.45,0.08,0.0,24.38,24.38
44,Louisiana Tech,2016,9,5,7.51,44.3,5.79,33.6,0.503,0.455,0.6,0.625,0.07,0.0,15.0,15.0
45,Louisville,2016,9,4,7.21,42.5,4.69,23.8,0.411,0.315,0.688,0.474,-0.54,0.0,9.63,9.63
46,LSU,2016,8,4,6.71,28.3,4.76,15.8,0.434,0.323,0.125,0.526,0.0,0.0,3.45,3.45
47,Marshall,2016,3,9,5.04,26.4,6.39,35.3,0.341,0.4,0.667,0.609,0.33,1.0,9.0,9.0
48,Maryland,2016,6,7,5.61,25.8,5.67,29.5,0.343,0.375,0.379,0.385,-0.54,0.0,5.0,5.0
49,Massachusetts,2016,2,10,5.33,23.3,6.13,35.5,0.325,0.404,0.5,0.6,-0.83,0.0,6.94,6.94
50,Memphis,2016,8,5,6.25,38.8,5.77,28.8,0.407,0.38,0.591,0.609,0.62,0.0,9.43,9.43
51,Miami,2016,9,4,6.43,34.3,4.75,18.5,0.363,0.386,0.462,0.292,0.69,1.0,7.9,7.9
52,Miami,2016,6,7,5.67,22.8,5.24,23.8,0.378,0.408,0.467,0.5,0.08,0.0,7.89,7.89
53,Michigan,2016,10,3,5.85,40.3,4.21,14.1,0.432,0.21,0.65,0.407,0.54,0.0,6.52,6.52
54,Michigan St.,2016,3,9,5.64,24.1,5.53,27.8,0.387,0.423,0.476,0.647,-0.42,1.0,5.44,5.44
55,Middle Tenn.,2016,8,5,6.92,39.7,5.47,35.8,0.446,0.386,0.286,0.61,-0.15,0.0,4.25,4.25
56,Minnesota,2016,9,4,5.24,29.3,4.82,22.1,0.384,0.388,0.5,0.462,0.62,0.0,4.16,4.16
57,Mississippi St.,2016,6,7,6.07,30.4,6.24,31.8,0.406,0.411,0.5,0.679,0.54,0.0,14.78,14.78
58,Missouri,2016,4,8,6.34,31.4,6.07,31.5,0.43,0.443,0.542,0.417,-0.25,1.0,5.55,5.55
59,Navy,2016,9,5,6.82,37.9,6.34,31.0,0.545,0.535,0.607,0.667,0.14,1.0,12.6,12.6
60,NC State,2016,7,6,5.75,27.0,5.13,22.8,0.438,0.349,0.444,0.63,0.15,0.0,14.89,14.89
61,Nebraska,2016,9,4,5.36,26.5,5.53,23.9,0.439,0.374,0.571,0.462,0.38,0.0,10.67,10.67
62,New Mexico St.,2016,3,9,5.44,24.8,6.56,38.8,0.339,0.469,0.542,0.471,0.08,1.0,15.7,15.7
63,North Carolina,2016,8,5,6.64,32.3,5.37,24.9,0.455,0.426,0.4,0.667,-0.15,0.0,0.22,0.22
64,North Texas,2016,5,8,5.08,24.8,6.07,32.6,0.348,0.477,0.364,0.407,0.08,1.0,9.04,9.04
65,Northern Ill.,2016,5,7,5.86,30.5,5.79,30.3,0.414,0.378,0.474,0.667,-0.08,0.0,3.88,3.88
66,Northwestern,2016,7,6,5.26,26.0,5.4,22.2,0.395,0.365,0.5,0.538,0.69,0.0,9.54,9.54
67,Notre Dame,2016,4,8,6.07,30.9,5.4,27.8,0.405,0.39,0.65,0.522,-0.33,2.0,15.05,15.05
68,Ohio,2016,8,6,5.47,26.3,5.13,22.6,0.377,0.387,0.444,0.55,0.07,1.0,4.61,4.61
69,Ohio St.,2016,11,2,6.02,39.4,4.37,15.5,0.467,0.322,0.619,0.348,1.15,1.0,3.93,3.93
70,Oklahoma,2016,11,2,7.54,43.9,5.85,28.8,0.515,0.426,0.538,0.556,0.0,0.0,7.44,7.44
71,Oklahoma St.,2016,10,3,6.73,38.6,5.93,26.5,0.43,0.39,0.417,0.407,0.85,0.0,0.94,0.94
72,Old Dominion,2016,10,3,6.41,35.1,5.41,27.2,0.372,0.376,0.581,0.486,1.0,0.0,16.63,16.63
73,Ole Miss,2016,5,7,6.16,32.6,6.18,34.0,0.402,0.417,0.375,0.643,-0.25,0.0,11.8,11.8
74,Oregon,2016,4,8,6.61,35.4,6.41,41.4,0.391,0.485,0.621,0.438,-0.25,0.0,7.94,7.94
75,Oregon St.,2016,4,8,5.52,26.2,5.76,30.5,0.372,0.418,0.2,0.522,0.08,0.0,3.61,3.61
76,Penn St.,2016,11,3,6.5,37.6,5.04,25.4,0.326,0.384,0.5,0.381,0.07,0.0,6.95,6.95
77,Pittsburgh,2016,8,5,6.71,40.9,5.98,35.2,0.454,0.406,0.538,0.75,0.08,1.0,8.14,8.14
78,Purdue,2016,3,9,5.11,24.6,6.22,38.3,0.45,0.492,0.455,0.692,-1.42,0.0,3.21,3.21
79,Rice,2016,3,9,5.16,25.3,7.43,37.3,0.368,0.395,0.647,0.588,-0.58,1.0,6.2,6.2
80,Rutgers,2016,2,10,4.14,15.7,6.35,37.5,0.308,0.405,0.438,0.524,-0.42,2.0,10.46,10.46
81,SMU,2016,5,7,5.49,27.7,6.0,36.3,0.433,0.377,0.375,0.609,0.17,1.0,9.32,9.32
82,South Alabama,2016,6,7,5.73,25.4,5.63,27.0,0.387,0.347,0.455,0.55,-0.15,0.0,2.0,2.0
83,South Carolina,2016,6,7,5.15,20.8,5.62,26.5,0.342,0.426,0.52,0.583,0.54,3.0,9.58,9.58
84,South Fla.,2016,11,2,7.17,43.8,5.82,31.6,0.444,0.392,0.895,0.529,0.69,0.0,9.25,9.25
85,Southern California,2016,10,3,6.4,34.4,5.38,24.2,0.478,0.354,0.5,0.6,0.0,0.0,6.25,6.25
86,Southern Miss.,2016,7,6,6.01,32.8,5.71,29.5,0.409,0.24,0.629,0.417,-1.31,0.0,5.38,5.38
87,Stanford,2016,10,3,5.77,26.3,5.35,20.4,0.421,0.372,0.5,0.571,0.15,0.0,7.53,7.53
88,Syracuse,2016,4,8,5.45,25.7,6.91,38.6,0.396,0.414,0.63,0.529,-0.08,2.0,8.11,8.11
89,TCU,2016,6,7,6.08,31.0,5.49,28.0,0.406,0.436,0.588,0.556,-0.31,0.0,3.95,3.95
90,Temple,2016,10,4,5.99,32.4,4.64,18.4,0.416,0.347,0.435,0.5,0.43,1.0,3.71,3.71
91,Tennessee,2016,9,4,6.44,36.4,5.84,28.8,0.411,0.379,0.222,0.308,-0.15,0.0,12.67,12.67
92,Texas,2016,5,7,5.9,31.9,5.63,31.5,0.361,0.383,0.5,0.471,-0.25,0.0,4.89,4.89
93,Texas A&M,2016,8,5,6.37,34.8,5.55,24.5,0.392,0.389,0.556,0.333,0.23,0.0,5.2,5.2
94,Texas St.,2016,2,10,4.31,18.6,6.19,41.1,0.31,0.423,0.478,0.714,-1.17,1.0,6.78,6.78
95,Texas Tech,2016,5,7,6.5,43.7,7.05,43.5,0.518,0.433,0.44,0.524,-0.33,1.0,8.4,8.4
96,Toledo,2016,9,4,7.2,38.0,5.81,25.7,0.511,0.347,0.4,0.467,-0.31,1.0,6.6,6.6
97,Troy,2016,10,3,5.72,33.7,5.05,22.1,0.37,0.353,0.654,0.545,0.77,0.0,7.47,7.47
98,Tulane,2016,4,8,4.83,24.1,5.36,27.7,0.278,0.429,0.556,0.333,0.75,0.0,2.07,2.07
99,Tulsa,2016,10,3,6.15,42.5,5.47,29.8,0.462,0.373,0.6,0.531,0.0,0.0,8.29,8.29
100,UCF,2016,6,7,4.68,28.8,4.78,24.6,0.297,0.29,0.429,0.452,0.08,0.0,10.61,10.61
101,UCLA,2016,4,8,5.43,24.9,4.86,27.5,0.352,0.347,0.455,0.7,-0.17,1.0,11.22,11.22
102,UConn,2016,3,9,4.81,14.8,5.72,28.1,0.337,0.408,0.478,0.591,-0.67,0.0,9.81,9.81
103,Utah,2016,9,4,5.78,29.8,5.56,23.9,0.383,0.388,0.591,0.5,0.46,1.0,7.48,7.48
104,UTEP,2016,4,8,6.02,26.3,6.12,34.9,0.418,0.414,0.333,0.643,-0.42,0.0,6.46,6.46
105,UTSA,2016,6,7,5.38,29.2,5.69,27.9,0.44,0.398,0.538,0.421,0.23,2.0,6.86,6.86
106,Vanderbilt,2016,6,7,5.19,23.0,5.9,24.0,0.355,0.403,0.333,0.316,0.31,1.0,7.05,7.05
107,Virginia,2016,2,10,4.86,22.5,6.33,33.8,0.346,0.434,0.522,0.533,-0.75,1.0,7.87,7.87
108,Virginia Tech,2016,10,4,5.73,35.0,4.99,22.8,0.425,0.275,0.563,0.476,-0.07,0.0,4.36,4.36
109,Wake Forest,2016,7,6,4.57,20.4,5.33,22.2,0.348,0.341,0.412,0.429,0.62,0.0,9.13,9.13
110,Washington,2016,12,2,6.83,41.8,4.61,17.7,0.441,0.306,0.5,0.486,1.29,0.0,8.92,8.92
111,Washington St.,2016,8,5,6.11,38.2,6.04,26.4,0.471,0.399,0.548,0.375,0.46,1.0,8.83,8.83
112,West Virginia,2016,10,3,6.42,31.2,5.56,24.0,0.428,0.403,0.5,0.35,0.31,1.0,6.0,6.0
113,Western Ky.,2016,11,3,7.65,45.5,5.2,24.6,0.467,0.38,0.412,0.393,0.14,0.0,5.44,5.44
114,Western Mich.,2016,13,1,6.66,41.6,5.82,19.8,0.537,0.397,0.882,0.556,1.29,0.0,5.5,5.5
115,Wisconsin,2016,11,3,5.45,28.4,4.92,15.6,0.441,0.279,0.5,0.368,0.86,0.0,7.3,7.3
0,Air Force,2017,5,7,5.52,31.4,6.81,32.4,0.488,0.423,0.64,0.556,-0.83,0.0,13.56,13.56
1,Akron,2017,7,7,4.88,22.1,6.02,28.0,0.394,0.342,0.467,0.607,0.71,0.0,14.35,14.35
2,Alabama,2017,13,1,6.59,37.1,3.99,11.9,0.404,0.346,0.833,0.368,1.0,0.0,6.5,6.5
3,Appalachian St.,2017,9,4,6.45,33.5,5.31,20.2,0.403,0.331,0.542,0.5,0.92,1.0,8.19,8.19
4,Arizona,2017,7,6,7.01,41.3,6.03,34.4,0.423,0.467,0.706,0.56,0.23,0.0,12.06,12.06
5,Arizona St.,2017,7,6,5.71,31.8,6.33,32.8,0.447,0.422,0.556,0.389,0.15,1.0,5.57,5.57
6,Arkansas,2017,4,8,5.59,28.8,6.45,36.2,0.418,0.475,0.5,0.667,-0.08,1.0,3.64,3.64
7,Arkansas St.,2017,7,5,6.09,37.8,5.29,25.8,0.444,0.33,0.333,0.364,-0.08,3.0,2.0,2.0
8,Army West Point,2017,10,3,5.97,30.7,6.25,22.0,0.552,0.401,0.633,0.737,0.38,1.0,8.71,8.71
9,Auburn,2017,10,4,6.17,33.9,4.67,18.5,0.455,0.329,0.467,0.467,-0.07,1.0,11.43,11.43
10,Ball St.,2017,2,10,4.46,17.9,6.62,40.7,0.389,0.466,0.333,0.333,-0.75,0.0,12.35,12.35
11,Baylor,2017,1,11,5.55,24.3,6.46,35.9,0.328,0.391,0.515,0.625,-1.17,1.0,2.95,2.95
12,Boise St.,2017,11,3,5.8,32.5,4.83,22.9,0.458,0.382,0.176,0.609,0.93,0.0,3.71,3.71
13,Boston College,2017,7,6,5.1,25.7,5.37,22.8,0.385,0.37,0.4,0.412,0.38,0.0,4.66,4.66
14,Bowling Green,2017,2,10,5.48,25.3,6.61,38.0,0.364,0.478,0.333,0.474,-0.08,0.0,4.27,4.27
15,Buffalo,2017,6,6,6.26,28.5,5.49,24.8,0.414,0.418,0.667,0.55,0.08,0.0,8.36,8.36
16,BYU,2017,4,9,5.14,17.1,5.35,24.7,0.358,0.406,0.308,0.56,-0.77,0.0,3.56,3.56
17,California,2017,5,7,5.17,27.8,5.81,28.4,0.404,0.442,0.68,0.444,0.33,0.0,10.47,10.47
18,Central Mich.,2017,8,5,5.49,28.5,5.03,27.5,0.304,0.349,0.556,0.474,0.0,0.0,9.24,9.24
19,Charlotte,2017,1,11,4.92,14.2,6.16,32.8,0.26,0.436,0.45,0.4,-0.75,0.0,6.11,6.11
20,Cincinnati,2017,4,8,5.24,20.9,5.85,31.8,0.39,0.433,0.533,0.778,-0.42,1.0,4.47,4.47
21,Clemson,2017,12,2,5.74,33.3,4.27,13.6,0.463,0.293,0.722,0.577,0.29,0.0,9.81,9.81
22,Colorado,2017,5,7,5.51,26.4,6.12,28.2,0.418,0.422,0.5,0.375,0.0,0.0,5.0,5.0
23,Colorado St.,2017,7,6,6.55,33.4,6.29,27.8,0.503,0.441,0.35,0.389,0.15,0.0,10.46,10.46
24,Duke,2017,7,6,4.92,26.5,5.22,20.2,0.392,0.32,0.63,0.222,0.0,0.0,7.15,7.15
25,East Carolina,2017,3,9,5.44,24.9,7.72,45.0,0.412,0.52,0.586,0.615,-0.83,1.0,12.0,12.0
26,Eastern Mich.,2017,5,7,5.42,26.1,5.34,23.3,0.345,0.368,0.588,0.2,-0.33,0.0,6.19,6.19
27,FIU,2017,8,5,5.73,25.6,6.02,28.5,0.432,0.384,0.476,0.429,-0.23,0.0,6.08,6.08
28,Fla. Atlantic,2017,11,3,6.8,40.6,5.19,22.7,0.397,0.394,0.615,0.438,0.93,0.0,4.5,4.5
29,Florida,2017,4,7,5.19,22.1,5.73,27.3,0.325,0.331,0.667,0.714,-0.27,0.0,10.93,10.93
30,Florida St.,2017,7,6,5.66,27.8,4.75,21.2,0.352,0.362,0.5,0.481,-0.46,0.0,12.65,12.65
31,Fresno St.,2017,10,4,5.78,27.1,4.86,17.9,0.356,0.348,0.667,0.292,0.57,0.0,14.46,14.46
32,Ga. Southern,2017,2,10,4.75,20.8,6.6,32.2,0.351,0.392,0.607,0.438,0.0,0.0,10.2,10.2
33,Georgia,2017,13,2,6.7,35.4,4.69,16.4,0.456,0.329,0.583,0.294,0.27,0.0,5.94,5.94
34,Georgia St.,2017,7,5,5.46,20.3,5.8,24.8,0.429,0.385,0.5,0.583,-0.33,1.0,10.0,10.0
35,Georgia Tech,2017,5,6,5.74,28.1,5.52,26.5,0.456,0.309,0.421,0.556,-0.45,1.0,9.43,9.43
36,Hawaii,2017,3,9,5.73,22.8,6.76,33.9,0.383,0.488,0.357,0.667,0.08,2.0,7.44,7.44
37,Houston,2017,7,5,6.0,28.3,5.37,23.8,0.455,0.391,0.444,0.636,-0.17,1.0,5.33,5.33
38,Idaho,2017,4,8,5.09,20.9,5.61,25.8,0.354,0.404,0.36,0.714,0.17,0.0,13.84,13.84
39,Illinois,2017,2,10,4.64,15.4,5.66,31.5,0.335,0.437,0.4,0.667,-0.58,0.0,4.77,4.77
40,Indiana,2017,5,7,4.99,26.8,4.92,25.3,0.379,0.299,0.474,0.529,-0.58,1.0,4.96,4.96
41,Iowa,2017,8,5,5.12,28.2,5.08,19.9,0.344,0.346,0.636,0.48,0.54,0.0,4.65,4.65
42,Iowa St.,2017,8,5,5.55,29.2,5.4,20.9,0.392,0.407,0.737,0.438,0.77,1.0,5.69,5.69
43,Kansas,2017,1,11,4.64,18.7,6.44,43.4,0.289,0.401,0.542,0.619,-1.42,1.0,18.3,18.3
44,Kansas St.,2017,8,5,6.14,32.3,5.82,25.2,0.336,0.412,0.333,0.542,0.77,0.0,5.71,5.71
45,Kent St.,2017,2,10,4.38,12.8,6.21,35.1,0.287,0.315,0.2,0.667,-0.58,1.0,3.41,3.41
46,Kentucky,2017,7,6,5.56,25.5,6.22,28.2,0.393,0.405,0.6,0.621,0.23,0.0,4.42,4.42
47,La.-Monroe,2017,4,8,6.37,33.9,7.26,41.0,0.435,0.46,0.565,0.556,-0.33,1.0,7.79,7.79
48,Louisiana,2017,5,7,5.78,28.2,6.58,40.0,0.36,0.485,0.5,0.588,-0.08,1.0,14.63,14.63
49,Louisiana Tech,2017,7,6,5.73,30.5,5.59,25.4,0.407,0.414,0.563,0.667,1.0,1.0,8.08,8.08
50,Louisville,2017,8,5,7.39,38.1,5.61,27.4,0.442,0.413,0.633,0.579,0.15,1.0,5.95,5.95
51,LSU,2017,9,4,6.19,27.2,5.07,18.9,0.414,0.354,0.4,0.381,0.77,0.0,6.27,6.27
52,Marshall,2017,8,5,5.5,26.7,4.95,19.9,0.444,0.36,0.429,0.44,-0.62,0.0,3.88,3.88
53,Maryland,2017,4,8,5.15,24.1,5.62,37.1,0.286,0.495,0.458,0.5,0.17,0.0,11.23,11.23
54,Massachusetts,2017,4,8,6.0,30.6,5.76,31.8,0.347,0.372,0.625,0.429,0.25,1.0,13.41,13.41
55,Memphis,2017,10,3,7.35,45.5,5.75,32.5,0.438,0.456,0.55,0.667,1.15,0.0,4.6,4.6
56,Miami,2017,10,3,6.24,29.1,4.77,21.0,0.288,0.395,0.667,0.409,1.0,1.0,5.75,5.75
57,Miami,2017,5,7,5.54,24.4,5.42,24.1,0.375,0.388,0.5,0.4,-0.08,2.0,1.25,1.25
58,Michigan,2017,8,5,5.18,25.2,4.52,18.8,0.326,0.261,0.563,0.455,-0.31,0.0,9.0,9.0
59,Michigan St.,2017,10,3,5.13,24.5,4.87,20.0,0.449,0.328,0.579,0.6,0.23,1.0,2.58,2.58
60,Middle Tenn.,2017,7,6,5.68,25.5,4.95,24.7,0.376,0.348,0.438,0.455,-0.92,0.0,6.0,6.0
61,Minnesota,2017,5,7,4.88,22.1,5.52,22.8,0.335,0.384,0.769,0.412,0.0,0.0,6.0,6.0
62,Mississippi St.,2017,9,4,5.51,32.0,5.23,20.9,0.462,0.304,0.52,0.375,-0.08,0.0,4.78,4.78
63,Missouri,2017,7,6,7.13,37.5,5.6,31.8,0.451,0.434,0.273,0.529,-0.62,1.0,8.36,8.36
64,Navy,2017,7,6,6.03,30.5,6.17,26.3,0.455,0.425,0.657,0.5,-0.23,1.0,4.93,4.93
65,NC State,2017,9,4,5.99,32.2,5.56,25.2,0.447,0.419,0.56,0.476,0.62,1.0,13.17,13.17
66,Nebraska,2017,4,8,5.59,25.8,6.34,36.4,0.376,0.431,0.481,0.5,-0.58,1.0,10.09,10.09
67,Nevada,2017,3,9,5.87,28.2,6.12,33.9,0.398,0.443,0.393,0.545,-0.17,1.0,16.5,16.5
68,New Mexico,2017,3,9,5.5,20.7,6.13,31.8,0.301,0.383,0.435,0.545,-1.33,0.0,10.64,10.64
69,New Mexico St.,2017,7,6,5.82,29.3,5.36,29.7,0.438,0.296,0.538,0.579,-0.15,2.0,6.25,6.25
70,North Carolina,2017,3,9,5.32,26.0,5.85,31.3,0.309,0.374,0.619,0.708,-0.5,1.0,12.67,12.67
71,North Texas,2017,9,5,6.14,35.5,5.96,35.0,0.433,0.439,0.563,0.559,-0.79,2.0,3.0,3.0
72,Northern Ill.,2017,8,5,5.1,28.9,4.62,22.0,0.392,0.305,0.294,0.556,-0.15,1.0,7.17,7.17
73,Northwestern,2017,10,3,5.31,29.2,5.02,20.1,0.355,0.361,0.564,0.364,0.54,0.0,5.79,5.79
74,Notre Dame,2017,10,3,6.39,34.2,5.05,21.5,0.438,0.353,0.556,0.458,0.23,0.0,8.41,8.41
75,Ohio,2017,9,4,6.43,39.1,5.3,24.2,0.411,0.299,0.667,0.4,-0.31,0.0,5.83,5.83
76,Ohio St.,2017,12,2,6.88,41.1,4.44,19.0,0.465,0.321,0.682,0.481,0.36,2.0,7.71,7.71
77,Oklahoma,2017,12,2,8.29,45.1,5.84,27.1,0.426,0.38,0.522,0.591,0.36,0.0,16.38,16.38
78,Oklahoma St.,2017,10,3,7.34,45.0,5.51,29.4,0.456,0.388,0.65,0.529,0.23,1.0,6.85,6.85
79,Old Dominion,2017,5,7,4.92,20.7,5.8,31.7,0.344,0.454,0.32,0.526,-0.33,0.0,6.35,6.35
80,Ole Miss,2017,6,6,6.9,32.8,6.16,34.6,0.381,0.415,0.4,0.632,-0.42,0.0,9.91,9.91
81,Oregon,2017,7,6,6.1,36.0,5.07,29.0,0.41,0.333,0.412,0.417,0.0,0.0,6.55,6.55
82,Oregon St.,2017,1,11,5.18,20.7,6.61,43.0,0.402,0.532,0.615,0.733,-1.17,0.0,5.5,5.5
83,Penn St.,2017,11,2,6.58,41.1,4.77,16.5,0.48,0.349,0.571,0.44,0.92,0.0,4.29,4.29
84,Pittsburgh,2017,5,7,5.35,23.9,5.96,26.6,0.357,0.406,0.65,0.471,0.0,1.0,12.55,12.55
85,Purdue,2017,7,6,5.59,25.2,5.27,20.5,0.333,0.359,0.565,0.565,0.31,0.0,6.85,6.85
86,Rice,2017,1,11,5.44,16.3,6.43,35.8,0.388,0.486,0.368,0.625,-1.92,0.0,11.57,11.57
87,Rutgers,2017,4,8,4.43,18.0,5.72,28.3,0.321,0.384,0.286,0.6,-0.42,0.0,9.42,9.42
88,San Diego St.,2017,10,3,6.29,30.8,5.08,20.2,0.448,0.39,0.444,0.222,0.54,0.0,10.13,10.13
89,San Jose St.,2017,2,11,4.6,15.8,6.21,41.7,0.305,0.454,0.429,0.85,-2.0,0.0,14.47,14.47
90,SMU,2017,7,6,6.39,37.8,6.59,36.7,0.432,0.429,0.7,0.448,0.31,0.0,6.7,6.7
91,South Alabama,2017,4,8,5.1,19.8,5.88,26.5,0.307,0.426,0.444,0.5,0.17,1.0,6.61,6.61
92,South Carolina,2017,9,4,5.46,24.2,5.16,20.7,0.38,0.398,0.429,0.5,0.85,0.0,5.6,5.6
93,South Fla.,2017,10,2,6.15,38.3,4.84,23.5,0.437,0.364,0.6,0.368,0.83,1.0,7.52,7.52
94,Southern California,2017,11,3,6.55,32.6,5.62,26.1,0.411,0.357,0.444,0.556,-0.14,1.0,9.53,9.53
95,Southern Miss.,2017,8,5,5.89,29.2,5.05,24.5,0.373,0.346,0.522,0.444,-0.08,0.0,5.8,5.8
96,Stanford,2017,9,5,6.45,32.4,5.98,22.7,0.426,0.435,0.583,0.389,1.14,0.0,9.84,9.84
97,Syracuse,2017,4,8,5.33,27.4,6.4,32.2,0.397,0.311,0.579,0.5,-1.0,0.0,2.67,2.67
98,TCU,2017,11,3,6.09,33.6,5.07,19.0,0.457,0.313,0.357,0.48,0.21,0.0,8.25,8.25
99,Temple,2017,7,6,5.52,25.1,5.4,25.8,0.414,0.383,0.5,0.478,-0.31,0.0,6.93,6.93
100,Tennessee,2017,4,8,4.77,19.8,5.94,29.1,0.307,0.452,0.3,0.4,-0.25,0.0,7.33,7.33
101,Texas,2017,7,6,5.15,29.5,5.19,21.2,0.381,0.271,0.467,0.3,0.62,0.0,6.59,6.59
102,Texas A&M,2017,7,6,5.54,32.7,5.63,30.7,0.38,0.347,0.5,0.667,0.23,1.0,8.11,8.11
103,Texas St.,2017,2,10,4.77,17.3,6.18,33.6,0.337,0.361,0.231,0.25,-1.25,1.0,8.23,8.23
104,Texas Tech,2017,6,7,6.17,34.3,5.78,32.2,0.446,0.421,0.429,0.625,0.85,0.0,5.58,5.58
105,Toledo,2017,11,3,6.91,36.4,5.63,26.2,0.391,0.344,0.444,0.423,0.07,0.0,3.5,3.5
106,Troy,2017,11,2,6.24,31.5,4.78,18.5,0.429,0.389,0.632,0.467,0.54,0.0,9.41,9.41
107,Tulane,2017,5,7,5.76,27.5,6.68,29.2,0.399,0.444,0.64,0.478,0.67,0.0,6.33,6.33
108,Tulsa,2017,2,10,5.71,29.3,7.31,37.5,0.437,0.443,0.609,0.471,0.08,0.0,8.5,8.5
109,UAB,2017,8,5,5.42,27.8,5.39,25.6,0.454,0.364,0.333,0.474,0.31,1.0,10.32,10.32
110,UCF,2017,13,0,7.46,48.2,5.74,25.3,0.455,0.408,0.5,0.484,1.31,1.0,6.83,6.83
111,UCLA,2017,6,7,6.39,32.5,6.26,36.6,0.412,0.384,0.65,0.48,-0.69,0.0,12.63,12.63
112,UConn,2017,3,9,5.49,23.6,6.77,37.9,0.398,0.475,0.407,0.435,-0.67,0.0,3.76,3.76
113,UNLV,2017,5,7,6.2,28.8,6.27,31.8,0.407,0.438,0.6,0.538,0.33,0.0,14.25,14.25
114,Utah,2017,7,6,5.64,29.5,5.07,23.2,0.352,0.378,0.579,0.545,0.08,0.0,3.86,3.86
115,Utah St.,2017,6,7,5.62,30.2,5.17,26.9,0.343,0.355,0.526,0.462,0.38,1.0,8.0,8.0
116,UTEP,2017,0,12,4.09,11.8,6.24,36.8,0.269,0.519,0.45,0.647,-0.5,0.0,9.55,9.55
117,UTSA,2017,6,5,5.65,23.5,4.98,17.0,0.416,0.348,0.571,0.4,0.36,0.0,2.88,2.88
118,Vanderbilt,2017,5,7,5.6,24.6,5.85,31.3,0.417,0.373,0.45,0.529,-0.42,0.0,10.06,10.06
119,Virginia,2017,6,7,4.9,22.5,5.4,28.4,0.392,0.367,0.393,0.577,-0.08,0.0,12.84,12.84
120,Virginia Tech,2017,9,4,5.39,28.2,5.06,14.8,0.408,0.262,0.423,0.435,0.38,0.0,3.92,3.92
121,Wake Forest,2017,8,5,6.29,35.3,5.56,28.3,0.397,0.398,0.6,0.515,0.62,0.0,9.61,9.61
122,Washington,2017,10,3,6.42,36.2,4.42,16.1,0.454,0.378,0.5,0.65,1.0,0.0,5.27,5.27
123,Washington St.,2017,9,4,5.56,30.3,5.13,25.8,0.426,0.285,0.556,0.421,-0.23,0.0,2.89,2.89
124,West Virginia,2017,7,6,6.35,34.5,6.14,31.5,0.335,0.333,0.762,0.72,-0.54,0.0,11.15,11.15
125,Western Ky.,2017,6,7,5.32,25.5,5.52,26.8,0.44,0.435,0.407,0.5,-0.62,0.0,6.0,6.0
126,Western Mich.,2017,6,6,5.46,33.9,5.64,29.0,0.395,0.381,0.6,0.625,0.67,0.0,3.92,3.92
127,Wisconsin,2017,13,1,6.09,33.8,4.42,13.9,0.486,0.291,0.667,0.647,0.36,0.0,7.33,7.33
128,Wyoming,2017,8,5,4.68,23.5,4.67,17.5,0.331,0.366,0.643,0.577,1.85,0.0,4.72,4.72
0,Air Force,2018,5,7,5.64,30.3,5.92,25.8,0.414,0.418,0.6,0.444,-0.08,0.0,15.27,15.27
1,Akron,2018,4,8,4.62,18.9,5.19,27.2,0.29,0.37,0.294,0.5,-0.42,0.0,6.09,6.09
2,Alabama,2018,14,1,7.76,45.6,4.89,18.1,0.521,0.342,0.467,0.458,0.4,0.0,2.67,2.67
3,Appalachian St.,2018,11,2,6.52,37.3,4.43,15.5,0.42,0.317,0.591,0.273,0.46,0.0,3.88,3.88
4,Arizona,2018,5,7,6.23,31.3,5.73,32.6,0.436,0.411,0.5,0.607,-0.33,0.0,7.38,7.38
5,Arizona St.,2018,7,6,6.03,29.9,5.71,25.5,0.417,0.416,0.765,0.643,0.77,0.0,13.55,13.55
6,Arkansas,2018,2,10,4.97,21.7,6.0,34.8,0.31,0.383,0.357,0.467,-0.83,2.0,11.61,11.61
7,Arkansas St.,2018,8,5,6.18,30.3,5.57,25.6,0.4,0.358,0.533,0.5,0.31,0.0,-1.88,-1.88
8,Army West Point,2018,11,2,5.53,32.8,5.58,17.7,0.571,0.266,0.861,0.5,0.77,0.0,7.29,7.29
9,Auburn,2018,8,5,5.67,30.9,5.15,19.2,0.369,0.347,0.5,0.381,0.69,0.0,3.36,3.36
10,Ball St.,2018,4,8,5.31,24.2,5.92,32.4,0.426,0.428,0.6,0.5,-0.33,0.0,10.06,10.06
11,Baylor,2018,7,6,6.04,29.5,6.49,31.7,0.435,0.441,0.591,0.533,-0.69,0.0,8.73,8.73
12,Boise St.,2018,10,3,6.1,35.4,5.64,22.1,0.525,0.311,0.609,0.609,0.85,0.0,15.0,15.0
13,Boston College,2018,7,5,5.42,32.0,5.17,25.7,0.339,0.374,0.5,0.5,0.58,0.0,9.77,9.77
14,Bowling Green,2018,3,9,5.19,24.3,6.45,40.0,0.39,0.449,0.5,0.72,-0.67,0.0,1.3,1.3
15,Buffalo,2018,10,4,5.78,34.6,5.24,25.9,0.424,0.374,0.594,0.656,0.29,0.0,6.0,6.0
16,BYU,2018,7,6,5.54,27.2,4.73,21.4,0.369,0.374,0.45,0.583,0.08,0.0,4.0,4.0
17,California,2018,7,6,4.91,21.5,4.59,20.4,0.354,0.347,0.63,0.545,-0.23,0.0,8.96,8.96
18,Central Mich.,2018,1,11,3.78,15.0,4.96,27.3,0.291,0.393,0.462,0.438,-0.42,0.0,8.52,8.52
19,Charlotte,2018,5,7,4.96,21.7,5.78,26.6,0.421,0.373,0.316,0.294,0.08,1.0,14.5,14.5
20,Cincinnati,2018,11,2,6.12,34.9,4.7,17.2,0.487,0.284,0.478,0.308,0.0,0.0,4.96,4.96
21,Clemson,2018,15,0,7.35,44.3,4.19,13.1,0.46,0.285,0.579,0.357,0.47,1.0,7.12,7.12
22,Coastal Caro.,2018,5,7,5.84,26.7,7.3,33.2,0.422,0.455,0.688,0.471,-0.5,1.0,8.82,8.82
23,Colorado,2018,5,7,5.4,27.1,5.24,27.3,0.361,0.366,0.391,0.545,-0.33,0.0,4.68,4.68
24,Colorado St.,2018,3,9,5.52,22.8,6.8,36.8,0.429,0.393,0.529,0.5,-0.83,1.0,18.1,18.1
25,Duke,2018,8,5,5.52,29.4,5.51,27.4,0.424,0.4,0.429,0.44,-0.54,0.0,8.69,8.69
26,East Carolina,2018,3,9,5.0,22.8,6.14,37.3,0.362,0.389,0.542,0.563,-1.17,0.0,10.7,10.7
27,Eastern Mich.,2018,7,6,5.5,27.0,4.99,22.1,0.331,0.375,0.481,0.414,0.77,0.0,9.88,9.88
28,FIU,2018,9,4,6.38,34.6,5.66,25.2,0.468,0.402,0.652,0.652,0.69,0.0,11.4,11.4
29,Fla. Atlantic,2018,5,7,6.18,31.1,5.94,31.8,0.331,0.417,0.545,0.4,-0.58,0.0,10.14,10.14
30,Florida,2018,10,3,6.23,35.0,5.12,20.0,0.416,0.374,0.55,0.391,0.92,0.0,8.56,8.56
31,Florida St.,2018,5,7,5.12,21.9,5.24,31.5,0.291,0.365,0.5,0.393,-0.92,0.0,11.03,11.03
32,Fresno St.,2018,12,2,6.27,34.6,4.72,14.1,0.446,0.34,0.7,0.519,0.86,0.0,3.5,3.5
33,Ga. Southern,2018,10,3,5.91,30.5,5.45,21.5,0.389,0.385,0.5,0.69,1.69,0.0,5.27,5.27
34,Georgia,2018,11,3,7.05,37.9,4.94,19.2,0.475,0.34,0.615,0.481,0.21,1.0,12.8,12.8
35,Georgia St.,2018,2,10,5.57,23.9,7.73,37.4,0.404,0.493,0.607,0.778,-0.67,0.0,8.57,8.57
36,Georgia Tech,2018,7,6,6.1,33.6,5.97,29.3,0.439,0.507,0.529,0.6,0.62,2.0,6.0,6.0
37,Hawaii,2018,8,6,6.1,30.8,6.3,35.1,0.331,0.424,0.579,0.643,-0.64,0.0,4.52,4.52
38,Houston,2018,8,5,6.6,43.9,5.94,37.2,0.459,0.464,0.5,0.5,0.38,0.0,8.37,8.37
39,Illinois,2018,4,8,5.97,26.0,7.04,39.4,0.345,0.446,0.571,0.588,-0.33,1.0,10.68,10.68
40,Indiana,2018,5,7,5.48,26.4,6.0,29.9,0.424,0.42,0.483,0.737,0.42,0.0,3.8,3.8
41,Iowa,2018,9,4,5.44,31.2,4.56,17.8,0.435,0.343,0.68,0.44,0.69,0.0,4.48,4.48
42,Iowa St.,2018,8,5,5.82,26.8,5.05,22.9,0.396,0.418,0.556,0.5,-0.23,0.0,5.33,5.33
43,Kansas,2018,3,9,5.17,23.8,6.06,30.0,0.391,0.456,0.368,0.444,1.33,0.0,6.37,6.37
44,Kansas St.,2018,5,7,5.19,22.5,5.95,25.4,0.385,0.448,0.45,0.375,0.17,0.0,11.57,11.57
45,Kent St.,2018,2,10,5.04,23.9,6.26,36.7,0.342,0.404,0.538,0.484,-0.08,0.0,14.92,14.92
46,Kentucky,2018,10,3,5.64,26.6,5.24,16.8,0.398,0.382,0.6,0.368,0.15,0.0,11.8,11.8
47,La.-Monroe,2018,6,6,6.21,26.6,6.31,31.8,0.409,0.431,0.563,0.583,-1.0,0.0,11.29,11.29
48,Louisiana,2018,7,7,6.59,31.9,6.32,34.2,0.47,0.452,0.421,0.724,-0.14,1.0,11.5,11.5
49,Louisiana Tech,2018,8,5,5.43,24.7,5.04,23.0,0.403,0.353,0.55,0.68,0.23,0.0,8.43,8.43
50,Louisville,2018,2,10,5.31,19.8,6.88,44.1,0.355,0.519,0.364,0.667,-1.0,1.0,9.96,9.96
51,LSU,2018,10,3,5.5,32.4,4.81,21.8,0.4,0.354,0.75,0.522,0.92,0.0,4.92,4.92
52,Marshall,2018,9,4,5.64,28.2,4.82,21.8,0.402,0.317,0.647,0.44,0.0,0.0,8.16,8.16
53,Maryland,2018,5,7,6.12,28.5,5.56,28.7,0.4,0.391,0.7,0.65,0.75,0.0,9.09,9.09
54,Massachusetts,2018,4,8,6.4,32.8,6.88,42.9,0.367,0.424,0.481,0.5,-0.33,0.0,9.63,9.63
55,Memphis,2018,8,6,7.12,42.9,5.61,31.9,0.471,0.396,0.647,0.559,0.29,0.0,9.4,9.4
56,Miami,2018,7,6,5.59,28.8,4.3,19.5,0.407,0.253,0.435,0.429,-0.08,0.0,10.05,10.05
57,Miami,2018,6,6,5.46,28.1,5.24,25.5,0.374,0.399,0.607,0.667,0.5,0.0,11.31,11.31
58,Michigan,2018,10,3,6.09,35.2,4.58,19.4,0.486,0.337,0.474,0.524,0.38,1.0,9.79,9.79
59,Michigan St.,2018,7,6,4.62,18.7,4.54,17.2,0.335,0.302,0.333,0.353,0.08,0.0,5.39,5.39
60,Middle Tenn.,2018,8,6,5.55,28.0,5.48,26.7,0.378,0.454,0.531,0.37,0.36,0.0,12.33,12.33
61,Minnesota,2018,7,6,5.67,28.9,5.93,26.5,0.398,0.369,0.5,0.625,-0.31,0.0,1.11,1.11
62,Mississippi St.,2018,8,5,6.17,28.5,4.13,13.2,0.415,0.266,0.353,0.348,0.54,0.0,7.43,7.43
63,Missouri,2018,8,5,6.24,36.6,5.68,25.5,0.464,0.342,0.533,0.28,0.08,0.0,10.08,10.08
64,Navy,2018,3,10,5.27,25.0,6.52,33.5,0.38,0.465,0.611,0.724,0.31,1.0,9.4,9.4
65,NC State,2018,9,4,6.06,33.8,5.94,24.9,0.473,0.333,0.588,0.5,0.08,0.0,6.88,6.88
66,Nebraska,2018,4,8,6.31,30.0,5.81,31.3,0.372,0.432,0.45,0.579,-0.17,0.0,11.28,11.28
67,Nevada,2018,8,5,6.03,31.1,5.25,26.9,0.324,0.305,0.533,0.485,-0.46,1.0,4.64,4.64
68,New Mexico,2018,3,9,5.0,26.6,6.32,36.2,0.373,0.433,0.333,0.563,-0.33,0.0,7.52,7.52
69,New Mexico St.,2018,3,9,4.99,25.3,5.94,41.3,0.362,0.464,0.476,0.615,-0.67,1.0,15.48,15.48
70,North Carolina,2018,2,9,5.95,27.4,5.98,34.5,0.345,0.438,0.476,0.5,-0.55,0.0,3.5,3.5
71,North Texas,2018,9,4,6.2,34.6,5.32,24.2,0.373,0.35,0.417,0.45,0.38,0.0,9.1,9.1
72,Northern Ill.,2018,8,6,4.52,20.1,4.78,22.6,0.36,0.389,0.385,0.5,-0.07,0.0,5.53,5.53
73,Northwestern,2018,9,5,4.74,24.2,5.57,23.2,0.387,0.366,0.375,0.348,0.5,0.0,5.95,5.95
74,Notre Dame,2018,12,1,6.0,31.4,4.72,18.2,0.43,0.389,0.64,0.52,0.31,2.0,8.28,8.28
75,Ohio,2018,9,4,7.0,40.1,6.09,24.6,0.487,0.438,0.692,0.467,1.0,0.0,6.33,6.33
76,Ohio St.,2018,13,1,6.63,42.4,5.77,25.5,0.466,0.327,0.667,0.474,0.43,0.0,3.31,3.31
77,Oklahoma,2018,12,2,8.6,48.4,6.13,33.3,0.507,0.464,0.688,0.667,-0.14,1.0,3.5,3.5
78,Oklahoma St.,2018,7,6,6.43,38.4,6.04,32.5,0.448,0.376,0.625,0.526,-0.69,0.0,7.05,7.05
79,Old Dominion,2018,4,8,5.67,30.8,6.24,35.9,0.368,0.4,0.567,0.467,-0.5,1.0,4.27,4.27
80,Ole Miss,2018,5,7,7.12,33.9,6.32,36.2,0.353,0.405,0.5,0.522,0.08,1.0,15.0,15.0
81,Oregon,2018,9,4,5.86,34.8,5.25,25.4,0.429,0.371,0.607,0.4,0.38,0.0,7.36,7.36
82,Oregon St.,2018,2,10,5.31,26.1,7.42,45.7,0.364,0.5,0.694,0.636,-0.83,0.0,5.85,5.85
83,Penn St.,2018,9,4,6.11,33.8,4.72,20.5,0.371,0.336,0.529,0.423,-0.08,1.0,8.57,8.57
84,Pittsburgh,2018,7,7,5.84,25.6,5.84,27.8,0.366,0.4,0.474,0.52,0.14,0.0,7.16,7.16
85,Purdue,2018,6,7,6.35,30.5,5.99,30.0,0.387,0.364,0.526,0.56,-0.38,0.0,5.47,5.47
86,Rice,2018,2,11,4.82,18.9,6.89,36.0,0.287,0.42,0.6,0.462,-0.31,0.0,8.47,8.47
87,Rutgers,2018,1,11,4.14,13.5,5.7,31.4,0.324,0.486,0.474,0.5,-1.17,0.0,6.08,6.08
88,San Diego St.,2018,7,6,5.46,20.6,5.09,22.2,0.35,0.415,0.556,0.467,-0.23,0.0,5.96,5.96
89,San Jose St.,2018,1,11,4.82,21.3,6.22,36.6,0.328,0.411,0.286,0.69,0.08,0.0,10.24,10.24
90,SMU,2018,5,7,5.35,30.4,5.54,35.3,0.33,0.477,0.588,0.667,0.58,2.0,9.76,9.76
91,South Alabama,2018,3,9,5.26,24.2,6.7,38.8,0.35,0.374,0.615,0.476,-0.33,0.0,10.72,10.72
92,South Carolina,2018,7,6,6.24,30.1,5.57,27.2,0.423,0.39,0.4,0.55,-0.38,0.0,7.67,7.67
93,South Fla.,2018,7,6,6.0,28.5,5.84,32.0,0.374,0.414,0.6,0.565,-0.08,0.0,10.17,10.17
94,Southern California,2018,5,7,5.78,26.1,5.36,27.0,0.371,0.399,0.529,0.619,-0.83,0.0,10.47,10.47
95,Southern Miss.,2018,6,5,5.13,26.2,4.56,19.8,0.359,0.344,0.444,0.714,-0.09,0.0,3.13,3.13
96,Stanford,2018,9,4,6.13,28.4,5.66,22.9,0.394,0.377,0.667,0.548,0.23,1.0,5.43,5.43
97,Syracuse,2018,10,3,5.68,40.2,5.83,27.0,0.398,0.286,0.556,0.44,1.0,0.0,9.88,9.88
98,TCU,2018,7,6,5.29,23.5,4.85,23.1,0.368,0.315,0.375,0.48,-0.38,0.0,4.86,4.86
99,Temple,2018,8,5,5.68,34.9,4.67,27.1,0.389,0.421,0.481,0.571,0.46,0.0,10.59,10.59
100,Tennessee,2018,5,7,5.46,22.8,5.67,27.9,0.382,0.39,0.455,0.538,-0.08,0.0,2.0,2.0
101,Texas,2018,10,4,5.51,31.1,5.6,25.9,0.464,0.443,0.8,0.545,0.64,0.0,8.71,8.71
102,Texas A&M,2018,9,4,6.26,36.0,5.77,25.3,0.412,0.302,0.5,0.5,-0.54,0.0,6.29,6.29
103,Texas St.,2018,3,9,5.09,19.8,5.3,27.7,0.319,0.39,0.467,0.591,-0.42,0.0,7.65,7.65
104,Texas Tech,2018,5,7,5.99,37.3,5.95,31.1,0.473,0.377,0.611,0.381,-0.33,1.0,6.17,6.17
105,Toledo,2018,7,6,6.22,40.4,5.84,30.5,0.369,0.344,0.45,0.435,0.23,0.0,11.0,11.0
106,Troy,2018,10,3,5.91,30.7,5.05,22.0,0.381,0.387,0.478,0.65,0.77,0.0,6.0,6.0
107,Tulane,2018,7,6,5.77,26.8,5.56,27.5,0.354,0.337,0.357,0.483,-0.08,0.0,9.42,9.42
108,Tulsa,2018,3,9,5.04,24.1,5.63,29.6,0.43,0.458,0.581,0.364,-0.33,0.0,10.65,10.65
109,UAB,2018,11,3,5.9,29.9,4.79,17.0,0.447,0.26,0.385,0.318,0.0,0.0,8.88,8.88
110,UCF,2018,12,1,6.89,43.2,5.47,22.7,0.503,0.419,0.6,0.433,1.08,0.0,9.54,9.54
111,UCLA,2018,3,9,5.52,24.6,5.99,34.1,0.377,0.48,0.538,0.526,0.08,0.0,17.11,17.11
112,UConn,2018,1,11,5.34,22.2,8.81,50.4,0.424,0.5,0.542,0.684,-1.42,1.0,10.38,10.38
113,UNLV,2018,4,8,5.26,28.8,6.47,37.3,0.374,0.411,0.548,0.688,0.08,0.0,8.3,8.3
114,Utah,2018,9,5,5.71,28.1,4.62,19.4,0.377,0.333,0.55,0.452,-0.36,0.0,5.46,5.46
115,Utah St.,2018,11,2,6.84,47.5,5.0,22.2,0.473,0.33,0.6,0.419,1.08,0.0,13.0,13.0
116,UTEP,2018,1,11,4.92,17.7,5.94,32.8,0.354,0.369,0.333,0.556,-1.42,0.0,5.6,5.6
117,UTSA,2018,3,9,3.91,14.2,6.41,31.2,0.326,0.404,0.5,0.611,0.08,0.0,6.67,6.67
118,Vanderbilt,2018,6,7,6.29,28.5,6.14,26.6,0.368,0.456,0.5,0.632,0.62,0.0,8.13,8.13
119,Virginia,2018,8,5,5.84,28.5,5.27,20.1,0.491,0.403,0.615,0.435,0.15,1.0,3.21,3.21
120,Virginia Tech,2018,6,7,5.87,29.8,6.39,31.0,0.373,0.388,0.556,0.474,0.23,0.0,10.0,10.0
121,Wake Forest,2018,7,6,5.48,32.8,5.87,33.3,0.419,0.422,0.577,0.519,-0.23,1.0,9.52,9.52
122,Washington,2018,10,4,5.99,26.4,4.67,16.4,0.454,0.379,0.524,0.565,0.21,0.0,10.2,10.2
123,Washington St.,2018,11,2,6.13,37.5,5.58,23.3,0.434,0.36,0.692,0.714,0.62,0.0,7.92,7.92
124,West Virginia,2018,8,4,7.07,40.3,5.81,27.2,0.436,0.361,0.563,0.632,0.58,0.0,7.67,7.67
125,Western Ky.,2018,3,9,5.02,21.1,5.87,27.8,0.389,0.372,0.375,0.545,0.17,0.0,10.29,10.29
126,Western Mich.,2018,7,6,5.9,32.0,6.18,34.5,0.365,0.348,0.588,0.5,0.08,1.0,7.85,7.85
127,Wisconsin,2018,8,5,6.4,29.7,5.5,22.6,0.413,0.376,0.417,0.538,0.08,0.0,11.24,11.24
128,Wyoming,2018,6,6,5.15,20.7,4.78,22.0,0.368,0.392,0.333,0.688,0.33,1.0,6.48,6.48
0,Air Force,2019,11,2,6.22,34.1,5.53,19.8,0.535,0.405,0.762,0.464,-0.15,0.0,5.43,5.43
1,Akron,2019,0,12,4.02,10.5,5.7,36.3,0.264,0.53,0.318,0.533,-1.25,0.0,5.61,5.61
2,Alabama,2019,11,2,7.89,47.2,4.81,18.6,0.523,0.357,0.684,0.368,1.38,0.0,9.18,9.18
3,Appalachian St.,2019,13,1,6.26,38.8,5.01,20.0,0.445,0.307,0.813,0.577,1.07,0.0,3.65,3.65
4,Arizona,2019,4,8,6.05,26.9,6.36,35.8,0.441,0.47,0.65,0.333,-0.25,0.0,8.0,8.0
5,Arizona St.,2019,8,5,5.74,24.8,5.51,22.4,0.385,0.411,0.563,0.542,1.08,0.0,7.7,7.7
6,Arkansas,2019,2,10,5.21,21.4,6.54,36.8,0.333,0.455,0.4,0.563,-0.42,0.0,4.5,4.5
7,Arkansas St.,2019,8,5,6.17,33.7,6.11,34.2,0.404,0.379,0.565,0.556,-0.23,1.0,8.62,8.62
8,Army West Point,2019,5,8,5.67,28.5,5.64,23.0,0.452,0.448,0.667,0.5,-0.08,0.0,4.11,4.11
9,Auburn,2019,9,4,5.58,33.2,4.84,19.5,0.405,0.299,0.467,0.4,0.46,1.0,17.29,17.29
10,Ball St.,2019,5,7,6.11,34.8,5.82,31.4,0.413,0.411,0.522,0.476,0.67,0.0,15.15,15.15
11,Baylor,2019,11,3,6.22,33.6,4.89,19.8,0.417,0.388,0.4,0.577,0.79,1.0,6.0,6.0
12,Boise St.,2019,12,2,6.05,34.7,5.22,21.9,0.477,0.389,0.588,0.379,0.0,0.0,5.93,5.93
13,Boston College,2019,6,7,5.79,29.0,6.33,32.2,0.43,0.464,0.542,0.682,0.38,0.0,5.52,5.52
14,Bowling Green,2019,3,9,4.56,16.0,7.03,38.6,0.332,0.442,0.219,0.471,-0.5,0.0,6.82,6.82
15,Buffalo,2019,8,5,5.39,31.5,4.87,21.3,0.448,0.337,0.64,0.424,0.62,0.0,11.0,11.0
16,BYU,2019,7,6,6.18,28.5,5.6,25.5,0.425,0.404,0.368,0.476,0.08,0.0,11.5,11.5
17,California,2019,8,5,5.08,21.2,5.37,21.9,0.376,0.405,0.375,0.571,0.23,0.0,8.05,8.05
18,Central Mich.,2019,8,6,6.08,30.4,5.42,28.3,0.405,0.337,0.567,0.375,-0.79,0.0,9.38,9.38
19,Charlotte,2019,7,6,6.35,29.8,6.01,32.4,0.413,0.417,0.565,0.789,-0.31,2.0,12.53,12.53
20,Cincinnati,2019,11,3,5.5,29.6,5.13,20.6,0.434,0.382,0.647,0.263,0.43,1.0,4.94,4.94
21,Clemson,2019,14,1,7.38,43.9,4.46,13.5,0.442,0.309,0.5,0.435,1.0,0.0,7.56,7.56
22,Coastal Carolina,2019,5,7,5.53,30.3,6.05,30.5,0.407,0.466,0.793,0.706,0.0,0.0,6.43,6.43
23,Colorado,2019,5,7,5.5,23.5,6.51,31.8,0.413,0.474,0.6,0.538,0.25,0.0,13.33,13.33
24,Colorado St.,2019,4,8,6.24,28.1,5.58,31.2,0.396,0.357,0.524,0.682,-0.92,1.0,5.53,5.53
25,Duke,2019,5,7,4.53,25.3,5.35,29.2,0.332,0.372,0.606,0.524,-0.92,1.0,9.65,9.65
26,East Carolina,2019,4,8,5.74,26.8,6.52,33.7,0.393,0.424,0.429,0.565,0.08,0.0,10.75,10.75
27,Eastern Mich.,2019,6,7,5.97,29.2,6.07,30.6,0.399,0.448,0.48,0.75,0.31,1.0,11.7,11.7
28,FIU,2019,6,7,5.59,26.5,5.7,27.2,0.38,0.393,0.542,0.6,0.23,1.0,-0.44,-0.44
29,Fla. Atlantic,2019,11,3,5.96,36.4,5.35,22.7,0.403,0.313,0.591,0.464,1.5,0.0,8.93,8.93
30,Florida,2019,11,2,6.47,33.2,4.9,15.5,0.411,0.364,0.615,0.3,0.38,0.0,1.29,1.29
31,Florida St.,2019,6,7,5.84,27.9,5.31,27.8,0.356,0.404,0.579,0.524,-0.23,0.0,5.65,5.65
32,Fresno St.,2019,4,8,6.04,30.0,5.73,30.1,0.377,0.421,0.462,0.556,0.33,1.0,4.25,4.25
33,Ga. Southern,2019,7,6,5.19,28.2,5.66,28.2,0.307,0.337,0.429,0.531,0.62,1.0,3.3,3.3
34,Georgia,2019,12,2,6.08,30.8,4.29,12.6,0.412,0.316,0.6,0.261,0.21,0.0,8.83,8.83
35,Georgia St.,2019,7,6,5.83,31.2,6.68,36.2,0.456,0.453,0.481,0.542,0.08,0.0,9.53,9.53
36,Georgia Tech,2019,3,9,4.79,16.7,5.83,32.4,0.301,0.452,0.471,0.684,-0.33,0.0,11.43,11.43
37,Hawaii,2019,10,5,6.69,33.9,6.29,31.9,0.473,0.412,0.606,0.462,-0.73,0.0,13.75,13.75
38,Houston,2019,4,8,6.02,30.7,6.81,34.0,0.348,0.399,0.706,0.565,-0.58,0.0,7.21,7.21
39,Illinois,2019,6,7,5.0,26.7,5.6,26.2,0.354,0.372,0.333,0.636,0.77,0.0,8.56,8.56
40,Indiana,2019,8,5,5.99,31.8,5.37,24.4,0.469,0.352,0.444,0.522,0.15,0.0,9.14,9.14
41,Iowa,2019,10,3,5.52,25.8,4.8,14.0,0.407,0.379,0.714,0.308,0.69,0.0,6.64,6.64
42,Iowa St.,2019,7,6,6.45,32.2,5.36,25.9,0.381,0.414,0.429,0.533,-0.23,1.0,6.19,6.19
43,Kansas,2019,3,9,5.86,23.5,6.15,36.1,0.392,0.523,0.35,0.5,-1.0,0.0,15.22,15.22
44,Kansas St.,2019,8,5,5.55,29.6,6.17,21.4,0.431,0.28,0.6,0.412,0.08,0.0,12.6,12.6
45,Kent St.,2019,7,6,5.83,29.2,6.32,31.8,0.439,0.454,0.667,0.696,0.46,0.0,2.6,2.6
46,Kentucky,2019,8,5,6.15,27.2,5.3,19.3,0.389,0.392,0.519,0.353,-0.08,0.0,8.64,8.64
47,La.-Monroe,2019,5,7,6.37,31.6,6.71,38.7,0.4,0.424,0.571,0.524,0.0,1.0,9.0,9.0
48,Liberty,2019,8,5,6.44,32.8,5.74,28.1,0.407,0.423,0.313,0.458,0.15,0.0,8.2,8.2
49,Louisiana,2019,11,3,7.01,37.9,5.45,19.7,0.476,0.362,0.529,0.407,0.36,0.0,7.58,7.58
50,Louisiana Tech,2019,10,3,6.09,32.5,5.22,21.8,0.414,0.349,0.375,0.484,0.54,1.0,9.14,9.14
51,Louisville,2019,8,5,6.68,33.1,6.33,33.4,0.431,0.379,0.609,0.435,-0.08,0.0,4.89,4.89
52,LSU,2019,15,0,7.89,48.4,5.11,21.9,0.497,0.296,0.667,0.484,0.67,0.0,13.0,13.0
53,Marshall,2019,8,5,5.77,25.8,5.54,25.0,0.385,0.391,0.429,0.421,-0.15,0.0,6.16,6.16
54,Maryland,2019,3,9,5.37,25.3,5.95,34.7,0.321,0.433,0.308,0.444,-0.42,1.0,4.0,4.0
55,Massachusetts,2019,1,11,4.28,19.8,7.77,52.7,0.346,0.514,0.379,0.611,0.08,0.0,11.93,11.93
56,Memphis,2019,12,2,6.85,40.4,5.37,26.4,0.461,0.395,0.583,0.484,-0.07,0.0,6.69,6.69
57,Miami,2019,6,7,5.66,25.7,4.74,20.2,0.272,0.371,0.52,0.706,0.23,0.0,5.5,5.5
58,Miami,2019,8,6,4.97,24.1,5.27,28.1,0.333,0.404,0.353,0.517,0.14,0.0,11.65,11.65
59,Michigan,2019,9,4,5.77,31.7,4.72,20.7,0.391,0.324,0.545,0.591,0.0,1.0,7.05,7.05
60,Michigan St.,2019,7,6,5.19,22.4,4.96,22.5,0.365,0.348,0.619,0.476,-0.15,0.0,9.24,9.24
61,Middle Tenn.,2019,4,8,6.36,26.3,6.21,29.9,0.351,0.436,0.529,0.586,0.25,0.0,6.81,6.81
62,Minnesota,2019,11,2,6.36,34.1,5.06,22.5,0.484,0.376,0.65,0.556,0.31,1.0,0.17,0.17
63,Mississippi St.,2019,6,7,6.16,27.6,6.3,28.8,0.389,0.387,0.389,0.529,0.08,1.0,8.89,8.89
64,Missouri,2019,6,6,5.27,25.3,4.86,19.4,0.365,0.331,0.538,0.357,0.08,0.0,9.83,9.83
65,Navy,2019,11,2,6.76,37.2,5.26,22.3,0.462,0.327,0.765,0.538,0.46,2.0,8.67,8.67
66,NC State,2019,4,8,5.18,22.1,5.59,30.1,0.355,0.41,0.483,0.75,-1.08,0.0,6.83,6.83
67,Nebraska,2019,5,7,5.76,28.0,5.61,27.8,0.412,0.401,0.435,0.438,0.0,2.0,2.27,2.27
68,Nevada,2019,7,6,5.02,21.3,6.07,31.9,0.371,0.351,0.583,0.6,-0.38,1.0,7.16,7.16
69,New Mexico,2019,2,10,5.77,22.3,6.71,37.2,0.367,0.422,0.375,0.667,-1.25,0.0,7.28,7.28
70,New Mexico St.,2019,2,10,5.21,21.7,6.58,41.0,0.322,0.451,0.615,0.727,-1.25,1.0,9.48,9.48
71,North Carolina,2019,7,6,6.43,33.1,5.43,23.7,0.414,0.372,0.652,0.5,0.62,0.0,8.69,8.69
72,North Texas,2019,4,8,5.91,30.6,5.73,32.5,0.37,0.418,0.563,0.5,-0.5,2.0,10.62,10.62
73,Northern Ill.,2019,5,7,5.22,22.8,6.08,28.2,0.322,0.34,0.522,0.444,-0.5,0.0,6.47,6.47
74,Northwestern,2019,3,9,4.23,16.3,5.06,23.6,0.358,0.406,0.393,0.385,-0.83,0.0,2.82,2.82
75,Notre Dame,2019,11,2,6.33,36.8,4.68,17.9,0.402,0.323,0.68,0.455,1.31,0.0,3.89,3.89
76,Ohio,2019,7,6,6.68,34.3,5.95,26.5,0.494,0.395,0.556,0.579,-0.31,0.0,6.13,6.13
77,Ohio St.,2019,13,1,6.94,46.9,4.13,13.7,0.552,0.291,0.615,0.35,0.64,0.0,3.0,3.0
78,Oklahoma,2019,12,2,7.96,42.1,5.63,27.3,0.497,0.322,0.667,0.417,-0.57,0.0,9.2,9.2
79,Oklahoma St.,2019,8,5,6.39,32.5,5.79,26.8,0.389,0.393,0.524,0.381,-0.08,0.0,1.64,1.64
80,Old Dominion,2019,1,11,4.06,16.3,5.66,29.8,0.311,0.394,0.606,0.455,-0.08,0.0,6.37,6.37
81,Ole Miss,2019,4,8,6.0,26.6,5.82,26.5,0.368,0.399,0.531,0.6,0.08,0.0,11.67,11.67
82,Oregon,2019,12,2,6.34,35.4,4.73,16.5,0.418,0.332,0.52,0.424,1.14,1.0,7.42,7.42
83,Oregon St.,2019,5,7,5.95,31.2,6.05,32.5,0.423,0.444,0.542,0.778,0.83,1.0,10.22,10.22
84,Penn St.,2019,11,2,6.05,35.8,4.82,16.0,0.424,0.36,0.611,0.577,0.62,0.0,1.7,1.7
85,Pittsburgh,2019,8,5,5.18,21.2,4.5,22.5,0.398,0.333,0.471,0.556,-0.62,0.0,10.33,10.33
86,Purdue,2019,4,8,5.47,25.8,6.02,30.6,0.408,0.406,0.5,0.611,-0.67,0.0,5.88,5.88
87,Rice,2019,3,9,4.69,17.9,5.97,25.9,0.382,0.455,0.444,0.6,-0.42,1.0,3.72,3.72
88,Rutgers,2019,2,10,4.46,13.3,6.22,36.7,0.345,0.442,0.429,0.524,-1.08,1.0,6.7,6.7
89,San Diego St.,2019,10,3,4.78,21.2,4.65,12.7,0.382,0.341,0.565,0.429,1.46,0.0,7.63,7.63
90,San Jose St.,2019,5,7,6.37,30.1,5.8,31.9,0.409,0.472,0.438,0.615,0.83,1.0,12.18,12.18
91,SMU,2019,10,3,6.14,41.8,5.76,33.4,0.439,0.376,0.733,0.469,0.31,1.0,4.79,4.79
92,South Alabama,2019,2,10,5.01,18.4,5.77,30.7,0.305,0.413,0.462,0.588,-0.5,0.0,12.71,12.71
93,South Carolina,2019,4,8,5.18,22.4,5.53,26.1,0.321,0.383,0.481,0.357,0.25,0.0,13.83,13.83
94,South Fla.,2019,4,8,5.14,20.8,5.39,28.9,0.39,0.463,0.438,0.556,0.42,1.0,9.28,9.28
95,Southern California,2019,8,5,6.52,32.5,5.73,29.4,0.456,0.407,0.6,0.526,-0.77,2.0,5.7,5.7
96,Southern Miss.,2019,7,6,6.07,26.6,5.71,26.2,0.386,0.311,0.471,0.688,-0.85,1.0,6.92,6.92
97,Stanford,2019,4,8,5.59,21.7,6.3,29.8,0.392,0.452,0.308,0.625,-0.08,0.0,8.0,8.0
98,Syracuse,2019,5,7,5.21,28.3,6.07,30.7,0.38,0.427,0.393,0.368,0.75,0.0,1.7,1.7
99,TCU,2019,5,7,5.41,30.3,5.26,26.4,0.47,0.349,0.417,0.4,0.0,0.0,6.36,6.36
100,Temple,2019,8,5,5.36,26.3,4.93,25.9,0.378,0.379,0.417,0.5,0.0,0.0,7.5,7.5
101,Tennessee,2019,8,5,5.79,24.2,5.01,21.7,0.432,0.393,0.167,0.464,-0.08,0.0,6.21,6.21
102,Texas,2019,8,5,6.37,35.2,6.11,27.5,0.489,0.391,0.368,0.4,0.38,1.0,3.33,3.33
103,Texas A&M,2019,8,5,5.82,29.5,5.25,22.5,0.4,0.316,0.636,0.643,-0.46,0.0,15.61,15.61
104,Texas St.,2019,3,9,4.97,18.4,5.72,32.6,0.341,0.462,0.308,0.6,-0.75,0.0,6.79,6.79
105,Texas Tech,2019,4,8,6.09,30.5,6.59,30.3,0.382,0.417,0.48,0.533,0.33,1.0,5.22,5.22
106,Toledo,2019,6,6,6.09,27.3,6.62,32.2,0.38,0.42,0.581,0.435,-0.67,0.0,8.18,8.18
107,Troy,2019,5,7,6.13,33.8,6.2,34.8,0.469,0.463,0.591,0.529,-0.17,1.0,5.88,5.88
108,Tulane,2019,7,6,6.16,33.1,5.49,26.3,0.389,0.39,0.588,0.538,-0.15,0.0,12.18,12.18
109,Tulsa,2019,4,8,5.32,26.4,5.67,31.3,0.429,0.341,0.565,0.677,-0.08,1.0,9.04,9.04
110,UAB,2019,9,5,5.5,23.1,4.71,21.6,0.313,0.283,0.4,0.414,-0.57,0.0,5.74,5.74
111,UCF,2019,10,3,6.92,43.4,4.57,23.0,0.405,0.293,0.576,0.64,0.46,1.0,13.7,13.7
112,UCLA,2019,4,8,5.31,26.7,6.71,34.8,0.421,0.442,0.448,0.412,-0.67,0.0,10.62,10.62
113,UConn,2019,2,10,5.11,18.9,7.0,40.5,0.294,0.5,0.4,0.4,-0.67,0.0,5.14,5.14
114,UNLV,2019,4,8,5.41,24.2,6.26,33.0,0.286,0.39,0.515,0.429,-0.33,1.0,11.21,11.21
115,Utah,2019,11,3,6.59,32.3,4.64,15.0,0.463,0.301,0.44,0.545,0.64,0.0,12.27,12.27
116,Utah St.,2019,7,6,5.81,29.2,5.64,30.7,0.426,0.463,0.333,0.333,-0.15,0.0,10.89,10.89
117,UTEP,2019,1,11,5.14,19.6,6.76,35.9,0.352,0.523,0.72,0.9,-0.33,0.0,4.31,4.31
118,UTSA,2019,4,8,5.05,20.3,6.52,33.9,0.363,0.379,0.548,0.526,-0.5,0.0,11.0,11.0
119,Vanderbilt,2019,3,9,4.83,16.5,6.57,31.8,0.295,0.391,0.381,0.429,-0.17,0.0,6.38,6.38
120,Virginia,2019,9,5,5.66,32.1,5.75,27.1,0.453,0.36,0.563,0.52,-0.21,0.0,12.9,12.9
121,Virginia Tech,2019,8,5,5.67,30.8,5.26,24.7,0.385,0.371,0.692,0.567,-0.31,0.0,8.61,8.61
122,Wake Forest,2019,8,5,5.72,31.8,5.78,29.1,0.472,0.318,0.412,0.625,0.62,3.0,15.65,15.65
123,Washington,2019,8,5,5.83,32.0,5.11,19.4,0.357,0.372,0.719,0.609,0.62,0.0,4.89,4.89
124,Washington St.,2019,6,7,7.14,37.8,6.64,31.4,0.426,0.42,0.591,0.565,-0.46,1.0,14.5,14.5
125,West Virginia,2019,5,7,4.9,20.6,5.48,28.8,0.346,0.399,0.526,0.6,-0.5,0.0,6.25,6.25
126,Western Ky.,2019,9,4,5.6,25.4,5.22,20.1,0.41,0.297,0.6,0.5,-0.46,0.0,6.84,6.84
127,Western Mich.,2019,7,6,6.33,33.1,5.85,25.9,0.453,0.415,0.571,0.381,0.62,1.0,8.56,8.56
128,Wisconsin,2019,10,4,6.3,34.1,4.79,16.9,0.481,0.273,0.783,0.444,0.0,0.0,6.93,6.93
129,Wyoming,2019,8,5,5.49,25.4,5.03,17.8,0.433,0.375,0.5,0.48,0.38,0.0,6.95,6.95
0,Air Force,2020,3,3,6.26,24.3,5.06,15.0,0.485,0.466,0.727,0.3,0.0,1.0,3.75,3.75
1,Akron,2020,1,5,4.69,17.2,7.56,41.3,0.333,0.534,0.444,0.571,-0.5,0.0,7.2,7.2
2,Alabama,2020,11,0,7.83,49.7,5.04,19.5,0.592,0.406,0.429,0.579,0.91,0.0,4.75,4.75
3,App State,2020,9,3,6.42,33.8,4.94,20.0,0.512,0.378,0.55,0.481,0.08,1.0,2.17,2.17
4,Arizona,2020,0,5,4.95,17.4,6.74,39.8,0.329,0.429,0.25,0.625,-1.8,1.0,10.17,10.17
5,Arizona St.,2020,2,2,7.28,40.2,5.41,23.2,0.467,0.449,0.333,0.5,2.0,0.0,7.0,7.0
6,Arkansas,2020,3,7,5.77,25.7,5.65,34.9,0.338,0.468,0.636,0.583,0.5,0.0,11.43,11.43
7,Arkansas St.,2020,4,7,6.35,32.9,6.3,37.2,0.399,0.417,0.5,0.48,-0.36,0.0,6.3,6.3
8,Army West Point,2020,9,2,4.92,27.3,5.04,14.0,0.458,0.354,0.71,0.438,0.45,0.0,5.43,5.43
9,Auburn,2020,6,4,5.62,25.7,5.66,23.7,0.476,0.514,0.25,0.4,0.5,0.0,3.43,3.43
10,Ball St.,2020,6,1,5.81,34.3,6.05,27.6,0.476,0.391,0.545,0.353,1.0,0.0,2.56,2.56
11,Baylor,2020,2,7,4.44,23.3,5.52,29.2,0.331,0.392,0.6,0.692,0.89,0.0,8.38,8.38
12,Boise St.,2020,5,2,5.42,33.9,5.26,27.1,0.433,0.271,0.571,0.684,-0.57,0.0,7.85,7.85
13,Boston College,2020,6,5,5.65,27.8,6.11,28.4,0.442,0.404,0.643,0.812,0.64,0.0,5.77,5.77
14,Bowling Green,2020,0,5,5.2,11.4,6.68,45.0,0.262,0.514,0.214,0.556,-2.0,1.0,5.33,5.33
15,Buffalo,2020,6,1,7.33,43.4,5.2,21.9,0.481,0.313,0.538,0.562,0.57,0.0,0.0,0.0
16,BYU,2020,11,1,7.84,43.5,4.8,15.3,0.492,0.392,0.545,0.4,0.75,0.0,8.89,8.89
17,California,2020,1,3,4.47,20.2,5.69,26.5,0.373,0.407,0.5,0.5,0.0,0.0,14.0,14.0
18,Central Mich.,2020,3,3,5.82,31.3,5.85,30.2,0.282,0.449,0.579,0.375,1.0,1.0,4.6,4.6
19,Charlotte,2020,2,4,5.45,27.0,6.55,32.5,0.406,0.464,0.583,0.2,0.33,0.0,8.25,8.25
20,Cincinnati,2020,9,0,6.87,39.3,4.37,16.0,0.483,0.357,0.692,0.391,0.44,0.0,7.55,7.55
21,Clemson,2020,10,1,6.72,44.9,4.63,17.5,0.467,0.304,0.769,0.368,0.82,0.0,8.67,8.67
22,Coastal Carolina,2020,11,0,6.64,37.5,5.36,18.7,0.543,0.374,0.8,0.4,1.0,0.0,7.57,7.57
23,Colorado,2020,4,1,5.61,29.6,5.41,27.0,0.468,0.338,0.2,0.125,0.0,0.0,13.0,13.0
24,Colorado St.,2020,1,3,4.76,22.2,4.82,35.8,0.22,0.403,0.375,0.667,0.25,1.0,15.29,15.29
25,Duke,2020,2,9,5.03,24.8,6.25,38.1,0.387,0.413,0.478,0.667,-1.73,0.0,0.75,0.75
26,East Carolina,2020,3,6,5.53,30.2,6.21,35.4,0.333,0.372,0.556,0.471,-0.33,0.0,7.0,7.0
27,Eastern Mich.,2020,2,4,5.75,33.2,6.39,36.0,0.42,0.373,0.786,0.867,0.0,0.0,0.75,0.75
28,FIU,2020,0,5,4.59,22.4,5.76,32.4,0.359,0.405,0.417,0.5,-0.2,0.0,-0.43,-0.43
29,Fla. Atlantic,2020,5,4,4.91,18.9,5.12,17.4,0.388,0.4,0.478,0.353,0.0,1.0,9.83,9.83
30,Florida,2020,8,3,7.4,41.6,5.69,28.6,0.52,0.409,0.6,0.652,-0.18,0.0,10.33,10.33
31,Florida St.,2020,3,6,5.54,25.8,6.47,36.0,0.356,0.465,0.536,0.462,-0.33,0.0,4.79,4.79
32,Fresno St.,2020,3,3,6.2,32.8,6.14,30.0,0.432,0.485,0.615,0.556,0.0,1.0,9.71,9.71
33,Ga. Southern,2020,8,5,5.93,27.2,5.11,20.8,0.405,0.343,0.471,0.621,0.69,2.0,14.17,14.17
34,Georgia,2020,7,2,6.12,33.2,4.87,19.9,0.492,0.373,0.364,0.571,-0.11,0.0,6.33,6.33
35,Georgia St.,2020,5,4,5.66,32.7,5.68,32.9,0.431,0.367,0.615,0.522,-0.11,0.0,5.47,5.47
36,Georgia Tech,2020,3,7,5.64,23.9,5.86,36.8,0.411,0.467,0.36,0.478,-0.7,0.0,10.38,10.38
37,Hawaii,2020,5,4,5.4,26.2,5.7,27.6,0.391,0.417,0.769,0.615,0.56,1.0,12.3,12.3
38,Houston,2020,3,5,5.54,30.0,5.78,32.0,0.4,0.379,0.737,0.538,-1.25,1.0,-1.25,-1.25
39,Illinois,2020,2,6,5.36,20.1,6.56,34.9,0.381,0.43,0.467,0.684,0.75,1.0,9.29,9.29
40,Indiana,2020,6,1,5.17,30.1,5.41,19.4,0.378,0.367,0.455,0.182,1.43,0.0,7.0,7.0
41,Iowa,2020,6,2,5.42,31.8,4.34,16.0,0.336,0.403,0.667,0.5,1.12,0.0,5.17,5.17
42,Iowa St.,2020,8,3,6.53,32.8,5.28,21.8,0.437,0.345,0.692,0.474,0.0,2.0,12.29,12.29
43,Kansas,2020,0,9,3.66,15.8,6.63,46.0,0.232,0.418,0.417,0.8,-0.44,2.0,16.52,16.52
44,Kansas St.,2020,4,6,5.61,26.6,6.11,32.2,0.331,0.401,0.6,0.529,-0.3,0.0,2.0,2.0
45,Kent St.,2020,3,1,7.44,49.8,6.5,38.0,0.561,0.438,0.875,0.429,0.25,0.0,-1.0,-1.0
46,Kentucky,2020,4,6,5.1,21.7,5.54,26.4,0.38,0.426,0.467,0.682,0.7,0.0,14.42,14.42
47,Liberty,2020,9,1,6.72,38.3,5.0,19.2,0.482,0.323,0.75,0.421,0.3,1.0,6.5,6.5
48,Louisiana,2020,9,1,6.31,33.9,4.76,21.8,0.421,0.438,0.409,0.56,0.9,0.0,6.31,6.31
49,Louisiana Tech,2020,5,5,4.49,26.7,6.11,34.7,0.385,0.475,0.889,0.55,-0.2,1.0,2.56,2.56
50,Louisville,2020,4,7,6.65,29.5,5.77,26.6,0.448,0.396,0.542,0.4,-1.09,0.0,11.17,11.17
51,LSU,2020,5,5,5.52,32.0,7.26,34.9,0.346,0.373,0.706,0.5,0.9,1.0,7.7,7.7
52,Marshall,2020,7,3,5.86,28.5,4.4,13.0,0.453,0.345,0.381,0.5,0.3,0.0,5.6,5.6
53,Maryland,2020,2,3,6.6,23.6,5.36,32.0,0.379,0.417,1.0,0.667,-1.4,0.0,5.17,5.17
54,Massachusetts,2020,0,4,3.46,3.0,6.91,40.2,0.255,0.519,0.444,0.571,-1.0,0.0,30.0,30.0
55,Memphis,2020,8,3,6.09,31.0,5.68,27.9,0.448,0.36,0.583,0.667,0.09,0.0,5.89,5.89
56,Miami,2020,8,2,5.97,34.0,5.66,26.0,0.418,0.381,0.714,0.529,0.6,1.0,7.38,7.38
57,Miami,2020,2,1,5.92,28.7,6.06,26.7,0.415,0.462,0.667,0.667,0.0,0.0,0.0,0.0
58,Michigan,2020,2,4,5.95,28.3,5.59,34.5,0.365,0.462,0.444,0.625,-0.33,0.0,2.4,2.4
59,Michigan St.,2020,2,5,4.81,18.0,5.27,35.1,0.327,0.383,0.417,0.545,-1.29,0.0,17.13,17.13
60,Middle Tenn.,2020,3,6,5.18,22.9,6.05,35.4,0.426,0.536,0.5,0.6,-0.22,0.0,5.14,5.14
61,Minnesota,2020,3,4,5.71,27.3,6.9,30.1,0.477,0.408,0.538,0.6,0.0,0.0,3.5,3.5
62,Mississippi St.,2020,3,7,4.95,20.7,5.48,28.3,0.324,0.392,0.611,0.421,-0.9,0.0,7.0,7.0
63,Missouri,2020,5,5,5.63,26.7,6.1,32.3,0.433,0.376,0.556,0.722,-0.5,0.0,2.33,2.33
64,Navy,2020,3,7,4.53,16.6,5.99,30.3,0.338,0.381,0.667,0.667,-0.2,0.0,7.78,7.78
65,NC State,2020,8,3,5.61,31.1,5.47,29.7,0.443,0.376,0.6,0.536,-0.27,1.0,10.95,10.95
66,Nebraska,2020,3,5,5.56,23.1,5.46,29.4,0.365,0.405,0.615,0.65,-1.38,1.0,12.17,12.17
67,Nevada,2020,7,2,6.46,30.8,5.4,23.3,0.415,0.356,0.667,0.48,0.0,1.0,8.89,8.89
68,New Mexico,2020,2,5,5.47,23.9,6.8,32.6,0.43,0.427,0.25,0.545,0.57,0.0,8.0,8.0
69,North Carolina,2020,8,3,7.81,43.0,5.67,28.4,0.476,0.379,0.625,0.5,-0.09,0.0,7.9,7.9
70,North Texas,2020,4,6,6.59,34.4,6.94,42.8,0.467,0.472,0.458,0.429,-0.6,0.0,4.91,4.91
71,Northern Ill.,2020,0,6,4.99,24.8,6.63,38.7,0.286,0.311,0.632,0.636,-0.5,1.0,5.22,5.22
72,Northwestern,2020,6,2,4.71,23.4,4.81,15.5,0.391,0.314,0.714,0.6,0.38,0.0,2.5,2.5
73,Notre Dame,2020,10,1,6.35,35.2,5.37,18.6,0.493,0.294,0.615,0.444,0.64,0.0,2.18,2.18
74,Ohio,2020,2,1,6.36,34.3,5.48,16.7,0.375,0.341,0.0,0.364,1.33,0.0,0.0,0.0
75,Ohio St.,2020,6,0,7.28,42.5,5.42,21.0,0.512,0.341,0.714,0.545,1.33,0.0,26.67,26.67
76,Oklahoma,2020,8,2,6.65,41.8,5.06,21.9,0.405,0.277,0.8,0.667,0.4,0.0,6.7,6.7
77,Oklahoma St.,2020,7,3,5.58,29.5,5.18,22.4,0.424,0.263,0.444,0.632,-0.2,1.0,-1.82,-1.82
78,Ole Miss,2020,4,5,7.06,40.7,6.96,40.3,0.504,0.475,0.645,0.714,-0.78,0.0,10.8,10.8
79,Oregon,2020,4,2,6.75,33.7,5.51,27.3,0.471,0.381,0.6,0.65,-0.83,0.0,7.44,7.44
80,Oregon St.,2020,2,5,5.83,28.9,6.49,33.3,0.404,0.467,0.632,0.556,-0.29,0.0,20.71,20.71
81,Penn St.,2020,4,5,5.46,29.8,5.06,27.7,0.421,0.37,0.5,0.357,-0.78,0.0,7.1,7.1
82,Pittsburgh,2020,6,5,5.13,29.0,4.88,24.5,0.364,0.353,0.5,0.55,0.36,0.0,9.22,9.22
83,Purdue,2020,2,4,5.7,27.2,5.38,29.8,0.375,0.437,0.545,0.462,0.17,1.0,16.71,16.71
84,Rice,2020,2,3,4.75,23.4,5.69,18.8,0.382,0.409,0.545,0.0,0.2,0.0,5.29,5.29
85,Rutgers,2020,3,6,4.64,26.7,5.88,32.1,0.34,0.388,0.478,0.625,0.67,1.0,3.67,3.67
86,San Diego St.,2020,4,4,5.01,24.6,4.36,17.8,0.367,0.298,0.471,0.8,0.25,0.0,10.0,10.0
87,San Jose St.,2020,7,0,6.8,30.9,4.84,17.9,0.416,0.39,0.4,0.5,0.57,0.0,23.0,23.0
88,SMU,2020,7,3,6.57,38.6,5.64,30.9,0.469,0.434,0.389,0.591,0.5,0.0,7.5,7.5
89,South Alabama,2020,4,7,5.12,19.9,6.44,27.3,0.395,0.413,0.471,0.385,-0.09,0.0,12.62,12.62
90,South Carolina,2020,2,8,5.35,23.5,6.56,36.0,0.365,0.484,0.739,0.533,-0.4,1.0,12.75,12.75
91,South Fla.,2020,1,8,5.06,23.1,6.06,39.9,0.306,0.5,0.292,0.733,-0.44,1.0,15.16,15.16
92,Southern California,2020,5,1,5.57,33.3,5.49,26.0,0.438,0.392,0.667,0.417,0.83,0.0,12.2,12.2
93,Southern Miss.,2020,3,7,5.79,25.3,5.76,32.3,0.422,0.479,0.353,0.667,-0.3,0.0,4.0,4.0
94,Stanford,2020,4,2,6.0,29.3,6.58,31.7,0.482,0.513,0.857,1.0,0.33,0.0,5.43,5.43
95,Syracuse,2020,1,10,4.45,17.8,5.82,32.7,0.261,0.474,0.333,0.647,0.27,0.0,6.54,6.54
96,TCU,2020,6,4,6.0,30.8,5.32,24.2,0.375,0.329,0.538,0.615,0.2,0.0,6.44,6.44
97,Temple,2020,1,6,4.65,19.9,6.41,37.1,0.379,0.44,0.571,0.909,-0.29,1.0,11.59,11.59
98,Tennessee,2020,3,7,5.25,21.5,5.83,30.1,0.302,0.476,0.667,0.444,-0.5,0.0,1.0,1.0
99,Texas,2020,6,3,6.36,41.3,5.27,29.1,0.39,0.366,0.6,0.231,0.78,0.0,9.42,9.42
100,Texas A&M,2020,8,1,6.38,31.7,5.4,21.1,0.567,0.352,0.286,0.636,0.56,0.0,-2.0,-2.0
101,Texas St.,2020,2,10,5.7,27.7,6.32,38.2,0.331,0.492,0.385,0.667,-0.25,0.0,8.13,8.13
102,Texas Tech,2020,4,6,5.84,29.1,5.73,36.7,0.369,0.414,0.583,0.571,-0.9,1.0,13.58,13.58
103,Toledo,2020,4,2,6.42,35.0,5.35,24.3,0.482,0.274,0.462,0.538,-0.5,0.0,3.83,3.83
104,Troy,2020,5,6,5.51,27.4,5.53,25.7,0.457,0.381,0.588,0.464,-0.36,0.0,2.91,2.91
105,Tulane,2020,6,6,5.7,34.7,5.63,28.1,0.34,0.4,0.545,0.485,0.42,1.0,6.68,6.68
106,Tulsa,2020,6,2,5.63,27.2,4.72,20.8,0.385,0.328,0.562,0.538,0.0,0.0,16.5,16.5
107,UAB,2020,6,3,5.92,28.4,4.69,21.4,0.423,0.298,0.667,0.583,-0.22,1.0,6.42,6.42
108,UCF,2020,6,4,6.61,42.2,6.19,33.2,0.487,0.432,0.545,0.55,1.2,0.0,10.91,10.91
109,UCLA,2020,3,4,6.14,35.4,5.44,30.7,0.443,0.458,0.412,0.333,-0.29,0.0,7.5,7.5
110,ULM,2020,0,10,4.84,16.3,6.85,42.0,0.256,0.57,0.515,0.684,-0.8,0.0,12.13,12.13
111,UNLV,2020,0,6,4.72,17.3,7.16,38.0,0.37,0.468,0.667,0.667,-0.67,0.0,4.93,4.93
112,Utah,2020,3,2,5.9,30.2,5.5,26.0,0.377,0.343,0.455,0.2,0.0,0.0,23.0,23.0
113,Utah St.,2020,1,5,4.57,15.5,6.56,35.2,0.38,0.463,0.5,0.786,-1.0,0.0,1.44,1.44
114,UTEP,2020,3,5,5.17,23.0,6.11,31.0,0.44,0.389,0.462,0.636,-0.88,0.0,8.33,8.33
115,UTSA,2020,7,4,5.68,28.6,5.59,25.2,0.438,0.392,0.529,0.5,0.73,0.0,16.62,16.62
116,Vanderbilt,2020,0,9,4.71,14.8,7.28,37.3,0.399,0.439,0.6,0.6,-0.89,0.0,12.56,12.56
117,Virginia,2020,5,5,5.68,30.7,6.39,29.6,0.371,0.417,0.64,0.333,-0.1,0.0,6.0,6.0
118,Virginia Tech,2020,5,6,6.67,31.1,6.19,32.1,0.381,0.405,0.538,0.731,0.27,0.0,4.0,4.0
119,Wake Forest,2020,4,4,5.77,37.0,6.1,31.6,0.402,0.43,0.529,0.556,1.62,0.0,6.67,6.67
120,Washington,2020,3,1,6.03,30.2,5.35,25.0,0.481,0.423,0.833,0.5,1.25,0.0,21.33,21.33
121,Washington St.,2020,1,3,5.86,27.0,6.69,38.5,0.392,0.481,0.429,0.857,-0.5,0.0,5.43,5.43
122,West Virginia,2020,5,4,5.51,26.8,4.77,20.4,0.407,0.394,0.524,0.625,0.33,1.0,2.75,2.75
123,Western Ky.,2020,5,6,4.58,18.8,4.99,24.1,0.317,0.395,0.586,0.562,-0.27,1.0,12.11,12.11
124,Western Mich.,2020,4,2,7.34,41.7,5.6,34.2,0.433,0.396,0.625,0.714,-0.5,0.0,5.0,5.0
125,Wisconsin,2020,3,3,5.0,22.3,4.76,15.7,0.393,0.254,0.364,0.143,-0.5,0.0,4.29,4.29
126,Wyoming,2020,2,4,5.47,26.5,4.93,21.0,0.303,0.362,0.5,0.0,0.17,0.0,7.11,7.11
0,Air Force,2021,10,3,5.81,31.0,5.23,19.8,0.449,0.401,0.78,0.4,0.46,1.0,2.62,2.62
1,Akron,2021,2,10,5.22,19.8,7.19,39.5,0.38,0.542,0.452,0.7,-0.42,1.0,8.87,8.87
2,Alabama,2021,13,2,6.54,39.9,4.77,20.1,0.52,0.311,0.5,0.548,0.6,1.0,6.08,6.08
3,App State,2021,10,4,6.3,34.5,5.27,22.1,0.36,0.342,0.649,0.375,-0.29,1.0,4.08,4.08
4,Arizona,2021,1,11,4.91,17.2,5.89,31.4,0.321,0.374,0.643,0.5,-1.42,0.0,8.35,8.35
5,Arizona St.,2021,8,5,6.22,28.4,4.97,20.8,0.447,0.372,0.643,0.5,0.0,0.0,5.6,5.6
6,Arkansas,2021,9,4,6.37,30.9,5.41,22.9,0.368,0.335,0.632,0.6,0.46,0.0,7.67,7.67
7,Arkansas St.,2021,2,10,5.44,25.2,7.22,38.6,0.328,0.414,0.294,0.846,-0.33,0.0,3.5,3.5
8,Army West Point,2021,9,4,5.62,32.8,5.78,22.3,0.466,0.404,0.732,0.355,0.62,2.0,5.0,5.0
9,Auburn,2021,6,7,5.81,27.8,5.29,21.8,0.402,0.358,0.565,0.37,0.08,0.0,4.12,4.12
10,Ball St.,2021,6,7,4.98,24.1,5.89,28.4,0.399,0.401,0.524,0.524,0.54,0.0,4.0,4.0
11,Baylor,2021,12,2,6.32,31.6,5.15,18.3,0.421,0.343,0.629,0.607,0.93,0.0,3.67,3.67
12,Boise St.,2021,7,5,5.26,29.2,5.46,19.0,0.442,0.379,0.375,0.4,0.58,0.0,7.15,7.15
13,Boston College,2021,6,6,5.37,24.7,5.44,22.2,0.394,0.345,0.522,0.458,-0.08,1.0,12.47,12.47
14,Bowling Green,2021,4,8,4.89,21.4,5.29,30.7,0.341,0.413,0.333,0.4,0.17,1.0,6.81,6.81
15,Buffalo,2021,4,8,5.42,28.8,6.34,29.9,0.46,0.388,0.583,0.7,-0.58,0.0,9.92,9.92
16,BYU,2021,10,3,6.78,33.1,5.74,24.7,0.459,0.43,0.615,0.654,0.85,0.0,7.47,7.47
17,California,2021,5,7,5.91,23.8,5.31,22.2,0.407,0.464,0.31,0.5,0.83,0.0,9.42,9.42
18,Central Mich.,2021,9,4,5.95,32.3,5.58,25.8,0.372,0.298,0.586,0.438,0.08,0.0,6.46,6.46
19,Charlotte,2021,5,7,5.87,27.2,7.14,34.0,0.4,0.444,0.629,0.625,-0.42,0.0,2.75,2.75
20,Cincinnati,2021,13,1,6.73,36.4,4.47,16.9,0.395,0.338,0.6,0.514,0.86,0.0,1.53,1.53
21,Clemson,2021,10,3,5.17,26.3,4.44,14.8,0.371,0.34,0.529,0.417,0.15,1.0,3.7,3.7
22,Coastal Carolina,2021,11,2,7.74,40.9,5.28,21.6,0.538,0.36,0.769,0.448,0.15,0.0,0.0,0.0
23,Colorado,2021,4,8,4.37,18.8,6.06,26.7,0.323,0.431,0.316,0.421,0.5,0.0,10.71,10.71
24,Colorado St.,2021,3,9,5.48,23.7,5.46,28.2,0.406,0.365,0.4,0.647,-0.42,0.0,13.29,13.29
25,Duke,2021,3,9,5.37,22.8,7.12,39.8,0.424,0.48,0.379,0.692,-0.58,0.0,8.5,8.5
26,East Carolina,2021,7,5,5.78,29.7,6.0,25.8,0.346,0.322,0.703,0.647,-0.08,2.0,4.38,4.38
27,Eastern Mich.,2021,7,6,5.44,30.2,6.28,30.0,0.417,0.436,0.483,0.476,0.31,2.0,4.53,4.53
28,FIU,2021,1,11,5.87,20.3,6.68,39.7,0.327,0.461,0.4,0.75,-1.17,0.0,10.92,10.92
29,Fla. Atlantic,2021,5,7,5.75,25.4,5.83,25.8,0.429,0.318,0.417,0.556,0.33,1.0,9.88,9.88
30,Florida,2021,6,7,6.6,30.7,5.48,26.3,0.414,0.358,0.538,0.409,-0.62,1.0,9.2,9.2
31,Florida St.,2021,5,7,5.79,27.6,5.18,26.5,0.346,0.404,0.292,0.478,0.08,0.0,8.83,8.83
32,Fresno St.,2021,10,3,6.34,33.4,5.26,20.5,0.426,0.344,0.533,0.35,0.15,0.0,7.2,7.2
33,Ga. Southern,2021,3,9,5.04,20.2,6.44,31.4,0.353,0.379,0.429,0.421,-0.58,1.0,8.71,8.71
34,Georgia,2021,14,1,6.98,38.4,4.16,10.2,0.448,0.356,0.571,0.406,0.2,0.0,10.0,10.0
35,Georgia St.,2021,8,5,5.63,28.2,5.45,27.1,0.419,0.444,0.556,0.517,0.46,0.0,5.4,5.4
36,Georgia Tech,2021,3,9,5.61,23.8,6.61,33.5,0.354,0.452,0.435,0.6,-0.17,0.0,10.2,10.2
37,Hawaii,2021,6,7,5.9,28.8,5.75,31.4,0.356,0.462,0.25,0.381,-0.23,1.0,10.33,10.33
38,Houston,2021,12,2,5.92,35.9,4.92,20.4,0.421,0.257,0.667,0.433,0.64,3.0,7.14,7.14
39,Illinois,2021,5,7,5.01,20.2,5.22,21.9,0.38,0.353,0.357,0.722,0.58,1.0,3.7,3.7
40,Indiana,2021,2,10,4.25,17.2,5.64,33.2,0.369,0.365,0.5,0.667,-1.08,1.0,8.6,8.6
41,Iowa,2021,10,4,4.67,23.4,4.72,19.2,0.34,0.369,0.312,0.444,0.79,0.0,3.83,3.83
42,Iowa St.,2021,7,6,6.43,31.3,5.06,20.5,0.364,0.388,0.652,0.421,0.15,1.0,10.78,10.78
43,Kansas,2021,2,10,5.16,20.8,7.21,42.2,0.358,0.542,0.367,0.611,0.17,0.0,14.46,14.46
44,Kansas St.,2021,8,5,6.3,27.5,5.37,21.0,0.438,0.399,0.75,0.606,0.31,0.0,10.64,10.64
45,Kent St.,2021,7,7,6.58,33.0,6.19,36.3,0.436,0.468,0.481,0.6,0.93,0.0,2.88,2.88
46,Kentucky,2021,10,3,6.41,31.8,5.5,21.7,0.503,0.386,0.375,0.278,-0.85,0.0,5.56,5.56
47,Liberty,2021,8,5,6.38,33.6,4.76,21.5,0.429,0.339,0.433,0.5,-0.69,0.0,8.55,8.55
48,Louisiana,2021,13,1,5.76,31.1,4.94,18.5,0.355,0.36,0.537,0.512,1.07,0.0,5.3,5.3
49,Louisiana Tech,2021,3,9,5.57,28.0,6.1,34.0,0.386,0.382,0.471,0.4,-0.08,1.0,15.17,15.17
50,Louisville,2021,6,7,6.68,31.6,5.81,27.3,0.4,0.376,0.519,0.522,0.15,0.0,5.58,5.58
51,LSU,2021,6,7,5.39,26.5,5.51,26.6,0.37,0.398,0.625,0.667,-0.23,0.0,9.24,9.24
52,Marshall,2021,7,6,6.32,33.0,5.1,23.8,0.426,0.372,0.6,0.471,-0.54,1.0,4.76,4.76
53,Maryland,2021,7,6,6.18,29.3,5.78,30.7,0.382,0.404,0.5,0.44,-0.46,1.0,6.5,6.5
54,Massachusetts,2021,1,11,4.82,16.3,7.33,43.1,0.333,0.518,0.44,0.55,-0.83,1.0,6.12,6.12
55,Memphis,2021,6,6,6.06,30.1,5.42,29.2,0.406,0.48,0.579,0.654,-0.08,0.0,6.64,6.64
56,Miami,2021,7,5,6.13,34.1,5.4,28.2,0.42,0.397,0.714,0.455,-0.58,2.0,4.0,4.0
57,Miami,2021,7,6,6.26,28.9,5.54,23.1,0.392,0.374,0.429,0.524,0.38,0.0,8.0,8.0
58,Michigan,2021,12,2,6.4,35.8,4.93,17.4,0.458,0.346,0.519,0.5,0.14,0.0,3.89,3.89
59,Michigan St.,2021,11,2,6.35,31.8,5.6,25.3,0.4,0.402,0.7,0.649,0.23,0.0,7.69,7.69
60,Middle Tenn.,2021,7,6,5.12,29.8,5.16,25.7,0.315,0.365,0.455,0.519,0.85,0.0,9.46,9.46
61,Minnesota,2021,9,4,5.46,25.5,4.86,17.3,0.447,0.348,0.571,0.368,0.31,0.0,2.33,2.33
62,Mississippi St.,2021,7,6,5.89,29.1,5.55,25.9,0.457,0.413,0.625,0.4,-0.15,0.0,19.33,19.33
63,Missouri,2021,6,7,5.85,29.1,6.37,33.8,0.448,0.434,0.579,0.818,0.23,0.0,8.0,8.0
64,Navy,2021,4,8,4.28,20.1,5.98,28.2,0.374,0.394,0.694,0.611,0.42,2.0,8.95,8.95
65,NC State,2021,9,3,6.1,33.1,4.95,19.7,0.398,0.293,0.417,0.45,0.5,1.0,7.26,7.26
66,Nebraska,2021,3,9,6.46,27.9,5.3,22.7,0.41,0.389,0.583,0.3,-0.42,1.0,9.08,9.08
67,Nevada,2021,8,5,6.07,35.7,5.55,26.5,0.42,0.387,0.571,0.517,1.31,1.0,10.14,10.14
68,New Mexico,2021,3,9,3.89,12.2,5.35,28.4,0.254,0.386,0.333,0.733,-0.58,0.0,9.21,9.21
69,New Mexico St.,2021,2,10,4.99,22.6,7.36,40.4,0.377,0.409,0.45,0.533,0.25,0.0,11.39,11.39
70,NIU,2021,9,5,5.98,32.2,6.85,33.7,0.379,0.413,0.833,0.414,-0.43,0.0,9.47,9.47
71,North Carolina,2021,6,7,6.8,35.2,6.11,32.1,0.433,0.417,0.524,0.588,0.15,0.0,10.47,10.47
72,North Texas,2021,6,7,5.42,27.5,5.69,27.5,0.412,0.388,0.41,0.619,0.0,0.0,9.59,9.59
73,Northwestern,2021,3,9,4.72,16.6,6.14,29.0,0.358,0.428,0.5,0.583,-0.5,0.0,9.0,9.0
74,Notre Dame,2021,11,2,6.14,35.2,5.26,19.7,0.423,0.321,0.529,0.562,0.69,0.0,6.31,6.31
75,Ohio,2021,3,9,5.97,22.6,5.98,30.3,0.361,0.437,0.647,0.577,-0.58,0.0,10.5,10.5
76,Ohio St.,2021,11,2,7.96,45.7,5.33,22.8,0.523,0.414,0.579,0.476,0.69,1.0,5.86,5.86
77,Oklahoma,2021,11,2,6.89,39.1,5.73,25.8,0.426,0.379,0.688,0.632,0.85,2.0,7.71,7.71
78,Oklahoma St.,2021,12,2,5.48,31.1,4.59,18.1,0.429,0.288,0.538,0.296,-0.14,1.0,0.8,0.8
79,Old Dominion,2021,6,7,5.31,27.6,5.31,27.3,0.419,0.414,0.429,0.414,-0.62,1.0,6.68,6.68
80,Ole Miss,2021,10,3,6.29,33.7,5.51,24.7,0.382,0.385,0.633,0.486,0.62,0.0,4.47,4.47
81,Oregon,2021,10,4,6.27,31.4,5.46,27.0,0.511,0.46,0.45,0.667,0.57,0.0,11.07,11.07
82,Oregon St.,2021,7,6,6.43,31.2,5.7,25.8,0.488,0.503,0.478,0.381,0.08,0.0,8.14,8.14
83,Penn St.,2021,7,6,5.3,25.0,4.75,17.3,0.386,0.358,0.462,0.625,0.46,0.0,2.79,2.79
84,Pittsburgh,2021,11,3,6.37,41.4,5.07,23.6,0.441,0.335,0.68,0.269,0.57,1.0,5.27,5.27
85,Purdue,2021,9,4,5.91,29.1,5.56,22.4,0.436,0.369,0.5,0.364,-0.23,0.0,6.38,6.38
86,Rice,2021,4,8,5.31,21.5,6.68,36.2,0.354,0.39,0.533,0.667,-0.25,1.0,7.57,7.57
87,Rutgers,2021,5,8,4.52,19.7,5.96,25.6,0.321,0.339,0.359,0.421,0.31,0.0,2.93,2.93
88,San Diego St.,2021,12,2,5.14,27.4,4.73,19.8,0.321,0.318,0.591,0.5,0.71,0.0,11.41,11.41
89,San Jose St.,2021,5,7,5.41,20.0,5.12,26.5,0.335,0.4,0.333,0.611,-0.83,0.0,3.36,3.36
90,SMU,2021,8,4,6.28,38.4,5.92,28.4,0.435,0.38,0.667,0.433,-0.25,1.0,9.0,9.0
91,South Alabama,2021,5,7,5.21,24.9,5.41,26.4,0.307,0.34,0.609,0.583,0.42,2.0,8.0,8.0
92,South Carolina,2021,7,6,5.29,22.6,5.63,24.0,0.351,0.402,0.483,0.5,0.0,0.0,11.55,11.55
93,South Fla.,2021,2,10,5.01,23.2,6.97,34.7,0.343,0.396,0.516,0.636,-0.33,0.0,11.0,11.0
94,Southern California,2021,4,8,5.91,28.7,6.4,31.8,0.453,0.428,0.625,0.684,-0.08,1.0,6.0,6.0
95,Southern Miss.,2021,3,9,4.25,17.7,5.8,27.9,0.293,0.377,0.412,0.429,-0.58,2.0,11.09,11.09
96,Stanford,2021,3,9,5.2,20.4,6.49,32.4,0.331,0.434,0.6,0.583,-0.83,0.0,11.21,11.21
97,Syracuse,2021,5,7,5.73,24.9,5.11,26.3,0.327,0.372,0.5,0.526,-0.58,1.0,8.56,8.56
98,TCU,2021,5,7,6.68,28.7,7.21,34.9,0.461,0.469,0.389,0.556,-0.33,0.0,1.67,1.67
99,Temple,2021,3,9,4.77,16.3,5.56,37.5,0.28,0.421,0.44,0.774,-0.17,0.0,11.41,11.41
100,Tennessee,2021,7,6,6.49,39.3,5.43,29.1,0.447,0.421,0.469,0.514,0.23,1.0,2.0,2.0
101,Texas,2021,5,7,6.34,35.2,6.03,31.1,0.438,0.419,0.45,0.579,-0.33,0.0,2.86,2.86
102,Texas A&M,2021,8,4,5.96,29.3,4.66,15.9,0.378,0.328,0.6,0.353,0.08,0.0,5.11,5.11
103,Texas St.,2021,4,8,4.96,23.1,5.8,33.0,0.341,0.464,0.696,0.682,-0.67,0.0,6.14,6.14
104,Texas Tech,2021,7,6,6.57,30.3,5.86,30.2,0.427,0.447,0.483,0.733,-0.31,0.0,8.44,8.44
105,Toledo,2021,7,6,6.58,33.4,4.87,21.8,0.356,0.379,0.417,0.458,0.54,0.0,9.88,9.88
106,Troy,2021,5,7,5.17,22.8,5.08,26.1,0.399,0.333,0.6,0.719,0.25,0.0,6.28,6.28
107,Tulane,2021,2,10,5.64,27.6,5.81,34.0,0.361,0.4,0.5,0.793,-0.75,0.0,6.17,6.17
108,Tulsa,2021,7,6,5.98,26.4,5.45,26.6,0.384,0.385,0.474,0.478,-0.46,4.0,14.31,14.31
109,UAB,2021,9,4,6.29,29.5,5.02,23.2,0.408,0.346,0.667,0.519,0.15,0.0,7.86,7.86
110,UCF,2021,9,4,6.04,31.9,5.08,24.5,0.379,0.378,0.846,0.483,0.46,0.0,8.71,8.71
111,UCLA,2021,8,4,6.2,36.5,5.48,26.8,0.46,0.436,0.645,0.4,0.58,0.0,4.5,4.5
112,UConn,2021,1,11,4.06,15.6,5.94,38.5,0.236,0.415,0.379,0.72,-0.67,0.0,4.41,4.41
113,ULM,2021,4,8,4.45,20.9,6.12,33.5,0.333,0.41,0.469,0.353,0.17,0.0,7.35,7.35
114,UNLV,2021,2,10,5.16,20.8,6.13,32.8,0.348,0.411,0.235,0.524,-0.42,1.0,7.92,7.92
115,Utah,2021,10,4,6.38,36.1,5.24,22.6,0.482,0.374,0.458,0.515,0.07,3.0,6.83,6.83
116,Utah St.,2021,11,3,5.84,32.6,5.81,24.4,0.448,0.346,0.533,0.238,0.14,1.0,4.33,4.33
117,UTEP,2021,7,6,6.02,25.1,5.23,25.2,0.317,0.326,0.792,0.5,-0.85,0.0,9.77,9.77
118,UTSA,2021,12,2,6.13,36.9,5.65,24.6,0.437,0.374,0.565,0.524,0.86,0.0,4.86,4.86
119,Vanderbilt,2021,2,10,4.51,15.8,6.76,35.6,0.319,0.357,0.633,0.619,-0.25,0.0,15.41,15.41
120,Virginia,2021,6,6,6.94,34.6,6.63,31.8,0.459,0.41,0.421,0.6,-0.25,1.0,9.81,9.81
121,Virginia Tech,2021,6,7,5.55,23.7,5.86,25.3,0.401,0.353,0.5,0.64,0.08,0.0,15.07,15.07
122,Wake Forest,2021,11,3,6.04,41.0,5.86,28.9,0.491,0.387,0.619,0.375,0.64,1.0,9.2,9.2
123,Washington,2021,4,8,4.98,21.5,5.02,22.7,0.444,0.357,0.435,0.588,-0.67,0.0,11.16,11.16
124,Washington St.,2021,7,6,5.75,27.8,5.52,24.2,0.394,0.379,0.375,0.435,0.85,0.0,10.13,10.13
125,West Virginia,2021,6,7,5.37,25.2,5.55,23.8,0.398,0.347,0.679,0.4,-0.38,1.0,6.45,6.45
126,Western Ky.,2021,9,5,7.17,44.2,5.63,29.4,0.466,0.436,0.5,0.439,0.79,0.0,18.57,18.57
127,Western Mich.,2021,8,5,6.32,32.5,5.78,28.2,0.456,0.268,0.462,0.682,0.0,1.0,19.88,19.88
128,Wisconsin,2021,9,4,5.56,25.4,4.17,16.2,0.337,0.287,0.524,0.407,0.08,1.0,7.76,7.76
129,Wyoming,2021,7,6,5.79,25.4,5.4,23.7,0.434,0.418,0.35,0.32,-0.23,0.0,9.12,9.12
0,Tennessee,2022,11,2,7.23,46.1,5.32,22.8,0.416,0.342,0.667,0.424,0.85,19.88,16.55,2.5
1,Washington,2022,11,2,6.88,39.7,5.59,25.8,0.568,0.445,0.571,0.486,0.08,19.48,11.0,6.11
2,Southern California,2022,11,3,7.18,41.4,6.53,29.2,0.536,0.429,0.682,0.655,1.57,18.19,5.47,11.43
3,UCLA,2022,9,4,7.01,39.2,5.64,29.0,0.509,0.394,0.577,0.7,-0.23,20.57,5.09,10.6
4,Georgia,2022,15,0,7.17,41.1,4.88,14.3,0.511,0.266,0.867,0.364,0.07,19.86,12.62,18.33
5,Oregon,2022,10,3,6.92,38.8,5.8,27.4,0.463,0.468,0.606,0.481,0.69,18.81,4.92,13.6
6,Western Ky.,2022,9,5,6.71,36.4,5.24,23.4,0.415,0.357,0.405,0.452,0.71,20.91,9.0,9.75
7,Ole Miss,2022,8,5,6.45,33.5,5.32,25.5,0.471,0.386,0.472,0.472,-0.08,17.88,6.94,6.45
8,Ohio St.,2022,11,2,7.28,44.2,5.18,21.0,0.452,0.299,0.706,0.36,0.62,19.0,6.67,7.11
9,Florida St.,2022,10,3,6.96,36.1,4.85,20.6,0.512,0.35,0.333,0.542,0.15,23.4,10.81,6.0
10,Alabama,2022,11,2,6.92,41.1,4.59,18.2,0.457,0.305,0.562,0.385,-0.15,17.71,16.73,6.09
11,UTSA,2022,11,3,6.37,36.8,5.55,25.9,0.481,0.38,0.481,0.432,0.14,19.75,5.14,3.86
12,Oklahoma,2022,6,7,6.24,32.8,5.75,30.0,0.405,0.409,0.379,0.5,0.46,19.79,14.08,2.83
13,SMU,2022,7,6,6.12,37.2,6.0,33.8,0.478,0.381,0.595,0.649,-0.15,20.11,9.47,5.75
14,Arkansas,2022,7,6,6.37,32.5,6.46,30.6,0.459,0.45,0.45,0.545,0.0,17.89,9.5,14.4
15,UCF,2022,9,5,6.17,32.9,5.65,23.6,0.464,0.381,0.633,0.433,-0.36,18.79,8.75,8.53
16,Utah,2022,10,4,6.5,38.6,5.8,21.4,0.506,0.315,0.621,0.367,0.43,18.0,7.55,1.0
17,Ga. Southern,2022,6,7,6.17,32.7,6.5,31.6,0.472,0.43,0.565,0.522,-0.38,17.35,9.16,11.5
18,North Carolina,2022,9,5,6.27,34.4,6.14,30.8,0.463,0.418,0.676,0.5,0.0,23.68,13.31,7.24
19,Arizona,2022,5,7,6.83,30.8,6.6,36.5,0.422,0.478,0.435,0.571,-0.5,17.7,7.15,8.24
20,North Texas,2022,7,7,6.68,33.8,6.08,31.7,0.429,0.458,0.565,0.533,-0.43,20.35,4.45,2.67
21,Texas Tech,2022,8,5,5.48,34.2,5.88,29.2,0.37,0.386,0.635,0.333,-0.46,22.7,6.47,15.7
22,East Carolina,2022,8,5,6.62,32.5,6.1,27.2,0.464,0.423,0.448,0.435,1.0,23.12,7.05,7.71
23,Michigan,2022,13,1,6.62,40.4,4.65,16.1,0.452,0.338,0.81,0.321,0.57,20.05,8.52,10.38
24,Houston,2022,8,5,6.57,36.1,5.91,32.2,0.457,0.43,0.643,0.559,-0.38,21.36,15.0,5.8
25,App State,2022,6,6,6.56,34.9,5.31,26.8,0.381,0.423,0.486,0.5,0.75,25.96,4.94,5.0
26,TCU,2022,13,2,6.69,38.8,5.71,29.0,0.398,0.365,0.519,0.476,0.4,20.16,12.04,6.43
27,LSU,2022,10,4,6.36,34.5,5.34,22.1,0.486,0.39,0.5,0.4,0.07,19.82,3.25,10.94
28,James Madison,2022,8,3,6.17,37.0,4.74,20.9,0.397,0.284,0.45,0.471,0.36,18.4,5.7,8.57
29,Wake Forest,2022,8,5,5.88,36.1,5.68,28.3,0.459,0.413,0.5,0.464,-0.23,19.44,7.44,12.88
30,Tulane,2022,12,2,6.6,36.0,5.0,22.2,0.384,0.374,0.593,0.568,0.36,22.85,9.87,1.12
31,Kansas,2022,6,7,6.98,35.6,6.15,35.5,0.506,0.474,0.474,0.679,0.23,17.83,3.75,6.91
32,UAB,2022,7,6,6.71,30.1,5.34,23.2,0.452,0.402,0.481,0.543,0.0,21.38,7.82,11.94
33,Penn St.,2022,11,2,6.19,35.8,4.61,18.2,0.378,0.332,0.7,0.517,0.85,22.35,4.38,6.79
34,Texas,2022,8,5,6.38,34.5,4.94,21.6,0.388,0.411,0.522,0.541,0.15,22.48,9.26,3.09
35,BYU,2022,8,5,6.68,31.3,5.87,29.5,0.449,0.461,0.308,0.556,0.15,20.45,9.77,7.5
36,Florida,2022,6,7,6.58,29.5,5.92,28.8,0.405,0.497,0.441,0.435,0.77,21.7,8.12,8.0
37,South Alabama,2022,10,3,5.78,31.2,5.13,21.3,0.431,0.312,0.567,0.6,0.31,22.42,9.33,11.5
38,Memphis,2022,7,6,5.78,35.3,5.26,26.0,0.459,0.414,0.542,0.44,0.46,23.21,9.44,13.79
39,Ohio,2022,10,4,6.16,31.8,6.16,28.3,0.417,0.392,0.353,0.382,0.86,19.91,2.07,8.5
40,Kansas St.,2022,10,4,6.12,32.3,5.54,21.9,0.39,0.34,0.567,0.394,0.86,22.97,13.21,6.11
41,Kent St.,2022,5,7,5.78,28.4,5.79,29.0,0.411,0.394,0.5,0.581,0.0,22.89,7.86,6.27
42,Georgia St.,2022,4,8,5.72,30.0,5.73,31.2,0.407,0.417,0.556,0.44,0.42,9.36,5.27,5.87
43,Duke,2022,9,4,6.11,32.8,5.53,22.1,0.424,0.43,0.56,0.423,1.23,20.81,19.92,5.69
44,Baylor,2022,6,7,5.8,32.2,5.37,26.8,0.402,0.458,0.638,0.409,0.15,17.03,12.6,4.71
45,Tulsa,2022,5,7,5.86,30.6,5.88,33.1,0.394,0.367,0.647,0.583,-0.17,15.95,5.0,12.74
46,Fla. Atlantic,2022,5,7,5.68,29.8,6.03,26.6,0.432,0.363,0.55,0.407,0.67,16.0,9.71,6.56
47,Clemson,2022,11,3,5.6,33.2,5.03,20.9,0.476,0.352,0.5,0.375,-0.07,22.83,7.0,10.52
48,Louisville,2022,8,5,5.96,26.9,5.06,19.2,0.379,0.331,0.4,0.19,0.46,24.73,5.04,5.52
49,Pittsburgh,2022,9,4,5.78,31.3,5.15,24.3,0.397,0.322,0.429,0.455,0.15,16.68,8.19,4.83
50,Coastal Carolina,2022,9,4,6.03,29.1,6.45,31.8,0.428,0.421,0.571,0.478,0.08,19.13,6.7,8.67
51,Oklahoma St.,2022,7,6,5.27,30.6,5.71,28.9,0.353,0.271,0.312,0.531,-0.31,23.61,9.0,9.03
52,Fresno St.,2022,10,4,6.01,30.6,5.14,19.4,0.458,0.361,0.438,0.472,0.29,22.43,19.92,8.45
53,Toledo,2022,9,5,5.52,31.3,4.8,25.1,0.402,0.335,0.593,0.417,-0.57,15.55,8.13,4.56
54,Maryland,2022,8,5,5.7,28.2,5.01,23.2,0.415,0.389,0.607,0.462,0.08,19.76,6.5,4.18
55,Purdue,2022,8,6,5.34,26.6,5.77,27.4,0.383,0.349,0.545,0.5,-0.14,17.38,7.13,5.8
56,West Virginia,2022,5,7,5.5,30.6,6.03,32.9,0.412,0.407,0.688,0.571,-0.67,17.76,6.08,2.71
57,Marshall,2022,9,4,5.37,24.5,4.56,16.0,0.382,0.235,0.238,0.429,0.77,19.3,6.36,5.93
58,Air Force,2022,10,3,5.81,27.8,5.03,13.4,0.449,0.279,0.724,0.409,0.23,10.8,2.75,3.11
59,Notre Dame,2022,9,4,5.92,31.8,5.15,23.0,0.472,0.363,0.438,0.455,-0.23,19.28,10.13,8.1
60,Oregon St.,2022,10,3,6.09,32.2,5.19,20.0,0.435,0.388,0.696,0.308,-0.08,23.0,16.0,10.4
61,Mississippi St.,2022,9,4,5.5,31.6,5.16,23.1,0.392,0.335,0.517,0.462,0.31,27.83,10.14,7.31
62,Louisiana Tech,2022,3,9,5.65,29.0,6.52,37.9,0.367,0.43,0.419,0.667,-0.25,21.26,12.42,13.75
63,South Fla.,2022,1,11,6.11,28.0,7.42,41.2,0.391,0.503,0.452,0.609,-0.33,21.15,8.33,9.62
64,Minnesota,2022,9,4,5.87,28.2,4.97,13.8,0.521,0.279,0.545,0.556,0.46,23.61,6.0,4.73
65,Liberty,2022,8,5,5.69,27.5,4.97,24.6,0.366,0.344,0.458,0.552,-0.23,20.69,4.11,11.0
66,Arizona St.,2022,3,9,5.9,26.1,6.01,31.4,0.397,0.494,0.6,0.412,-0.5,24.15,3.32,12.62
67,Charlotte,2022,3,9,5.81,24.4,7.08,39.4,0.396,0.444,0.353,0.63,-0.67,19.05,7.64,2.11
68,Boise St.,2022,10,4,5.79,29.5,4.75,19.5,0.398,0.315,0.588,0.478,0.21,22.52,6.56,18.7
69,UTEP,2022,5,7,5.47,24.4,5.87,27.0,0.391,0.348,0.552,0.714,-0.42,17.1,5.88,8.31
70,Ball St.,2022,5,7,5.13,23.2,5.05,26.9,0.368,0.396,0.273,0.516,-0.5,21.5,4.38,6.59
71,Illinois,2022,8,5,5.25,24.2,4.39,12.8,0.38,0.301,0.48,0.45,1.15,19.69,6.39,7.62
72,South Carolina,2022,8,5,5.92,32.2,5.68,28.8,0.388,0.434,0.591,0.556,-0.31,25.13,16.57,4.6
73,Auburn,2022,5,7,5.71,24.8,5.52,29.5,0.362,0.425,0.591,0.5,-0.83,17.22,8.5,4.1
74,Buffalo,2022,7,6,4.89,28.5,6.05,26.7,0.392,0.353,0.595,0.423,0.77,20.62,1.0,14.06
75,Syracuse,2022,7,6,5.97,27.7,4.9,23.1,0.37,0.402,0.385,0.455,0.38,26.16,7.8,7.68
76,Rice,2022,5,8,5.65,25.2,6.48,34.2,0.41,0.412,0.464,0.474,-1.0,17.42,8.94,8.94
77,Middle Tenn.,2022,8,5,5.03,28.8,5.53,27.7,0.342,0.383,0.583,0.459,0.92,22.0,9.56,5.86
78,NIU,2022,3,9,5.55,27.2,5.88,32.8,0.392,0.439,0.435,0.636,0.33,16.69,2.17,6.5
79,Akron,2022,2,10,5.11,21.8,6.0,33.5,0.345,0.352,0.478,0.68,-1.08,21.56,6.42,7.42
80,Cincinnati,2022,9,4,5.76,29.2,4.62,20.6,0.363,0.385,0.619,0.458,0.46,21.35,11.36,3.48
81,Missouri,2022,6,7,5.43,24.8,5.28,25.2,0.394,0.344,0.5,0.571,-0.23,16.29,11.31,15.69
82,Iowa St.,2022,4,8,5.09,20.2,4.73,20.2,0.419,0.288,0.556,0.588,-0.58,16.57,5.42,2.64
83,San Jose St.,2022,7,5,5.71,27.4,5.07,22.0,0.367,0.394,0.444,0.615,0.92,17.36,6.5,13.12
84,Central Mich.,2022,4,8,5.28,24.8,5.2,28.2,0.355,0.33,0.545,0.462,-1.5,21.24,4.9,7.36
85,Miami,2022,5,7,5.33,23.6,5.94,26.8,0.404,0.42,0.409,0.6,-0.25,26.57,9.77,3.8
86,Army West Point,2022,6,6,5.84,28.6,5.76,22.5,0.434,0.387,0.533,0.476,0.33,17.58,9.75,6.25
87,Eastern Mich.,2022,9,4,5.3,29.8,5.62,28.5,0.449,0.426,0.458,0.6,0.08,19.0,5.78,5.56
88,California,2022,4,8,5.57,23.9,5.82,27.8,0.353,0.391,0.522,0.577,0.5,18.0,10.91,9.91
89,Louisiana,2022,6,7,5.28,26.2,5.3,22.8,0.382,0.395,0.5,0.5,0.31,18.23,16.37,7.18
90,Wisconsin,2022,7,6,5.72,26.3,4.82,20.2,0.402,0.322,0.467,0.5,0.15,23.52,5.5,9.05
91,Stanford,2022,3,9,5.27,21.3,6.56,32.2,0.378,0.342,0.524,0.739,-0.83,19.73,4.38,7.0
92,Texas A&M,2022,5,7,5.72,22.8,5.17,20.7,0.359,0.356,0.364,0.5,-0.08,22.17,5.5,4.46
93,Washington St.,2022,7,6,5.41,26.1,5.84,22.9,0.364,0.38,0.448,0.387,0.23,21.63,9.12,3.93
94,Troy,2022,12,2,5.62,25.6,4.69,17.1,0.333,0.395,0.63,0.517,0.43,17.26,9.43,6.72
95,Utah St.,2022,6,7,4.86,22.2,5.75,31.2,0.328,0.414,0.514,0.571,-0.69,20.0,8.9,5.38
96,Michigan St.,2022,5,7,5.48,24.4,5.81,27.4,0.388,0.435,0.414,0.615,-0.33,18.43,9.29,5.93
97,UNLV,2022,5,7,5.54,26.3,5.48,28.5,0.323,0.373,0.5,0.607,0.5,20.84,6.1,8.25
98,Temple,2022,3,9,5.24,21.9,5.64,29.2,0.329,0.362,0.424,0.5,-0.92,16.41,3.46,4.15
99,Southern Miss.,2022,7,6,5.5,25.3,5.4,23.5,0.341,0.364,0.632,0.231,-0.23,20.61,11.92,6.4
100,Vanderbilt,2022,5,7,5.27,24.6,6.95,36.0,0.368,0.397,0.379,0.444,0.0,21.29,4.67,15.16
101,Nebraska,2022,4,8,5.43,22.6,5.48,27.6,0.4,0.424,0.429,0.667,-0.25,17.08,16.5,8.95
102,Virginia,2022,3,7,5.14,17.0,4.97,24.0,0.321,0.37,0.389,0.571,-0.9,22.0,4.85,13.08
103,Hawaii,2022,3,10,4.97,19.8,6.6,34.7,0.345,0.395,0.529,0.542,-0.62,16.0,3.77,8.8
104,NC State,2022,8,5,4.84,24.3,4.99,19.2,0.362,0.328,0.4,0.348,0.46,23.05,7.78,8.23
105,Old Dominion,2022,3,9,5.56,19.5,5.73,26.6,0.294,0.412,0.364,0.615,0.0,19.76,8.0,3.06
106,Northwestern,2022,1,11,4.54,13.8,5.56,28.3,0.373,0.418,0.475,0.706,-1.58,16.73,2.38,7.54
107,Bowling Green,2022,6,7,5.1,23.5,5.82,32.5,0.34,0.47,0.44,0.481,0.0,22.71,14.18,3.8
108,New Mexico St.,2022,7,6,5.67,25.5,5.01,23.9,0.39,0.373,0.688,0.522,-0.38,17.8,6.91,2.21
109,Indiana,2022,4,8,4.48,23.2,5.89,33.9,0.335,0.424,0.375,0.444,-0.33,23.9,4.0,8.81
110,Navy,2022,4,8,4.7,21.9,5.79,24.3,0.378,0.357,0.605,0.579,0.25,19.59,9.19,4.88
111,ULM,2022,4,8,5.22,22.3,6.19,34.4,0.401,0.427,0.333,0.464,-0.58,17.62,4.4,17.67
112,Texas St.,2022,4,8,4.72,21.1,5.27,26.3,0.368,0.354,0.333,0.586,0.25,17.36,8.75,7.15
113,San Diego St.,2022,7,6,5.19,21.5,4.92,20.5,0.294,0.35,0.714,0.308,-0.38,20.35,6.75,6.59
114,Georgia Tech,2022,5,7,4.83,17.2,5.56,28.4,0.306,0.386,0.333,0.636,0.92,21.0,9.33,18.54
115,Kentucky,2022,7,6,5.19,20.4,5.19,19.2,0.341,0.333,0.615,0.4,-0.15,18.74,4.96,13.64
116,FIU,2022,4,8,4.71,18.7,6.05,37.2,0.289,0.495,0.429,0.524,-0.5,20.34,2.82,10.1
117,Arkansas St.,2022,3,9,4.86,25.0,5.82,31.4,0.293,0.364,0.583,0.64,0.25,21.69,6.0,6.69
118,Wyoming,2022,7,6,5.21,21.2,5.35,23.9,0.349,0.382,0.286,0.556,-0.15,20.6,4.0,10.92
119,Virginia Tech,2022,3,8,4.7,19.3,5.4,24.7,0.314,0.341,0.429,0.625,-0.55,19.11,9.09,2.91
120,Boston College,2022,3,9,4.64,17.8,5.63,30.3,0.328,0.37,0.444,0.2,-0.92,21.53,4.79,5.92
121,Miami,2022,6,7,4.85,20.2,5.41,22.6,0.314,0.401,0.5,0.526,0.77,16.61,6.91,3.0
122,Nevada,2022,2,10,4.43,18.8,5.84,30.9,0.356,0.423,0.5,0.647,0.17,19.27,7.15,9.73
123,UConn,2022,6,7,4.92,19.4,5.51,26.2,0.369,0.428,0.389,0.28,0.0,19.43,5.19,10.35
124,Western Mich.,2022,5,7,4.53,19.0,5.43,24.1,0.314,0.316,0.481,0.368,0.33,19.53,4.7,5.41
125,Colorado St.,2022,3,9,4.85,13.2,5.14,26.9,0.225,0.378,0.394,0.684,-0.42,16.79,10.65,5.57
126,Rutgers,2022,4,8,4.44,17.4,5.18,29.2,0.285,0.341,0.529,0.667,-0.5,20.81,7.42,-1.38
127,Colorado,2022,1,11,4.52,15.4,7.2,44.5,0.317,0.531,0.355,0.478,-0.92,21.43,16.09,8.32
128,Massachusetts,2022,1,11,4.0,12.5,6.07,31.1,0.284,0.309,0.433,0.529,-0.25,18.76,9.2,6.22
129,Iowa,2022,8,5,4.24,17.7,3.99,13.3,0.278,0.306,0.333,0.625,0.46,22.15,9.68,4.38
130,New Mexico,2022,2,10,3.94,13.1,5.54,26.0,0.22,0.341,0.267,0.696,0.33,22.4,6.47,6.77
0,LSU,2023,10,3,8.4,45.5,6.14,28.0,0.55,0.448,0.4,0.433,0.46,20.66,-0.5,-0.5
1,Oregon,2023,12,2,7.82,44.2,4.99,16.5,0.51,0.358,0.76,0.474,0.79,16.19,13.71,13.71
2,Oklahoma,2023,10,3,6.77,41.7,5.41,23.5,0.492,0.311,0.684,0.529,0.46,18.0,4.69,4.69
3,Liberty,2023,13,1,7.18,38.3,5.73,23.9,0.5,0.38,0.524,0.459,0.5,15.24,4.5,4.5
4,Georgia,2023,13,1,7.26,40.1,4.77,15.6,0.552,0.257,0.75,0.567,0.21,16.67,0.0,0.0
5,North Texas,2023,5,7,6.53,34.5,6.56,37.1,0.422,0.462,0.6,0.593,-0.42,11.2,4.75,4.75
6,North Carolina,2023,8,5,6.67,34.5,5.62,27.3,0.484,0.386,0.45,0.515,0.38,25.53,11.3,11.3
7,UCF,2023,6,7,7.07,31.3,5.76,25.8,0.5,0.395,0.565,0.583,-0.15,22.83,11.79,11.79
8,Texas,2023,12,2,6.67,35.8,5.24,18.9,0.384,0.266,0.613,0.464,0.43,19.81,5.43,5.43
9,Southern California,2023,8,5,7.39,41.8,6.1,34.4,0.434,0.436,0.611,0.607,-0.08,22.02,5.0,5.0
10,TCU,2023,5,7,6.16,31.3,5.65,27.8,0.466,0.394,0.5,0.387,-0.58,23.63,7.9,7.9
11,Washington,2023,14,1,7.04,36.0,5.77,24.8,0.442,0.386,0.636,0.405,0.0,16.17,3.0,3.0
12,Ole Miss,2023,11,2,6.46,35.1,5.46,22.1,0.371,0.39,0.694,0.414,0.85,14.25,9.93,9.93
13,Memphis,2023,10,3,6.55,39.4,6.26,28.8,0.453,0.333,0.643,0.29,0.38,19.48,8.11,8.11
14,Texas St.,2023,8,5,6.21,36.7,5.71,32.8,0.44,0.468,0.656,0.469,-0.08,23.12,6.42,6.42
15,SMU,2023,11,3,6.24,38.7,4.59,17.8,0.431,0.281,0.607,0.553,0.21,19.91,9.65,9.65
16,South Fla.,2023,7,6,5.71,31.9,6.07,32.2,0.377,0.328,0.435,0.515,0.23,17.7,8.27,8.27
17,UAB,2023,4,8,6.33,29.9,6.17,36.9,0.403,0.494,0.481,0.593,0.08,20.47,9.25,9.25
18,Tennessee,2023,9,4,6.48,31.8,4.97,20.3,0.42,0.365,0.389,0.269,0.46,21.31,0.5,0.5
19,Arizona,2023,10,3,6.76,34.6,5.44,21.1,0.488,0.415,0.667,0.3,0.38,14.44,13.18,13.18
20,Kansas,2023,9,4,7.16,34.8,5.76,26.5,0.483,0.416,0.368,0.6,0.08,18.06,-3.0,-3.0
21,App State,2023,9,5,6.2,33.2,5.74,26.6,0.42,0.402,0.621,0.4,0.21,19.31,4.85,4.85
22,Kansas St.,2023,9,4,6.04,37.1,5.76,21.0,0.479,0.302,0.583,0.459,0.85,19.13,19.0,19.0
23,South Alabama,2023,7,6,6.38,33.1,5.01,21.0,0.434,0.341,0.63,0.381,0.15,19.44,1.5,1.5
24,Utah St.,2023,6,7,6.12,33.2,5.79,34.7,0.364,0.424,0.562,0.471,-0.38,20.38,14.87,14.87
25,Boise St.,2023,8,6,6.55,32.1,6.04,25.1,0.459,0.387,0.818,0.417,-0.21,24.91,10.58,10.58
26,West Virginia,2023,9,4,6.31,31.5,5.78,26.2,0.397,0.386,0.528,0.519,0.15,25.19,0.23,0.23
27,Missouri,2023,11,2,6.46,32.5,5.28,20.8,0.426,0.369,0.733,0.667,0.77,19.04,6.3,6.3
28,Notre Dame,2023,10,3,6.95,39.2,4.44,15.9,0.448,0.346,0.588,0.417,0.54,21.2,10.13,10.13
29,Oklahoma St.,2023,10,4,5.93,29.6,6.48,28.6,0.388,0.418,0.55,0.24,0.14,16.84,2.94,2.94
30,Miami,2023,7,6,6.4,31.5,5.17,22.8,0.411,0.358,0.524,0.429,-0.31,21.5,8.64,8.64
31,UCLA,2023,8,5,5.93,26.5,4.63,18.4,0.451,0.354,0.469,0.421,0.15,21.77,5.4,5.4
32,Cincinnati,2023,3,9,5.83,24.1,6.67,30.0,0.42,0.399,0.452,0.706,-0.33,20.04,4.5,4.5
33,Georgia Tech,2023,7,6,6.34,31.1,6.29,29.5,0.431,0.435,0.522,0.538,0.31,26.85,9.0,9.0
34,Washington St.,2023,5,7,5.94,31.7,5.67,28.1,0.425,0.411,0.462,0.632,-0.5,26.31,8.12,8.12
35,UTSA,2023,9,4,5.7,31.9,5.18,24.1,0.477,0.386,0.577,0.581,-0.38,20.92,7.43,7.43
36,Ga. Southern,2023,6,7,5.72,30.2,6.06,30.5,0.454,0.386,0.609,0.4,-0.77,19.67,13.0,13.0
37,Troy,2023,11,3,6.23,29.6,4.76,17.1,0.402,0.325,0.467,0.333,0.36,20.84,5.64,5.64
38,Toledo,2023,11,3,6.51,32.3,4.96,20.3,0.444,0.374,0.591,0.462,-0.21,16.0,6.38,6.38
39,Coastal Carolina,2023,8,5,6.18,27.7,5.78,23.8,0.442,0.417,0.375,0.48,0.46,21.58,12.14,12.14
40,Louisville,2023,10,4,6.18,30.7,5.32,21.3,0.374,0.298,0.542,0.44,0.07,23.4,8.89,8.89
41,UNLV,2023,9,5,6.13,34.4,6.25,28.6,0.493,0.365,0.45,0.522,0.57,17.51,11.0,11.0
42,New Mexico St.,2023,10,5,6.74,27.5,6.11,22.8,0.433,0.372,0.579,0.548,-0.13,19.71,8.25,8.25
43,New Mexico,2023,4,8,6.21,27.2,6.74,35.1,0.414,0.371,0.643,0.5,-0.58,18.48,21.18,21.18
44,Oregon St.,2023,8,5,6.45,31.8,5.42,22.9,0.385,0.394,0.567,0.565,0.46,18.0,4.31,4.31
45,Florida,2023,5,7,6.05,28.4,6.44,27.6,0.369,0.356,0.409,0.308,-0.42,15.07,8.36,8.36
46,Ohio St.,2023,11,2,6.38,30.5,4.17,11.2,0.436,0.286,0.556,0.5,-0.15,17.93,12.36,12.36
47,Texas A&M,2023,7,6,6.0,33.3,5.23,22.1,0.434,0.322,0.579,0.412,-0.15,23.0,6.18,6.18
48,San Jose St.,2023,7,6,6.52,31.8,5.43,25.6,0.454,0.448,0.368,0.667,0.85,13.93,8.33,8.33
49,Clemson,2023,9,4,5.25,29.8,4.7,21.1,0.404,0.321,0.519,0.455,0.46,38.14,5.42,5.42
50,Western Ky.,2023,8,5,5.83,30.5,5.81,28.7,0.432,0.398,0.615,0.675,0.23,15.72,7.58,7.58
51,Florida St.,2023,13,1,6.27,34.6,5.02,19.3,0.363,0.288,0.476,0.433,0.57,22.59,6.38,6.38
52,Penn St.,2023,10,3,5.6,36.2,4.16,13.5,0.408,0.302,0.769,0.55,1.23,16.82,4.6,4.6
53,Colorado St.,2023,5,7,5.74,26.1,5.71,29.6,0.411,0.441,0.421,0.562,-0.42,21.33,7.15,7.15
54,Georgia St.,2023,7,6,5.81,27.2,6.29,30.1,0.455,0.445,0.474,0.423,0.15,20.7,11.88,11.88
55,Alabama,2023,12,2,6.21,34.0,5.01,19.0,0.451,0.33,0.714,0.407,0.57,16.28,9.23,9.23
56,Louisiana,2023,6,7,6.1,32.2,5.21,28.6,0.407,0.445,0.55,0.742,0.08,16.62,-0.5,-0.5
57,Virginia Tech,2023,7,6,5.95,29.5,5.15,23.9,0.349,0.347,0.654,0.529,0.08,23.67,6.67,6.67
58,Middle Tenn.,2023,4,8,5.71,24.2,5.49,28.1,0.398,0.448,0.455,0.562,-0.42,16.85,9.0,9.0
59,Illinois,2023,5,7,5.79,24.5,5.28,29.4,0.36,0.44,0.56,0.533,-0.67,19.14,7.21,7.21
60,California,2023,6,7,5.46,30.2,5.71,32.8,0.387,0.415,0.545,0.605,0.0,19.8,13.7,13.7
61,Fresno St.,2023,9,4,5.7,30.5,5.35,23.5,0.476,0.396,0.643,0.586,0.69,20.94,11.88,11.88
62,Maryland,2023,8,5,5.87,29.7,4.86,22.5,0.436,0.339,0.684,0.629,0.23,23.46,7.24,7.24
63,Texas Tech,2023,7,6,5.33,27.4,5.49,26.0,0.395,0.414,0.649,0.44,-0.46,21.09,7.64,7.64
64,Tulsa,2023,4,8,5.37,23.4,6.58,33.8,0.446,0.4,0.438,0.625,-0.25,21.39,7.5,7.5
65,Louisiana Tech,2023,3,9,5.74,25.9,6.1,33.4,0.305,0.409,0.5,0.636,-0.75,11.67,15.23,15.23
66,Michigan,2023,15,0,6.21,35.9,4.28,10.4,0.428,0.291,0.773,0.324,1.27,16.53,6.64,6.64
67,Boston College,2023,7,6,5.46,24.8,6.29,28.3,0.414,0.416,0.763,0.722,-0.15,18.77,6.44,6.44
68,Wisconsin,2023,7,6,5.37,23.5,5.12,20.2,0.442,0.396,0.25,0.318,0.0,19.59,4.69,4.69
69,Purdue,2023,4,8,5.34,23.9,5.72,29.9,0.358,0.412,0.393,0.455,0.0,22.0,6.27,6.27
70,Baylor,2023,3,9,5.3,23.1,6.58,33.3,0.362,0.441,0.458,0.5,0.08,18.89,13.15,13.15
71,Arkansas St.,2023,6,7,5.86,27.1,6.16,30.4,0.355,0.409,0.35,0.76,0.23,18.97,10.47,10.47
72,Temple,2023,3,9,5.33,21.1,6.3,35.7,0.382,0.47,0.511,0.611,-1.67,18.3,15.12,15.12
73,Tulane,2023,11,3,5.79,26.4,5.2,20.5,0.378,0.366,0.594,0.459,0.5,19.0,7.0,7.0
74,NIU,2023,7,6,5.76,24.9,5.12,21.0,0.416,0.408,0.5,0.583,-0.23,17.0,3.62,3.62
75,Virginia,2023,3,9,5.21,23.2,6.05,33.8,0.361,0.404,0.6,0.579,-0.5,22.77,11.79,11.79
76,Air Force,2023,9,4,5.77,27.8,4.89,18.2,0.462,0.354,0.654,0.545,-0.23,16.79,2.38,2.38
77,Western Mich.,2023,4,8,5.02,23.7,6.11,31.8,0.358,0.456,0.487,0.2,0.33,18.25,10.85,10.85
78,Iowa St.,2023,7,6,6.22,26.2,5.22,22.8,0.391,0.361,0.625,0.583,0.62,19.0,6.48,6.48
79,Colorado,2023,4,8,5.24,28.2,6.27,34.8,0.391,0.467,0.667,0.625,0.75,23.88,7.56,7.56
80,South Carolina,2023,5,7,5.58,26.0,5.5,26.3,0.338,0.429,0.375,0.609,0.33,18.91,3.73,3.73
81,Rice,2023,6,7,5.77,29.5,5.5,28.1,0.385,0.371,0.667,0.407,-1.08,16.39,10.38,10.38
82,UTEP,2023,3,9,5.59,19.9,6.07,28.5,0.327,0.43,0.467,0.5,-0.5,16.52,12.87,12.87
83,Houston,2023,4,8,5.63,23.7,5.98,31.5,0.365,0.484,0.259,0.636,-0.08,22.75,5.0,5.0
84,Marshall,2023,6,7,5.31,22.8,5.5,28.7,0.313,0.324,0.24,0.429,-0.85,17.63,11.7,11.7
85,Massachusetts,2023,3,9,5.79,23.2,6.8,37.8,0.367,0.454,0.231,0.467,-0.08,25.21,19.5,19.5
86,Southern Miss.,2023,3,9,5.0,23.2,6.74,35.8,0.38,0.379,0.423,0.5,0.17,24.51,8.54,8.54
87,Hawaii,2023,5,8,5.32,21.4,6.17,32.2,0.372,0.452,0.5,0.45,-0.77,22.92,8.69,8.69
88,Stanford,2023,3,9,5.03,20.6,6.57,37.2,0.361,0.513,0.333,0.619,-0.33,18.8,9.38,9.38
89,Auburn,2023,6,7,5.5,26.2,5.65,22.6,0.329,0.317,0.5,0.556,-0.15,22.41,5.29,5.29
90,NC State,2023,9,4,5.32,26.1,5.4,20.8,0.401,0.278,0.6,0.571,0.69,24.41,7.56,7.56
91,Utah,2023,8,5,5.09,23.2,5.21,19.3,0.413,0.295,0.414,0.417,0.15,22.81,8.94,8.94
92,Old Dominion,2023,6,7,5.42,23.8,5.22,27.2,0.371,0.377,0.269,0.519,0.23,22.4,11.74,11.74
93,Duke,2023,8,5,5.62,26.9,5.15,19.0,0.368,0.383,0.6,0.393,0.0,20.11,3.0,3.0
94,Ohio,2023,10,3,5.21,24.3,4.82,15.8,0.457,0.304,0.5,0.484,0.77,17.74,15.36,15.36
95,Central Mich.,2023,5,7,5.29,23.2,6.34,31.1,0.343,0.368,0.696,0.5,-0.67,20.22,8.11,8.11
96,Syracuse,2023,6,7,5.28,23.5,5.35,25.4,0.392,0.406,0.5,0.467,-0.15,18.75,14.2,14.2
97,Kentucky,2023,7,6,6.18,29.1,5.22,25.8,0.38,0.432,0.2,0.611,-0.15,24.43,6.5,6.5
98,Indiana,2023,3,9,4.99,22.2,5.82,29.9,0.375,0.361,0.37,0.526,-0.42,22.16,7.1,7.1
99,Fla. Atlantic,2023,4,8,5.08,23.8,5.36,25.5,0.339,0.365,0.382,0.5,0.08,21.58,12.19,12.19
100,Mississippi St.,2023,5,7,5.26,21.8,5.33,26.6,0.308,0.341,0.417,0.571,-0.17,22.0,7.0,7.0
101,Wake Forest,2023,4,8,4.98,20.2,5.84,27.0,0.342,0.402,0.421,0.632,-0.5,21.19,4.44,4.44
102,Wyoming,2023,9,4,5.51,25.3,5.25,22.3,0.368,0.445,0.667,0.565,0.85,22.18,8.5,8.5
103,UConn,2023,3,9,5.06,19.1,6.11,29.8,0.355,0.429,0.381,0.5,-0.33,21.32,10.22,10.22
104,Arkansas,2023,4,8,4.93,26.6,5.68,27.9,0.383,0.373,0.625,0.5,-0.08,23.22,19.17,19.17
105,San Diego St.,2023,4,8,5.06,20.5,6.15,26.8,0.353,0.414,0.565,0.529,0.08,21.85,3.85,3.85
106,Bowling Green,2023,7,6,5.38,26.2,5.24,24.0,0.333,0.383,0.6,0.484,0.69,19.26,8.14,8.14
107,Miami,2023,11,3,5.69,25.6,4.96,15.9,0.361,0.297,0.308,0.438,0.0,18.65,1.3,1.3
108,Arizona St.,2023,3,9,4.75,17.8,5.95,31.8,0.318,0.41,0.474,0.571,-0.92,16.4,11.38,11.38
109,ULM,2023,2,10,5.07,17.3,6.03,34.9,0.324,0.509,0.346,0.571,0.08,18.76,5.89,5.89
110,FIU,2023,4,8,5.03,20.1,5.98,31.8,0.284,0.405,0.485,0.55,-0.75,21.3,1.86,1.86
111,Vanderbilt,2023,2,10,5.18,22.8,6.55,36.2,0.331,0.47,0.296,0.714,-0.25,21.76,10.0,10.0
112,Buffalo,2023,3,9,4.61,20.9,5.8,27.4,0.344,0.335,0.366,0.611,0.08,21.41,6.47,6.47
113,Pittsburgh,2023,3,9,5.33,20.2,5.36,27.3,0.318,0.369,0.5,0.48,-0.42,17.56,11.71,11.71
114,Charlotte,2023,3,9,4.74,17.5,5.84,28.6,0.237,0.394,0.543,0.562,-0.42,20.94,8.82,8.82
115,Nebraska,2023,5,7,5.08,18.0,4.62,18.2,0.379,0.367,0.5,0.391,-1.42,18.19,7.58,7.58
116,Army West Point,2023,6,6,5.05,20.5,5.88,21.1,0.378,0.401,0.588,0.44,-0.25,17.6,6.18,6.18
117,BYU,2023,5,7,4.92,23.1,5.92,29.8,0.285,0.451,0.5,0.364,0.08,19.24,13.72,13.72
118,Ball St.,2023,4,8,4.76,18.2,5.18,24.4,0.377,0.347,0.556,0.6,-0.42,24.69,13.15,13.15
119,Rutgers,2023,7,6,4.91,23.2,4.99,21.2,0.369,0.391,0.64,0.517,0.38,15.86,6.25,6.25
120,Northwestern,2023,8,5,4.66,22.1,5.14,22.5,0.408,0.397,0.214,0.5,1.0,16.92,1.57,1.57
121,Minnesota,2023,6,7,4.79,20.9,5.95,26.7,0.352,0.46,0.824,0.8,0.15,22.5,5.0,5.0
122,Navy,2023,5,7,4.82,17.7,5.53,22.4,0.289,0.325,0.615,0.6,0.92,16.92,4.59,4.59
123,Nevada,2023,2,10,4.57,17.3,6.89,33.4,0.304,0.415,0.435,0.611,-0.33,18.15,5.84,5.84
124,Michigan St.,2023,4,8,4.64,15.9,5.79,28.3,0.309,0.351,0.5,0.714,-0.5,22.5,10.83,10.83
125,Akron,2023,2,10,4.34,16.2,5.18,28.0,0.335,0.367,0.348,0.522,-0.75,17.23,1.79,1.79
126,East Carolina,2023,2,10,4.3,17.3,5.24,22.4,0.309,0.4,0.346,0.333,-0.42,18.18,7.31,7.31
127,Kent St.,2023,1,11,4.35,14.7,6.05,34.6,0.298,0.475,0.462,0.533,-0.25,20.92,9.86,9.86
128,Eastern Mich.,2023,6,7,4.35,19.5,5.8,26.7,0.352,0.398,0.526,0.353,0.08,17.68,8.17,8.17
129,Iowa,2023,10,4,3.94,15.4,4.08,14.8,0.294,0.313,0.5,0.583,-0.5,15.57,7.72,7.72
130,James Madison,2023,11,2,6.23,34.1,4.96,19.5,0.368,0.363,0.5,0.412,0.46,23.12,5.25,5.25
131,Jacksonville St.,2023,9,4,5.32,30.2,4.82,21.2,0.38,0.327,0.519,0.414,0.38,20.88,4.18,4.18
132,Sam Houston,2023,3,9,4.58,20.0,5.88,26.2,0.357,0.371,0.591,0.556,0.33,22.56,5.72,5.72